runtime,variant,modality,nomutex,topology,workload,batched,ops_total,workers,rounds,median_ms,q1_ms,q3_ms,ops_per_second,speedup_vs_one_worker,noisy_q3_over_q1_above_2,median_loadavg1,sources
bun,cipher,cipher_per_worker,False,own_connection,fts,False,3200,1,7,222.67,219.71,224.57,14371,1.000,False,nan,bun-cipher-single-tcache.jsonl
bun,cipher,cipher_per_worker,False,own_connection,fts,False,3200,16,7,75.53,70.68,79.14,42368,2.948,False,nan,bun-cipher-single-tcache.jsonl
bun,cipher,cipher_per_worker,False,own_connection,fts,False,3200,2,7,120.66,117.90,123.56,26520,1.845,False,nan,bun-cipher-single-tcache.jsonl
bun,cipher,cipher_per_worker,False,own_connection,fts,False,3200,32,7,83.57,81.60,84.83,38292,2.664,False,nan,bun-cipher-single-tcache.jsonl
bun,cipher,cipher_per_worker,False,own_connection,fts,False,3200,4,7,64.95,59.54,67.40,49271,3.428,False,nan,bun-cipher-single-tcache.jsonl
bun,cipher,cipher_per_worker,False,own_connection,fts,False,3200,8,7,50.03,46.95,53.62,63963,4.451,False,nan,bun-cipher-single-tcache.jsonl
bun,cipher,cipher_per_worker,False,own_connection,fts,True,3200,1,7,142.29,140.68,150.19,22489,1.000,False,nan,bun-cipher-single-tcache.jsonl
bun,cipher,cipher_per_worker,False,own_connection,fts,True,3200,16,7,71.61,69.03,72.61,44689,1.987,False,nan,bun-cipher-single-tcache.jsonl
bun,cipher,cipher_per_worker,False,own_connection,fts,True,3200,2,7,78.31,75.08,81.28,40864,1.817,False,nan,bun-cipher-single-tcache.jsonl
bun,cipher,cipher_per_worker,False,own_connection,fts,True,3200,32,7,81.69,77.68,84.96,39172,1.742,False,nan,bun-cipher-single-tcache.jsonl
bun,cipher,cipher_per_worker,False,own_connection,fts,True,3200,4,7,45.92,41.04,49.28,69693,3.099,False,nan,bun-cipher-single-tcache.jsonl
bun,cipher,cipher_per_worker,False,own_connection,fts,True,3200,8,7,48.28,41.51,60.49,66276,2.947,False,nan,bun-cipher-single-tcache.jsonl
bun,cipher,cipher_per_worker,False,own_connection,insert,False,9600,1,7,1438.30,1436.18,1462.12,6675,1.000,False,nan,bun-cipher-single-tcache.jsonl
bun,cipher,cipher_per_worker,False,own_connection,insert,False,9600,16,7,238.04,235.50,238.73,40329,6.042,False,nan,bun-cipher-single-tcache.jsonl
bun,cipher,cipher_per_worker,False,own_connection,insert,False,9600,2,7,741.74,734.63,762.90,12943,1.939,False,nan,bun-cipher-single-tcache.jsonl
bun,cipher,cipher_per_worker,False,own_connection,insert,False,9600,32,7,287.61,268.74,293.64,33378,5.001,False,nan,bun-cipher-single-tcache.jsonl
bun,cipher,cipher_per_worker,False,own_connection,insert,False,9600,4,7,389.18,382.98,401.61,24667,3.696,False,nan,bun-cipher-single-tcache.jsonl
bun,cipher,cipher_per_worker,False,own_connection,insert,False,9600,8,7,240.17,239.13,244.86,39971,5.989,False,nan,bun-cipher-single-tcache.jsonl
bun,cipher,cipher_per_worker,False,own_connection,mix,False,160000,1,7,5605.46,5571.86,5622.48,28544,1.000,False,nan,bun-cipher-single-tcache.jsonl
bun,cipher,cipher_per_worker,False,own_connection,mix,False,160000,16,7,529.88,513.14,532.77,301955,10.579,False,nan,bun-cipher-single-tcache.jsonl
bun,cipher,cipher_per_worker,False,own_connection,mix,False,160000,2,7,2849.37,2831.25,2906.11,56153,1.967,False,nan,bun-cipher-single-tcache.jsonl
bun,cipher,cipher_per_worker,False,own_connection,mix,False,160000,32,7,509.40,500.67,517.22,314097,11.004,False,nan,bun-cipher-single-tcache.jsonl
bun,cipher,cipher_per_worker,False,own_connection,mix,False,160000,4,7,1475.54,1461.43,1487.25,108435,3.799,False,nan,bun-cipher-single-tcache.jsonl
bun,cipher,cipher_per_worker,False,own_connection,mix,False,160000,8,7,789.83,783.40,805.68,202575,7.097,False,nan,bun-cipher-single-tcache.jsonl
bun,cipher,cipher_per_worker,False,own_connection,point,False,256000,1,7,6334.75,6234.76,6359.79,40412,1.000,False,nan,bun-cipher-single-tcache.jsonl
bun,cipher,cipher_per_worker,False,own_connection,point,False,256000,16,7,451.15,436.76,458.08,567438,14.041,False,nan,bun-cipher-single-tcache.jsonl
bun,cipher,cipher_per_worker,False,own_connection,point,False,256000,2,7,3157.44,3155.06,3216.98,81078,2.006,False,nan,bun-cipher-single-tcache.jsonl
bun,cipher,cipher_per_worker,False,own_connection,point,False,256000,32,7,340.93,336.31,345.89,750892,18.581,False,nan,bun-cipher-single-tcache.jsonl
bun,cipher,cipher_per_worker,False,own_connection,point,False,256000,4,7,1664.78,1657.70,1675.36,153774,3.805,False,nan,bun-cipher-single-tcache.jsonl
bun,cipher,cipher_per_worker,False,own_connection,point,False,256000,8,7,857.46,843.35,872.72,298555,7.388,False,nan,bun-cipher-single-tcache.jsonl
bun,cipher,cipher_per_worker,False,own_connection,point,True,256000,1,7,117.98,117.03,121.33,2169882,1.000,False,nan,bun-cipher-single-tcache.jsonl
bun,cipher,cipher_per_worker,False,own_connection,point,True,256000,16,7,10.69,10.32,11.80,23941731,11.034,False,nan,bun-cipher-single-tcache.jsonl
bun,cipher,cipher_per_worker,False,own_connection,point,True,256000,2,7,60.92,59.76,64.97,4202170,1.937,False,nan,bun-cipher-single-tcache.jsonl
bun,cipher,cipher_per_worker,False,own_connection,point,True,256000,32,7,7.12,6.97,7.51,35929825,16.558,False,nan,bun-cipher-single-tcache.jsonl
bun,cipher,cipher_per_worker,False,own_connection,point,True,256000,4,7,34.72,33.97,37.31,7372397,3.398,False,nan,bun-cipher-single-tcache.jsonl
bun,cipher,cipher_per_worker,False,own_connection,point,True,256000,8,7,22.61,19.55,22.78,11321025,5.217,False,nan,bun-cipher-single-tcache.jsonl
bun,cipher,cipher_per_worker,False,own_connection,range,False,4800,1,7,359.45,356.33,362.40,13354,1.000,False,nan,bun-cipher-single-tcache.jsonl
bun,cipher,cipher_per_worker,False,own_connection,range,False,4800,16,7,37.93,36.81,38.36,126561,9.477,False,nan,bun-cipher-single-tcache.jsonl
bun,cipher,cipher_per_worker,False,own_connection,range,False,4800,2,7,185.05,180.51,188.52,25939,1.942,False,nan,bun-cipher-single-tcache.jsonl
bun,cipher,cipher_per_worker,False,own_connection,range,False,4800,32,7,19.20,18.72,19.67,250042,18.724,False,nan,bun-cipher-single-tcache.jsonl
bun,cipher,cipher_per_worker,False,own_connection,range,False,4800,4,7,96.40,95.03,102.88,49795,3.729,False,nan,bun-cipher-single-tcache.jsonl
bun,cipher,cipher_per_worker,False,own_connection,range,False,4800,8,7,54.93,52.74,60.61,87391,6.544,False,nan,bun-cipher-single-tcache.jsonl
bun,cipher,cipher_per_worker,False,own_connection,range,True,4800,1,7,245.27,242.58,250.13,19570,1.000,False,nan,bun-cipher-single-tcache.jsonl
bun,cipher,cipher_per_worker,False,own_connection,range,True,4800,16,7,19.83,18.61,25.00,242080,12.370,False,nan,bun-cipher-single-tcache.jsonl
bun,cipher,cipher_per_worker,False,own_connection,range,True,4800,2,7,130.84,128.27,133.79,36687,1.875,False,nan,bun-cipher-single-tcache.jsonl
bun,cipher,cipher_per_worker,False,own_connection,range,True,4800,32,7,13.19,12.71,13.68,363907,18.595,False,nan,bun-cipher-single-tcache.jsonl
bun,cipher,cipher_per_worker,False,own_connection,range,True,4800,4,7,70.45,68.39,73.95,68132,3.481,False,nan,bun-cipher-single-tcache.jsonl
bun,cipher,cipher_per_worker,False,own_connection,range,True,4800,8,7,35.38,35.07,38.84,135686,6.933,False,nan,bun-cipher-single-tcache.jsonl
bun,cipher,cipher_per_worker,False,own_connection,scan,False,32,1,7,1122.68,1113.62,1143.33,29,1.000,False,nan,bun-cipher-single-tcache.jsonl
bun,cipher,cipher_per_worker,False,own_connection,scan,False,32,16,7,3189.20,3161.66,3242.60,10,0.352,False,nan,bun-cipher-single-tcache.jsonl
bun,cipher,cipher_per_worker,False,own_connection,scan,False,32,2,7,1353.90,1294.03,1366.59,24,0.829,False,nan,bun-cipher-single-tcache.jsonl
bun,cipher,cipher_per_worker,False,own_connection,scan,False,32,32,7,3405.29,3400.87,3420.21,9,0.330,False,nan,bun-cipher-single-tcache.jsonl
bun,cipher,cipher_per_worker,False,own_connection,scan,False,32,4,7,2019.18,1960.51,2087.40,16,0.556,False,nan,bun-cipher-single-tcache.jsonl
bun,cipher,cipher_per_worker,False,own_connection,scan,False,32,8,7,2716.81,2706.23,2799.90,12,0.413,False,nan,bun-cipher-single-tcache.jsonl
bun,cipher,cipher_per_worker,False,own_connection,sort,False,3200,1,7,668.62,658.53,671.05,4786,1.000,False,nan,bun-cipher-single-tcache.jsonl
bun,cipher,cipher_per_worker,False,own_connection,sort,False,3200,16,7,55.03,53.05,56.34,58146,12.149,False,nan,bun-cipher-single-tcache.jsonl
bun,cipher,cipher_per_worker,False,own_connection,sort,False,3200,2,7,336.85,328.19,340.79,9500,1.985,False,nan,bun-cipher-single-tcache.jsonl
bun,cipher,cipher_per_worker,False,own_connection,sort,False,3200,32,7,55.32,54.45,55.96,57846,12.087,False,nan,bun-cipher-single-tcache.jsonl
bun,cipher,cipher_per_worker,False,own_connection,sort,False,3200,4,7,172.26,169.38,180.76,18577,3.882,False,nan,bun-cipher-single-tcache.jsonl
bun,cipher,cipher_per_worker,False,own_connection,sort,False,3200,8,7,99.84,96.97,103.45,32052,6.697,False,nan,bun-cipher-single-tcache.jsonl
bun,cipher,cipher_per_worker,False,own_connection,sort,True,3200,1,7,581.53,581.16,587.74,5503,1.000,False,nan,bun-cipher-single-tcache.jsonl
bun,cipher,cipher_per_worker,False,own_connection,sort,True,3200,16,7,52.49,50.14,58.58,60963,11.079,False,nan,bun-cipher-single-tcache.jsonl
bun,cipher,cipher_per_worker,False,own_connection,sort,True,3200,2,7,295.53,292.46,307.85,10828,1.968,False,nan,bun-cipher-single-tcache.jsonl
bun,cipher,cipher_per_worker,False,own_connection,sort,True,3200,32,7,50.86,49.19,51.48,62914,11.433,False,nan,bun-cipher-single-tcache.jsonl
bun,cipher,cipher_per_worker,False,own_connection,sort,True,3200,4,7,163.87,162.23,169.41,19527,3.549,False,nan,bun-cipher-single-tcache.jsonl
bun,cipher,cipher_per_worker,False,own_connection,sort,True,3200,8,7,87.35,85.92,90.04,36634,6.658,False,nan,bun-cipher-single-tcache.jsonl
bun,cipher,cipher_shared,False,own_connection,fts,False,3200,1,7,217.82,214.97,222.19,14691,1.000,False,nan,bun-cipher-single-tcache.jsonl
bun,cipher,cipher_shared,False,own_connection,fts,False,3200,16,7,80.20,78.06,81.09,39901,2.716,False,nan,bun-cipher-single-tcache.jsonl
bun,cipher,cipher_shared,False,own_connection,fts,False,3200,2,7,112.98,112.04,117.36,28323,1.928,False,nan,bun-cipher-single-tcache.jsonl
bun,cipher,cipher_shared,False,own_connection,fts,False,3200,32,7,87.82,86.92,89.83,36439,2.480,False,nan,bun-cipher-single-tcache.jsonl
bun,cipher,cipher_shared,False,own_connection,fts,False,3200,4,7,67.92,62.59,70.42,47115,3.207,False,nan,bun-cipher-single-tcache.jsonl
bun,cipher,cipher_shared,False,own_connection,fts,False,3200,8,7,63.03,44.40,67.67,50773,3.456,False,nan,bun-cipher-single-tcache.jsonl
bun,cipher,cipher_shared,False,own_connection,fts,True,3200,1,7,140.88,139.09,145.83,22714,1.000,False,nan,bun-cipher-single-tcache.jsonl
bun,cipher,cipher_shared,False,own_connection,fts,True,3200,16,7,78.59,76.07,82.77,40715,1.792,False,nan,bun-cipher-single-tcache.jsonl
bun,cipher,cipher_shared,False,own_connection,fts,True,3200,2,7,76.25,74.79,83.75,41966,1.848,False,nan,bun-cipher-single-tcache.jsonl
bun,cipher,cipher_shared,False,own_connection,fts,True,3200,32,7,84.18,83.30,86.63,38014,1.674,False,nan,bun-cipher-single-tcache.jsonl
bun,cipher,cipher_shared,False,own_connection,fts,True,3200,4,7,45.83,44.11,49.41,69824,3.074,False,nan,bun-cipher-single-tcache.jsonl
bun,cipher,cipher_shared,False,own_connection,fts,True,3200,8,7,56.71,46.10,57.69,56426,2.484,False,nan,bun-cipher-single-tcache.jsonl
bun,cipher,cipher_shared,False,own_connection,insert,False,9600,1,7,1429.75,1419.00,1455.15,6714,1.000,False,nan,bun-cipher-single-tcache.jsonl
bun,cipher,cipher_shared,False,own_connection,insert,False,9600,16,7,1928.74,1740.53,2143.21,4977,0.741,False,nan,bun-cipher-single-tcache.jsonl
bun,cipher,cipher_shared,False,own_connection,insert,False,9600,2,7,1455.01,1450.60,1557.64,6598,0.983,False,nan,bun-cipher-single-tcache.jsonl
bun,cipher,cipher_shared,False,own_connection,insert,False,9600,32,7,3188.27,3090.01,3190.45,3011,0.448,False,nan,bun-cipher-single-tcache.jsonl
bun,cipher,cipher_shared,False,own_connection,insert,False,9600,4,7,1593.73,1591.04,1598.36,6024,0.897,False,nan,bun-cipher-single-tcache.jsonl
bun,cipher,cipher_shared,False,own_connection,insert,False,9600,8,7,1617.55,1615.29,1714.06,5935,0.884,False,nan,bun-cipher-single-tcache.jsonl
bun,cipher,cipher_shared,False,own_connection,mix,False,160000,1,7,5461.55,5436.65,5526.76,29296,1.000,False,nan,bun-cipher-single-tcache.jsonl
bun,cipher,cipher_shared,False,own_connection,mix,False,160000,16,7,57436.42,52367.97,59396.46,2786,0.095,False,nan,bun-cipher-single-tcache.jsonl
bun,cipher,cipher_shared,False,own_connection,mix,False,160000,2,7,13519.36,13027.17,13899.61,11835,0.404,False,nan,bun-cipher-single-tcache.jsonl
bun,cipher,cipher_shared,False,own_connection,mix,False,160000,32,7,90351.90,83702.00,92286.27,1771,0.060,False,nan,bun-cipher-single-tcache.jsonl
bun,cipher,cipher_shared,False,own_connection,mix,False,160000,4,7,23220.64,22561.03,23570.39,6890,0.235,False,nan,bun-cipher-single-tcache.jsonl
bun,cipher,cipher_shared,False,own_connection,mix,False,160000,8,7,36396.17,34734.38,37440.27,4396,0.150,False,nan,bun-cipher-single-tcache.jsonl
bun,cipher,cipher_shared,False,own_connection,point,False,256000,1,7,6535.85,6507.84,6549.70,39169,1.000,False,nan,bun-cipher-single-tcache.jsonl
bun,cipher,cipher_shared,False,own_connection,point,False,256000,16,7,552.47,541.85,562.52,463373,11.830,False,nan,bun-cipher-single-tcache.jsonl
bun,cipher,cipher_shared,False,own_connection,point,False,256000,2,7,3278.41,3258.50,3325.89,78087,1.994,False,nan,bun-cipher-single-tcache.jsonl
bun,cipher,cipher_shared,False,own_connection,point,False,256000,32,7,758.74,741.12,771.39,337403,8.614,False,nan,bun-cipher-single-tcache.jsonl
bun,cipher,cipher_shared,False,own_connection,point,False,256000,4,7,1722.24,1701.48,1738.04,148644,3.795,False,nan,bun-cipher-single-tcache.jsonl
bun,cipher,cipher_shared,False,own_connection,point,False,256000,8,7,902.55,891.18,905.09,283640,7.242,False,nan,bun-cipher-single-tcache.jsonl
bun,cipher,cipher_shared,False,own_connection,point,True,256000,1,7,121.79,120.30,122.80,2102020,1.000,False,nan,bun-cipher-single-tcache.jsonl
bun,cipher,cipher_shared,False,own_connection,point,True,256000,16,7,14.48,13.86,14.90,17682861,8.412,False,nan,bun-cipher-single-tcache.jsonl
bun,cipher,cipher_shared,False,own_connection,point,True,256000,2,7,67.11,64.63,68.52,3814668,1.815,False,nan,bun-cipher-single-tcache.jsonl
bun,cipher,cipher_shared,False,own_connection,point,True,256000,32,7,11.23,9.93,11.64,22789681,10.842,False,nan,bun-cipher-single-tcache.jsonl
bun,cipher,cipher_shared,False,own_connection,point,True,256000,4,7,32.07,31.02,34.25,7983433,3.798,False,nan,bun-cipher-single-tcache.jsonl
bun,cipher,cipher_shared,False,own_connection,point,True,256000,8,7,22.46,21.19,22.91,11396079,5.421,False,nan,bun-cipher-single-tcache.jsonl
bun,cipher,cipher_shared,False,own_connection,range,False,4800,1,7,364.78,363.27,370.61,13159,1.000,False,nan,bun-cipher-single-tcache.jsonl
bun,cipher,cipher_shared,False,own_connection,range,False,4800,16,7,37.77,37.09,38.13,127071,9.657,False,nan,bun-cipher-single-tcache.jsonl
bun,cipher,cipher_shared,False,own_connection,range,False,4800,2,7,191.08,188.09,192.51,25121,1.909,False,nan,bun-cipher-single-tcache.jsonl
bun,cipher,cipher_shared,False,own_connection,range,False,4800,32,7,19.67,19.51,20.76,244064,18.548,False,nan,bun-cipher-single-tcache.jsonl
bun,cipher,cipher_shared,False,own_connection,range,False,4800,4,7,99.63,96.67,104.09,48179,3.661,False,nan,bun-cipher-single-tcache.jsonl
bun,cipher,cipher_shared,False,own_connection,range,False,4800,8,7,53.35,52.44,56.22,89977,6.838,False,nan,bun-cipher-single-tcache.jsonl
bun,cipher,cipher_shared,False,own_connection,range,True,4800,1,7,247.29,244.14,248.70,19410,1.000,False,nan,bun-cipher-single-tcache.jsonl
bun,cipher,cipher_shared,False,own_connection,range,True,4800,16,7,24.42,22.56,25.95,196588,10.128,False,nan,bun-cipher-single-tcache.jsonl
bun,cipher,cipher_shared,False,own_connection,range,True,4800,2,7,127.01,126.06,127.54,37791,1.947,False,nan,bun-cipher-single-tcache.jsonl
bun,cipher,cipher_shared,False,own_connection,range,True,4800,32,7,13.38,13.12,14.39,358865,18.488,False,nan,bun-cipher-single-tcache.jsonl
bun,cipher,cipher_shared,False,own_connection,range,True,4800,4,7,69.44,68.43,70.99,69127,3.561,False,nan,bun-cipher-single-tcache.jsonl
bun,cipher,cipher_shared,False,own_connection,range,True,4800,8,7,42.21,39.94,44.82,113711,5.858,False,nan,bun-cipher-single-tcache.jsonl
bun,cipher,cipher_shared,False,own_connection,scan,False,32,1,7,1046.24,1034.23,1112.66,31,1.000,False,nan,bun-cipher-single-tcache.jsonl
bun,cipher,cipher_shared,False,own_connection,scan,False,32,16,7,3203.31,3166.93,3205.15,10,0.327,False,nan,bun-cipher-single-tcache.jsonl
bun,cipher,cipher_shared,False,own_connection,scan,False,32,2,7,1229.53,1213.50,1243.52,26,0.851,False,nan,bun-cipher-single-tcache.jsonl
bun,cipher,cipher_shared,False,own_connection,scan,False,32,32,7,3266.38,3166.81,3305.86,10,0.320,False,nan,bun-cipher-single-tcache.jsonl
bun,cipher,cipher_shared,False,own_connection,scan,False,32,4,7,2037.31,2031.74,2073.45,16,0.514,False,nan,bun-cipher-single-tcache.jsonl
bun,cipher,cipher_shared,False,own_connection,scan,False,32,8,7,2719.75,2618.89,2745.73,12,0.385,False,nan,bun-cipher-single-tcache.jsonl
bun,cipher,cipher_shared,False,own_connection,sort,False,3200,1,7,684.46,658.32,694.44,4675,1.000,False,nan,bun-cipher-single-tcache.jsonl
bun,cipher,cipher_shared,False,own_connection,sort,False,3200,16,7,68.28,67.96,69.28,46865,10.024,False,nan,bun-cipher-single-tcache.jsonl
bun,cipher,cipher_shared,False,own_connection,sort,False,3200,2,7,338.07,335.00,339.83,9465,2.025,False,nan,bun-cipher-single-tcache.jsonl
bun,cipher,cipher_shared,False,own_connection,sort,False,3200,32,7,52.12,51.73,52.38,61400,13.133,False,nan,bun-cipher-single-tcache.jsonl
bun,cipher,cipher_shared,False,own_connection,sort,False,3200,4,7,176.89,173.16,177.81,18090,3.869,False,nan,bun-cipher-single-tcache.jsonl
bun,cipher,cipher_shared,False,own_connection,sort,False,3200,8,7,103.67,95.65,105.53,30866,6.602,False,nan,bun-cipher-single-tcache.jsonl
bun,cipher,cipher_shared,False,own_connection,sort,True,3200,1,7,583.46,578.65,590.72,5485,1.000,False,nan,bun-cipher-single-tcache.jsonl
bun,cipher,cipher_shared,False,own_connection,sort,True,3200,16,7,53.97,51.32,57.01,59291,10.811,False,nan,bun-cipher-single-tcache.jsonl
bun,cipher,cipher_shared,False,own_connection,sort,True,3200,2,7,302.66,297.05,315.62,10573,1.928,False,nan,bun-cipher-single-tcache.jsonl
bun,cipher,cipher_shared,False,own_connection,sort,True,3200,32,7,47.64,47.10,48.02,67165,12.246,False,nan,bun-cipher-single-tcache.jsonl
bun,cipher,cipher_shared,False,own_connection,sort,True,3200,4,7,159.32,154.62,165.88,20086,3.662,False,nan,bun-cipher-single-tcache.jsonl
bun,cipher,cipher_shared,False,own_connection,sort,True,3200,8,7,90.30,86.00,97.71,35438,6.461,False,nan,bun-cipher-single-tcache.jsonl
bun,single,memory_per_worker,False,own_connection,fts,False,3200,1,7,137.89,136.96,140.00,23207,1.000,False,nan,bun-cipher-single-tcache.jsonl
bun,single,memory_per_worker,False,own_connection,fts,True,3200,1,7,138.61,136.55,138.90,23086,1.000,False,nan,bun-cipher-single-tcache.jsonl
bun,single,memory_per_worker,False,own_connection,insert,False,9600,1,7,152.19,147.73,161.83,63077,1.000,False,nan,bun-cipher-single-tcache.jsonl
bun,single,memory_per_worker,False,own_connection,mix,False,160000,1,7,95.82,95.69,96.34,1669869,1.000,False,nan,bun-cipher-single-tcache.jsonl
bun,single,memory_per_worker,False,own_connection,point,False,256000,1,7,123.43,123.29,123.77,2074113,1.000,False,nan,bun-cipher-single-tcache.jsonl
bun,single,memory_per_worker,False,own_connection,point,True,256000,1,7,100.31,99.71,102.44,2551969,1.000,False,nan,bun-cipher-single-tcache.jsonl
bun,single,memory_per_worker,False,own_connection,range,False,4800,1,7,240.37,238.62,241.99,19969,1.000,False,nan,bun-cipher-single-tcache.jsonl
bun,single,memory_per_worker,False,own_connection,range,True,4800,1,7,238.85,238.00,239.68,20096,1.000,False,nan,bun-cipher-single-tcache.jsonl
bun,single,memory_per_worker,False,own_connection,scan,False,32,1,7,900.48,898.82,907.29,36,1.000,False,nan,bun-cipher-single-tcache.jsonl
bun,single,memory_per_worker,False,own_connection,sort,False,3200,1,7,542.16,537.08,565.41,5902,1.000,False,nan,bun-cipher-single-tcache.jsonl
bun,single,memory_per_worker,False,own_connection,sort,True,3200,1,7,538.21,532.49,541.89,5946,1.000,False,nan,bun-cipher-single-tcache.jsonl
bun,single,memvfs_per_worker,False,own_connection,fts,False,3200,1,7,139.84,139.18,141.14,22883,1.000,False,nan,bun-cipher-single-tcache.jsonl
bun,single,memvfs_per_worker,False,own_connection,fts,True,3200,1,7,137.69,137.11,139.28,23241,1.000,False,nan,bun-cipher-single-tcache.jsonl
bun,single,memvfs_per_worker,False,own_connection,insert,False,9600,1,7,180.63,179.37,183.58,53148,1.000,False,nan,bun-cipher-single-tcache.jsonl
bun,single,memvfs_per_worker,False,own_connection,mix,False,160000,1,7,163.45,163.25,164.93,978921,1.000,False,nan,bun-cipher-single-tcache.jsonl
bun,single,memvfs_per_worker,False,own_connection,point,False,256000,1,7,170.61,169.16,171.37,1500480,1.000,False,nan,bun-cipher-single-tcache.jsonl
bun,single,memvfs_per_worker,False,own_connection,point,True,256000,1,7,105.00,104.82,106.20,2438061,1.000,False,nan,bun-cipher-single-tcache.jsonl
bun,single,memvfs_per_worker,False,own_connection,range,False,4800,1,7,247.81,242.82,250.67,19369,1.000,False,nan,bun-cipher-single-tcache.jsonl
bun,single,memvfs_per_worker,False,own_connection,range,True,4800,1,7,240.77,238.10,246.15,19936,1.000,False,nan,bun-cipher-single-tcache.jsonl
bun,single,memvfs_per_worker,False,own_connection,scan,False,32,1,7,905.11,901.84,912.70,35,1.000,False,nan,bun-cipher-single-tcache.jsonl
bun,single,memvfs_per_worker,False,own_connection,sort,False,3200,1,7,555.54,551.22,572.19,5760,1.000,False,nan,bun-cipher-single-tcache.jsonl
bun,single,memvfs_per_worker,False,own_connection,sort,True,3200,1,7,542.27,533.75,546.84,5901,1.000,False,nan,bun-cipher-single-tcache.jsonl
bun,single,memvfs_shared,False,own_connection,fts,False,3200,1,7,139.13,138.51,140.95,23000,1.000,False,nan,bun-cipher-single-tcache.jsonl
bun,single,memvfs_shared,False,own_connection,fts,True,3200,1,7,137.90,137.20,143.79,23206,1.000,False,nan,bun-cipher-single-tcache.jsonl
bun,single,memvfs_shared,False,own_connection,insert,False,9600,1,7,181.41,179.16,182.77,52919,1.000,False,nan,bun-cipher-single-tcache.jsonl
bun,single,memvfs_shared,False,own_connection,mix,False,160000,1,7,163.68,162.63,164.59,977519,1.000,False,nan,bun-cipher-single-tcache.jsonl
bun,single,memvfs_shared,False,own_connection,point,False,256000,1,7,168.93,166.10,171.19,1515447,1.000,False,nan,bun-cipher-single-tcache.jsonl
bun,single,memvfs_shared,False,own_connection,point,True,256000,1,7,106.17,104.09,107.19,2411212,1.000,False,nan,bun-cipher-single-tcache.jsonl
bun,single,memvfs_shared,False,own_connection,range,False,4800,1,7,242.16,241.03,243.72,19821,1.000,False,nan,bun-cipher-single-tcache.jsonl
bun,single,memvfs_shared,False,own_connection,range,True,4800,1,7,240.05,239.47,241.76,19996,1.000,False,nan,bun-cipher-single-tcache.jsonl
bun,single,memvfs_shared,False,own_connection,scan,False,32,1,7,913.29,911.21,924.42,35,1.000,False,nan,bun-cipher-single-tcache.jsonl
bun,single,memvfs_shared,False,own_connection,sort,False,3200,1,7,543.27,537.90,546.19,5890,1.000,False,nan,bun-cipher-single-tcache.jsonl
bun,single,memvfs_shared,False,own_connection,sort,True,3200,1,7,541.52,536.29,546.09,5909,1.000,False,nan,bun-cipher-single-tcache.jsonl
bun,sqlcipher,memvfs_shared,False,own_connection,cold_scan,False,64,1,7,402.26,398.93,406.41,159,1.000,False,28.9,bun-sqlcipher-sqlcipher-tcache.jsonl
bun,sqlcipher,memvfs_shared,False,own_connection,cold_scan,False,64,16,7,37.57,36.64,38.75,1704,10.708,False,27.9,bun-sqlcipher-sqlcipher-tcache.jsonl
bun,sqlcipher,memvfs_shared,False,own_connection,cold_scan,False,64,2,7,199.69,198.69,200.59,321,2.014,False,27.9,bun-sqlcipher-sqlcipher-tcache.jsonl
bun,sqlcipher,memvfs_shared,False,own_connection,cold_scan,False,64,32,7,23.30,22.14,23.82,2747,17.264,False,27.9,bun-sqlcipher-sqlcipher-tcache.jsonl
bun,sqlcipher,memvfs_shared,False,own_connection,cold_scan,False,64,4,7,107.05,102.76,111.61,598,3.758,False,27.9,bun-sqlcipher-sqlcipher-tcache.jsonl
bun,sqlcipher,memvfs_shared,False,own_connection,cold_scan,False,64,8,7,57.28,56.32,61.92,1117,7.023,False,27.9,bun-sqlcipher-sqlcipher-tcache.jsonl
bun,sqlcipher,memvfs_shared,False,own_connection,keyed_open,False,32,1,3,1.46,1.43,2.19,21853,1.000,False,28.9,bun-sqlcipher-sqlcipher-tcache.jsonl
bun,sqlcipher,memvfs_shared,False,own_connection,keyed_open,False,32,16,3,6.73,6.44,6.82,4754,0.218,False,28.9,bun-sqlcipher-sqlcipher-tcache.jsonl
bun,sqlcipher,memvfs_shared,False,own_connection,keyed_open,False,32,2,3,2.43,2.42,2.53,13184,0.603,False,28.9,bun-sqlcipher-sqlcipher-tcache.jsonl
bun,sqlcipher,memvfs_shared,False,own_connection,keyed_open,False,32,32,3,7.04,6.92,7.12,4548,0.208,False,28.9,bun-sqlcipher-sqlcipher-tcache.jsonl
bun,sqlcipher,memvfs_shared,False,own_connection,keyed_open,False,32,4,3,4.94,4.72,5.68,6475,0.296,False,28.9,bun-sqlcipher-sqlcipher-tcache.jsonl
bun,sqlcipher,memvfs_shared,False,own_connection,keyed_open,False,32,8,3,5.12,4.96,5.31,6255,0.286,False,28.9,bun-sqlcipher-sqlcipher-tcache.jsonl
bun,sqlcipher,sqlcipher_shared,False,own_connection,cold_scan,False,64,1,7,2270.00,2264.51,2288.49,28,1.000,False,34.9,bun-sqlcipher-sqlcipher-tcache.jsonl
bun,sqlcipher,sqlcipher_shared,False,own_connection,cold_scan,False,64,16,7,170.60,165.88,173.40,375,13.306,False,28.0,bun-sqlcipher-sqlcipher-tcache.jsonl
bun,sqlcipher,sqlcipher_shared,False,own_connection,cold_scan,False,64,2,7,1155.52,1145.15,1163.13,55,1.964,False,31.2,bun-sqlcipher-sqlcipher-tcache.jsonl
bun,sqlcipher,sqlcipher_shared,False,own_connection,cold_scan,False,64,32,7,236.10,233.69,242.00,271,9.614,False,28.9,bun-sqlcipher-sqlcipher-tcache.jsonl
bun,sqlcipher,sqlcipher_shared,False,own_connection,cold_scan,False,64,4,7,585.06,575.70,607.52,109,3.880,False,29.3,bun-sqlcipher-sqlcipher-tcache.jsonl
bun,sqlcipher,sqlcipher_shared,False,own_connection,cold_scan,False,64,8,7,311.23,310.60,331.03,206,7.294,False,28.0,bun-sqlcipher-sqlcipher-tcache.jsonl
bun,sqlcipher,sqlcipher_shared,False,own_connection,keyed_open,False,32,1,3,23642.26,23534.11,23710.00,1,1.000,False,19.9,bun-sqlcipher-sqlcipher-tcache.jsonl
bun,sqlcipher,sqlcipher_shared,False,own_connection,keyed_open,False,32,16,3,48377.63,46486.90,48812.85,1,0.489,False,30.0,bun-sqlcipher-sqlcipher-tcache.jsonl
bun,sqlcipher,sqlcipher_shared,False,own_connection,keyed_open,False,32,2,3,12790.70,12401.63,12824.52,3,1.848,False,14.6,bun-sqlcipher-sqlcipher-tcache.jsonl
bun,sqlcipher,sqlcipher_shared,False,own_connection,keyed_open,False,32,32,3,73467.87,71570.84,75536.30,0,0.322,False,42.7,bun-sqlcipher-sqlcipher-tcache.jsonl
bun,sqlcipher,sqlcipher_shared,False,own_connection,keyed_open,False,32,4,3,9046.36,8374.71,10362.16,4,2.613,False,16.5,bun-sqlcipher-sqlcipher-tcache.jsonl
bun,sqlcipher,sqlcipher_shared,False,own_connection,keyed_open,False,32,8,3,28532.88,28313.56,29149.31,1,0.829,False,19.1,bun-sqlcipher-sqlcipher-tcache.jsonl
bun,sqlcipher-tcache,memvfs_shared,False,own_connection,cold_scan,False,64,1,7,408.88,398.44,421.27,157,1.000,False,17.7,bun-sqlcipher-sqlcipher-tcache.jsonl
bun,sqlcipher-tcache,memvfs_shared,False,own_connection,cold_scan,False,64,16,7,47.90,45.11,48.10,1336,8.537,False,19.5,bun-sqlcipher-sqlcipher-tcache.jsonl
bun,sqlcipher-tcache,memvfs_shared,False,own_connection,cold_scan,False,64,2,7,292.73,281.00,320.76,219,1.397,False,17.7,bun-sqlcipher-sqlcipher-tcache.jsonl
bun,sqlcipher-tcache,memvfs_shared,False,own_connection,cold_scan,False,64,32,7,35.76,32.54,47.06,1790,11.434,False,19.5,bun-sqlcipher-sqlcipher-tcache.jsonl
bun,sqlcipher-tcache,memvfs_shared,False,own_connection,cold_scan,False,64,4,7,173.20,171.25,173.79,370,2.361,False,17.7,bun-sqlcipher-sqlcipher-tcache.jsonl
bun,sqlcipher-tcache,memvfs_shared,False,own_connection,cold_scan,False,64,8,7,88.52,87.13,89.75,723,4.619,False,19.5,bun-sqlcipher-sqlcipher-tcache.jsonl
bun,sqlcipher-tcache,memvfs_shared,False,own_connection,keyed_open,False,32,1,3,1.37,1.36,1.39,23343,1.000,False,18.4,bun-sqlcipher-sqlcipher-tcache.jsonl
bun,sqlcipher-tcache,memvfs_shared,False,own_connection,keyed_open,False,32,16,3,4.64,4.47,6.54,6895,0.295,False,18.4,bun-sqlcipher-sqlcipher-tcache.jsonl
bun,sqlcipher-tcache,memvfs_shared,False,own_connection,keyed_open,False,32,2,3,1.92,1.82,2.00,16669,0.714,False,18.4,bun-sqlcipher-sqlcipher-tcache.jsonl
bun,sqlcipher-tcache,memvfs_shared,False,own_connection,keyed_open,False,32,32,3,4.15,3.85,4.79,7709,0.330,False,18.4,bun-sqlcipher-sqlcipher-tcache.jsonl
bun,sqlcipher-tcache,memvfs_shared,False,own_connection,keyed_open,False,32,4,3,3.13,2.68,3.23,10209,0.437,False,18.4,bun-sqlcipher-sqlcipher-tcache.jsonl
bun,sqlcipher-tcache,memvfs_shared,False,own_connection,keyed_open,False,32,8,3,4.68,3.91,4.93,6843,0.293,False,18.4,bun-sqlcipher-sqlcipher-tcache.jsonl
bun,sqlcipher-tcache,sqlcipher_shared,False,own_connection,cold_scan,False,64,1,7,2281.00,2262.82,2316.55,28,1.000,False,21.6,bun-sqlcipher-sqlcipher-tcache.jsonl
bun,sqlcipher-tcache,sqlcipher_shared,False,own_connection,cold_scan,False,64,16,7,159.85,159.60,190.89,400,14.269,False,18.4,bun-sqlcipher-sqlcipher-tcache.jsonl
bun,sqlcipher-tcache,sqlcipher_shared,False,own_connection,cold_scan,False,64,2,7,1143.44,1130.68,1154.86,56,1.995,False,19.3,bun-sqlcipher-sqlcipher-tcache.jsonl
bun,sqlcipher-tcache,sqlcipher_shared,False,own_connection,cold_scan,False,64,32,7,115.56,111.78,116.57,554,19.738,False,18.4,bun-sqlcipher-sqlcipher-tcache.jsonl
bun,sqlcipher-tcache,sqlcipher_shared,False,own_connection,cold_scan,False,64,4,7,586.13,584.52,610.39,109,3.892,False,18.0,bun-sqlcipher-sqlcipher-tcache.jsonl
bun,sqlcipher-tcache,sqlcipher_shared,False,own_connection,cold_scan,False,64,8,7,296.90,294.13,301.26,216,7.683,False,18.0,bun-sqlcipher-sqlcipher-tcache.jsonl
bun,sqlcipher-tcache,sqlcipher_shared,False,own_connection,keyed_open,False,32,1,3,23081.06,22740.46,23123.85,1,1.000,False,18.7,bun-sqlcipher-sqlcipher-tcache.jsonl
bun,sqlcipher-tcache,sqlcipher_shared,False,own_connection,keyed_open,False,32,16,3,1460.39,1446.92,1494.06,22,15.805,False,21.3,bun-sqlcipher-sqlcipher-tcache.jsonl
bun,sqlcipher-tcache,sqlcipher_shared,False,own_connection,keyed_open,False,32,2,3,11482.06,11380.25,11897.93,3,2.010,False,16.5,bun-sqlcipher-sqlcipher-tcache.jsonl
bun,sqlcipher-tcache,sqlcipher_shared,False,own_connection,keyed_open,False,32,32,3,1210.21,1190.03,1273.33,26,19.072,False,21.3,bun-sqlcipher-sqlcipher-tcache.jsonl
bun,sqlcipher-tcache,sqlcipher_shared,False,own_connection,keyed_open,False,32,4,3,9092.97,9068.12,9093.41,4,2.538,False,16.2,bun-sqlcipher-sqlcipher-tcache.jsonl
bun,sqlcipher-tcache,sqlcipher_shared,False,own_connection,keyed_open,False,32,8,3,2915.43,2887.91,3309.95,11,7.917,False,15.5,bun-sqlcipher-sqlcipher-tcache.jsonl
bun,tcache,memory_per_worker,False,own_connection,fts,False,3200,1,7,142.67,140.93,150.00,22429,1.000,False,nan,bun-cipher-single-tcache.jsonl
bun,tcache,memory_per_worker,False,own_connection,fts,False,3200,16,7,55.26,54.30,55.47,57904,2.582,False,nan,bun-cipher-single-tcache.jsonl
bun,tcache,memory_per_worker,False,own_connection,fts,False,3200,2,7,75.47,71.65,80.66,42401,1.890,False,nan,bun-cipher-single-tcache.jsonl
bun,tcache,memory_per_worker,False,own_connection,fts,False,3200,32,7,46.69,46.33,47.95,68539,3.056,False,nan,bun-cipher-single-tcache.jsonl
bun,tcache,memory_per_worker,False,own_connection,fts,False,3200,4,7,45.64,43.99,47.78,70122,3.126,False,nan,bun-cipher-single-tcache.jsonl
bun,tcache,memory_per_worker,False,own_connection,fts,False,3200,8,7,33.21,31.99,34.37,96355,4.296,False,nan,bun-cipher-single-tcache.jsonl
bun,tcache,memory_per_worker,False,own_connection,fts,True,3200,1,7,140.29,139.49,144.16,22810,1.000,False,nan,bun-cipher-single-tcache.jsonl
bun,tcache,memory_per_worker,False,own_connection,fts,True,3200,16,7,47.25,45.50,49.37,67730,2.969,False,nan,bun-cipher-single-tcache.jsonl
bun,tcache,memory_per_worker,False,own_connection,fts,True,3200,2,7,72.12,70.46,73.20,44371,1.945,False,nan,bun-cipher-single-tcache.jsonl
bun,tcache,memory_per_worker,False,own_connection,fts,True,3200,32,7,45.15,44.70,45.62,70881,3.107,False,nan,bun-cipher-single-tcache.jsonl
bun,tcache,memory_per_worker,False,own_connection,fts,True,3200,4,7,44.73,43.34,46.73,71544,3.136,False,nan,bun-cipher-single-tcache.jsonl
bun,tcache,memory_per_worker,False,own_connection,fts,True,3200,8,7,32.10,31.63,33.14,99696,4.371,False,nan,bun-cipher-single-tcache.jsonl
bun,tcache,memory_per_worker,False,own_connection,insert,False,9600,1,7,175.66,169.94,181.09,54651,1.000,False,nan,bun-cipher-single-tcache.jsonl
bun,tcache,memory_per_worker,False,own_connection,insert,False,9600,16,7,94.95,93.13,96.27,101104,1.850,False,nan,bun-cipher-single-tcache.jsonl
bun,tcache,memory_per_worker,False,own_connection,insert,False,9600,2,7,90.23,89.93,96.49,106392,1.947,False,nan,bun-cipher-single-tcache.jsonl
bun,tcache,memory_per_worker,False,own_connection,insert,False,9600,32,7,75.83,74.66,77.72,126599,2.317,False,nan,bun-cipher-single-tcache.jsonl
bun,tcache,memory_per_worker,False,own_connection,insert,False,9600,4,7,66.08,60.50,69.81,145271,2.658,False,nan,bun-cipher-single-tcache.jsonl
bun,tcache,memory_per_worker,False,own_connection,insert,False,9600,8,7,64.09,62.30,64.90,149790,2.741,False,nan,bun-cipher-single-tcache.jsonl
bun,tcache,memory_per_worker,False,own_connection,mix,False,160000,1,7,105.18,104.60,108.66,1521259,1.000,False,nan,bun-cipher-single-tcache.jsonl
bun,tcache,memory_per_worker,False,own_connection,mix,False,160000,16,7,177.06,172.12,184.40,903649,0.594,False,nan,bun-cipher-single-tcache.jsonl
bun,tcache,memory_per_worker,False,own_connection,mix,False,160000,2,7,65.90,65.40,69.31,2428033,1.596,False,nan,bun-cipher-single-tcache.jsonl
bun,tcache,memory_per_worker,False,own_connection,mix,False,160000,32,7,154.76,149.80,159.95,1033828,0.680,False,nan,bun-cipher-single-tcache.jsonl
bun,tcache,memory_per_worker,False,own_connection,mix,False,160000,4,7,77.66,77.23,78.83,2060369,1.354,False,nan,bun-cipher-single-tcache.jsonl
bun,tcache,memory_per_worker,False,own_connection,mix,False,160000,8,7,136.12,134.02,137.72,1175445,0.773,False,nan,bun-cipher-single-tcache.jsonl
bun,tcache,memory_per_worker,False,own_connection,point,False,256000,1,7,142.37,141.74,145.17,1798142,1.000,False,nan,bun-cipher-single-tcache.jsonl
bun,tcache,memory_per_worker,False,own_connection,point,False,256000,16,7,119.83,112.03,121.95,2136298,1.188,False,nan,bun-cipher-single-tcache.jsonl
bun,tcache,memory_per_worker,False,own_connection,point,False,256000,2,7,79.53,77.76,83.79,3218762,1.790,False,nan,bun-cipher-single-tcache.jsonl
bun,tcache,memory_per_worker,False,own_connection,point,False,256000,32,7,100.34,99.05,102.36,2551286,1.419,False,nan,bun-cipher-single-tcache.jsonl
bun,tcache,memory_per_worker,False,own_connection,point,False,256000,4,7,62.19,61.65,63.18,4116567,2.289,False,nan,bun-cipher-single-tcache.jsonl
bun,tcache,memory_per_worker,False,own_connection,point,False,256000,8,7,90.49,86.92,95.58,2829088,1.573,False,nan,bun-cipher-single-tcache.jsonl
bun,tcache,memory_per_worker,False,own_connection,point,True,256000,1,7,112.80,111.57,116.68,2269463,1.000,False,nan,bun-cipher-single-tcache.jsonl
bun,tcache,memory_per_worker,False,own_connection,point,True,256000,16,7,11.55,10.59,11.77,22157851,9.763,False,nan,bun-cipher-single-tcache.jsonl
bun,tcache,memory_per_worker,False,own_connection,point,True,256000,2,7,58.13,57.75,59.72,4403802,1.940,False,nan,bun-cipher-single-tcache.jsonl
bun,tcache,memory_per_worker,False,own_connection,point,True,256000,32,7,7.24,7.21,7.31,35380639,15.590,False,nan,bun-cipher-single-tcache.jsonl
bun,tcache,memory_per_worker,False,own_connection,point,True,256000,4,7,42.15,40.75,43.61,6073807,2.676,False,nan,bun-cipher-single-tcache.jsonl
bun,tcache,memory_per_worker,False,own_connection,point,True,256000,8,7,21.72,21.26,22.04,11787978,5.194,False,nan,bun-cipher-single-tcache.jsonl
bun,tcache,memory_per_worker,False,own_connection,range,False,4800,1,7,234.12,232.23,240.02,20503,1.000,False,nan,bun-cipher-single-tcache.jsonl
bun,tcache,memory_per_worker,False,own_connection,range,False,4800,16,7,22.87,19.54,25.05,209923,10.239,False,nan,bun-cipher-single-tcache.jsonl
bun,tcache,memory_per_worker,False,own_connection,range,False,4800,2,7,120.55,117.37,121.54,39817,1.942,False,nan,bun-cipher-single-tcache.jsonl
bun,tcache,memory_per_worker,False,own_connection,range,False,4800,32,7,13.71,13.00,13.91,350185,17.080,False,nan,bun-cipher-single-tcache.jsonl
bun,tcache,memory_per_worker,False,own_connection,range,False,4800,4,7,69.31,65.67,70.69,69250,3.378,False,nan,bun-cipher-single-tcache.jsonl
bun,tcache,memory_per_worker,False,own_connection,range,False,4800,8,7,36.52,35.07,36.94,131420,6.410,False,nan,bun-cipher-single-tcache.jsonl
bun,tcache,memory_per_worker,False,own_connection,range,True,4800,1,7,232.77,231.77,245.97,20622,1.000,False,nan,bun-cipher-single-tcache.jsonl
bun,tcache,memory_per_worker,False,own_connection,range,True,4800,16,7,21.40,19.30,23.72,224251,10.875,False,nan,bun-cipher-single-tcache.jsonl
bun,tcache,memory_per_worker,False,own_connection,range,True,4800,2,7,128.77,126.84,131.32,37276,1.808,False,nan,bun-cipher-single-tcache.jsonl
bun,tcache,memory_per_worker,False,own_connection,range,True,4800,32,7,13.34,13.16,13.36,359772,17.446,False,nan,bun-cipher-single-tcache.jsonl
bun,tcache,memory_per_worker,False,own_connection,range,True,4800,4,7,66.37,66.23,69.01,72325,3.507,False,nan,bun-cipher-single-tcache.jsonl
bun,tcache,memory_per_worker,False,own_connection,range,True,4800,8,7,36.75,33.51,37.84,130596,6.333,False,nan,bun-cipher-single-tcache.jsonl
bun,tcache,memory_per_worker,False,own_connection,scan,False,32,1,7,1315.58,1314.67,1344.28,24,1.000,False,nan,bun-cipher-single-tcache.jsonl
bun,tcache,memory_per_worker,False,own_connection,scan,False,32,16,7,3416.82,3399.89,3430.23,9,0.385,False,nan,bun-cipher-single-tcache.jsonl
bun,tcache,memory_per_worker,False,own_connection,scan,False,32,2,7,1357.37,1328.18,1424.17,24,0.969,False,nan,bun-cipher-single-tcache.jsonl
bun,tcache,memory_per_worker,False,own_connection,scan,False,32,32,7,3639.73,3618.94,3661.07,9,0.361,False,nan,bun-cipher-single-tcache.jsonl
bun,tcache,memory_per_worker,False,own_connection,scan,False,32,4,7,1991.78,1970.44,2069.85,16,0.661,False,nan,bun-cipher-single-tcache.jsonl
bun,tcache,memory_per_worker,False,own_connection,scan,False,32,8,7,2812.99,2761.62,2831.10,11,0.468,False,nan,bun-cipher-single-tcache.jsonl
bun,tcache,memory_per_worker,False,own_connection,sort,False,3200,1,7,630.40,618.69,632.06,5076,1.000,False,nan,bun-cipher-single-tcache.jsonl
bun,tcache,memory_per_worker,False,own_connection,sort,False,3200,16,7,52.19,45.80,55.03,61319,12.080,False,nan,bun-cipher-single-tcache.jsonl
bun,tcache,memory_per_worker,False,own_connection,sort,False,3200,2,7,315.29,309.38,323.69,10149,1.999,False,nan,bun-cipher-single-tcache.jsonl
bun,tcache,memory_per_worker,False,own_connection,sort,False,3200,32,7,32.75,31.43,33.45,97700,19.247,False,nan,bun-cipher-single-tcache.jsonl
bun,tcache,memory_per_worker,False,own_connection,sort,False,3200,4,7,165.04,162.56,173.01,19389,3.820,False,nan,bun-cipher-single-tcache.jsonl
bun,tcache,memory_per_worker,False,own_connection,sort,False,3200,8,7,93.24,90.88,96.04,34319,6.761,False,nan,bun-cipher-single-tcache.jsonl
bun,tcache,memory_per_worker,False,own_connection,sort,True,3200,1,7,620.75,618.54,627.69,5155,1.000,False,nan,bun-cipher-single-tcache.jsonl
bun,tcache,memory_per_worker,False,own_connection,sort,True,3200,16,7,48.49,47.29,51.91,65995,12.802,False,nan,bun-cipher-single-tcache.jsonl
bun,tcache,memory_per_worker,False,own_connection,sort,True,3200,2,7,315.89,310.84,328.42,10130,1.965,False,nan,bun-cipher-single-tcache.jsonl
bun,tcache,memory_per_worker,False,own_connection,sort,True,3200,32,7,31.54,30.31,31.89,101443,19.678,False,nan,bun-cipher-single-tcache.jsonl
bun,tcache,memory_per_worker,False,own_connection,sort,True,3200,4,7,165.75,165.50,170.37,19307,3.745,False,nan,bun-cipher-single-tcache.jsonl
bun,tcache,memory_per_worker,False,own_connection,sort,True,3200,8,7,87.61,85.40,89.61,36527,7.086,False,nan,bun-cipher-single-tcache.jsonl
bun,tcache,memvfs_per_worker,False,own_connection,fts,False,3200,1,7,146.63,141.33,147.95,21824,1.000,False,nan,bun-cipher-single-tcache.jsonl
bun,tcache,memvfs_per_worker,False,own_connection,fts,False,3200,16,7,54.35,53.19,55.06,58881,2.698,False,nan,bun-cipher-single-tcache.jsonl
bun,tcache,memvfs_per_worker,False,own_connection,fts,False,3200,2,7,74.63,71.64,75.50,42878,1.965,False,nan,bun-cipher-single-tcache.jsonl
bun,tcache,memvfs_per_worker,False,own_connection,fts,False,3200,32,7,47.35,46.57,48.19,67581,3.097,False,nan,bun-cipher-single-tcache.jsonl
bun,tcache,memvfs_per_worker,False,own_connection,fts,False,3200,4,7,43.57,42.12,45.99,73444,3.365,False,nan,bun-cipher-single-tcache.jsonl
bun,tcache,memvfs_per_worker,False,own_connection,fts,False,3200,8,7,35.90,35.06,37.94,89141,4.085,False,nan,bun-cipher-single-tcache.jsonl
bun,tcache,memvfs_per_worker,False,own_connection,fts,True,3200,1,7,140.43,139.31,143.22,22788,1.000,False,nan,bun-cipher-single-tcache.jsonl
bun,tcache,memvfs_per_worker,False,own_connection,fts,True,3200,16,7,50.45,48.02,51.02,63423,2.783,False,nan,bun-cipher-single-tcache.jsonl
bun,tcache,memvfs_per_worker,False,own_connection,fts,True,3200,2,7,78.29,76.15,80.01,40873,1.794,False,nan,bun-cipher-single-tcache.jsonl
bun,tcache,memvfs_per_worker,False,own_connection,fts,True,3200,32,7,43.95,42.47,44.12,72813,3.195,False,nan,bun-cipher-single-tcache.jsonl
bun,tcache,memvfs_per_worker,False,own_connection,fts,True,3200,4,7,41.18,39.88,42.74,77714,3.410,False,nan,bun-cipher-single-tcache.jsonl
bun,tcache,memvfs_per_worker,False,own_connection,fts,True,3200,8,7,31.43,30.85,33.03,101803,4.467,False,nan,bun-cipher-single-tcache.jsonl
bun,tcache,memvfs_per_worker,False,own_connection,insert,False,9600,1,7,198.14,196.81,200.01,48450,1.000,False,nan,bun-cipher-single-tcache.jsonl
bun,tcache,memvfs_per_worker,False,own_connection,insert,False,9600,16,7,31.21,30.87,31.55,307618,6.349,False,nan,bun-cipher-single-tcache.jsonl
bun,tcache,memvfs_per_worker,False,own_connection,insert,False,9600,2,7,105.20,103.61,109.64,91256,1.883,False,nan,bun-cipher-single-tcache.jsonl
bun,tcache,memvfs_per_worker,False,own_connection,insert,False,9600,32,7,41.12,40.58,41.16,233472,4.819,False,nan,bun-cipher-single-tcache.jsonl
bun,tcache,memvfs_per_worker,False,own_connection,insert,False,9600,4,7,58.78,57.42,61.05,163316,3.371,False,nan,bun-cipher-single-tcache.jsonl
bun,tcache,memvfs_per_worker,False,own_connection,insert,False,9600,8,7,38.57,37.13,39.34,248876,5.137,False,nan,bun-cipher-single-tcache.jsonl
bun,tcache,memvfs_per_worker,False,own_connection,mix,False,160000,1,7,179.20,177.32,181.86,892857,1.000,False,nan,bun-cipher-single-tcache.jsonl
bun,tcache,memvfs_per_worker,False,own_connection,mix,False,160000,16,7,175.93,174.84,176.97,909428,1.019,False,nan,bun-cipher-single-tcache.jsonl
bun,tcache,memvfs_per_worker,False,own_connection,mix,False,160000,2,7,102.33,101.23,102.75,1563530,1.751,False,nan,bun-cipher-single-tcache.jsonl
bun,tcache,memvfs_per_worker,False,own_connection,mix,False,160000,32,7,188.68,185.82,190.99,848006,0.950,False,nan,bun-cipher-single-tcache.jsonl
bun,tcache,memvfs_per_worker,False,own_connection,mix,False,160000,4,7,75.26,71.14,93.18,2126011,2.381,False,nan,bun-cipher-single-tcache.jsonl
bun,tcache,memvfs_per_worker,False,own_connection,mix,False,160000,8,7,134.74,133.09,136.45,1187477,1.330,False,nan,bun-cipher-single-tcache.jsonl
bun,tcache,memvfs_per_worker,False,own_connection,point,False,256000,1,7,213.78,211.23,227.02,1197487,1.000,False,nan,bun-cipher-single-tcache.jsonl
bun,tcache,memvfs_per_worker,False,own_connection,point,False,256000,16,7,230.30,225.97,234.12,1111591,0.928,False,nan,bun-cipher-single-tcache.jsonl
bun,tcache,memvfs_per_worker,False,own_connection,point,False,256000,2,7,119.71,118.45,122.96,2138533,1.786,False,nan,bun-cipher-single-tcache.jsonl
bun,tcache,memvfs_per_worker,False,own_connection,point,False,256000,32,7,222.36,220.12,228.12,1151305,0.961,False,nan,bun-cipher-single-tcache.jsonl
bun,tcache,memvfs_per_worker,False,own_connection,point,False,256000,4,7,81.70,81.16,83.72,3133333,2.617,False,nan,bun-cipher-single-tcache.jsonl
bun,tcache,memvfs_per_worker,False,own_connection,point,False,256000,8,7,193.19,183.44,196.50,1325129,1.107,False,nan,bun-cipher-single-tcache.jsonl
bun,tcache,memvfs_per_worker,False,own_connection,point,True,256000,1,7,118.13,115.56,121.84,2167151,1.000,False,nan,bun-cipher-single-tcache.jsonl
bun,tcache,memvfs_per_worker,False,own_connection,point,True,256000,16,7,12.26,11.85,12.36,20875493,9.633,False,nan,bun-cipher-single-tcache.jsonl
bun,tcache,memvfs_per_worker,False,own_connection,point,True,256000,2,7,59.92,57.67,62.04,4272142,1.971,False,nan,bun-cipher-single-tcache.jsonl
bun,tcache,memvfs_per_worker,False,own_connection,point,True,256000,32,7,8.03,7.84,10.35,31869674,14.706,False,nan,bun-cipher-single-tcache.jsonl
bun,tcache,memvfs_per_worker,False,own_connection,point,True,256000,4,7,35.54,33.65,36.65,7204133,3.324,False,nan,bun-cipher-single-tcache.jsonl
bun,tcache,memvfs_per_worker,False,own_connection,point,True,256000,8,7,17.94,16.04,19.45,14266728,6.583,False,nan,bun-cipher-single-tcache.jsonl
bun,tcache,memvfs_per_worker,False,own_connection,range,False,4800,1,7,240.54,234.39,242.53,19955,1.000,False,nan,bun-cipher-single-tcache.jsonl
bun,tcache,memvfs_per_worker,False,own_connection,range,False,4800,16,7,26.54,24.70,26.60,180846,9.063,False,nan,bun-cipher-single-tcache.jsonl
bun,tcache,memvfs_per_worker,False,own_connection,range,False,4800,2,7,121.56,117.23,125.91,39485,1.979,False,nan,bun-cipher-single-tcache.jsonl
bun,tcache,memvfs_per_worker,False,own_connection,range,False,4800,32,7,14.08,13.67,14.68,340848,17.081,False,nan,bun-cipher-single-tcache.jsonl
bun,tcache,memvfs_per_worker,False,own_connection,range,False,4800,4,7,66.97,65.76,67.78,71676,3.592,False,nan,bun-cipher-single-tcache.jsonl
bun,tcache,memvfs_per_worker,False,own_connection,range,False,4800,8,7,37.50,36.86,40.13,127984,6.414,False,nan,bun-cipher-single-tcache.jsonl
bun,tcache,memvfs_per_worker,False,own_connection,range,True,4800,1,7,234.66,232.91,234.75,20455,1.000,False,nan,bun-cipher-single-tcache.jsonl
bun,tcache,memvfs_per_worker,False,own_connection,range,True,4800,16,7,26.13,25.47,26.47,183684,8.980,False,nan,bun-cipher-single-tcache.jsonl
bun,tcache,memvfs_per_worker,False,own_connection,range,True,4800,2,7,116.98,116.78,118.46,41034,2.006,False,nan,bun-cipher-single-tcache.jsonl
bun,tcache,memvfs_per_worker,False,own_connection,range,True,4800,32,7,12.99,12.77,13.44,369619,18.070,False,nan,bun-cipher-single-tcache.jsonl
bun,tcache,memvfs_per_worker,False,own_connection,range,True,4800,4,7,61.57,60.01,63.24,77960,3.811,False,nan,bun-cipher-single-tcache.jsonl
bun,tcache,memvfs_per_worker,False,own_connection,range,True,4800,8,7,37.54,35.13,42.07,127868,6.251,False,nan,bun-cipher-single-tcache.jsonl
bun,tcache,memvfs_per_worker,False,own_connection,scan,False,32,1,7,1257.60,1255.10,1263.39,25,1.000,False,nan,bun-cipher-single-tcache.jsonl
bun,tcache,memvfs_per_worker,False,own_connection,scan,False,32,16,7,3453.00,3424.46,3458.75,9,0.364,False,nan,bun-cipher-single-tcache.jsonl
bun,tcache,memvfs_per_worker,False,own_connection,scan,False,32,2,7,1317.21,1268.84,1326.97,24,0.955,False,nan,bun-cipher-single-tcache.jsonl
bun,tcache,memvfs_per_worker,False,own_connection,scan,False,32,32,7,3569.79,3537.84,3622.45,9,0.352,False,nan,bun-cipher-single-tcache.jsonl
bun,tcache,memvfs_per_worker,False,own_connection,scan,False,32,4,7,2000.27,1960.06,2069.91,16,0.629,False,nan,bun-cipher-single-tcache.jsonl
bun,tcache,memvfs_per_worker,False,own_connection,scan,False,32,8,7,2720.82,2693.92,2781.40,12,0.462,False,nan,bun-cipher-single-tcache.jsonl
bun,tcache,memvfs_per_worker,False,own_connection,sort,False,3200,1,7,621.14,615.71,633.11,5152,1.000,False,nan,bun-cipher-single-tcache.jsonl
bun,tcache,memvfs_per_worker,False,own_connection,sort,False,3200,16,7,56.02,53.53,57.07,57118,11.087,False,nan,bun-cipher-single-tcache.jsonl
bun,tcache,memvfs_per_worker,False,own_connection,sort,False,3200,2,7,320.14,313.57,325.20,9996,1.940,False,nan,bun-cipher-single-tcache.jsonl
bun,tcache,memvfs_per_worker,False,own_connection,sort,False,3200,32,7,31.03,30.79,31.81,103128,20.018,False,nan,bun-cipher-single-tcache.jsonl
bun,tcache,memvfs_per_worker,False,own_connection,sort,False,3200,4,7,166.47,163.85,169.09,19222,3.731,False,nan,bun-cipher-single-tcache.jsonl
bun,tcache,memvfs_per_worker,False,own_connection,sort,False,3200,8,7,88.56,86.47,89.84,36133,7.014,False,nan,bun-cipher-single-tcache.jsonl
bun,tcache,memvfs_per_worker,False,own_connection,sort,True,3200,1,7,615.85,612.06,620.37,5196,1.000,False,nan,bun-cipher-single-tcache.jsonl
bun,tcache,memvfs_per_worker,False,own_connection,sort,True,3200,16,7,48.30,47.19,50.69,66256,12.751,False,nan,bun-cipher-single-tcache.jsonl
bun,tcache,memvfs_per_worker,False,own_connection,sort,True,3200,2,7,315.74,308.01,319.48,10135,1.951,False,nan,bun-cipher-single-tcache.jsonl
bun,tcache,memvfs_per_worker,False,own_connection,sort,True,3200,32,7,30.74,30.48,31.70,104112,20.037,False,nan,bun-cipher-single-tcache.jsonl
bun,tcache,memvfs_per_worker,False,own_connection,sort,True,3200,4,7,170.58,169.49,174.35,18760,3.610,False,nan,bun-cipher-single-tcache.jsonl
bun,tcache,memvfs_per_worker,False,own_connection,sort,True,3200,8,7,87.69,87.11,89.14,36490,7.023,False,nan,bun-cipher-single-tcache.jsonl
bun,tcache,memvfs_shared,False,own_connection,fts,False,3200,1,7,147.13,141.21,149.32,21750,1.000,False,nan,bun-cipher-single-tcache.jsonl
bun,tcache,memvfs_shared,False,own_connection,fts,False,3200,16,7,51.83,51.34,54.37,61736,2.838,False,nan,bun-cipher-single-tcache.jsonl
bun,tcache,memvfs_shared,False,own_connection,fts,False,3200,2,7,71.99,71.59,74.34,44450,2.044,False,nan,bun-cipher-single-tcache.jsonl
bun,tcache,memvfs_shared,False,own_connection,fts,False,3200,32,7,48.98,47.38,58.90,65329,3.004,False,nan,bun-cipher-single-tcache.jsonl
bun,tcache,memvfs_shared,False,own_connection,fts,False,3200,4,7,43.87,40.00,44.83,72948,3.354,False,nan,bun-cipher-single-tcache.jsonl
bun,tcache,memvfs_shared,False,own_connection,fts,False,3200,8,7,31.84,31.05,33.07,100487,4.620,False,nan,bun-cipher-single-tcache.jsonl
bun,tcache,memvfs_shared,False,own_connection,fts,True,3200,1,7,139.88,138.60,140.30,22877,1.000,False,nan,bun-cipher-single-tcache.jsonl
bun,tcache,memvfs_shared,False,own_connection,fts,True,3200,16,7,49.54,48.69,51.10,64595,2.824,False,nan,bun-cipher-single-tcache.jsonl
bun,tcache,memvfs_shared,False,own_connection,fts,True,3200,2,7,72.59,70.89,76.69,44083,1.927,False,nan,bun-cipher-single-tcache.jsonl
bun,tcache,memvfs_shared,False,own_connection,fts,True,3200,32,7,44.14,43.23,46.46,72498,3.169,False,nan,bun-cipher-single-tcache.jsonl
bun,tcache,memvfs_shared,False,own_connection,fts,True,3200,4,7,44.51,38.59,45.23,71890,3.142,False,nan,bun-cipher-single-tcache.jsonl
bun,tcache,memvfs_shared,False,own_connection,fts,True,3200,8,7,31.08,29.96,31.50,102950,4.500,False,nan,bun-cipher-single-tcache.jsonl
bun,tcache,memvfs_shared,False,own_connection,insert,False,9600,1,7,194.37,194.32,196.11,49391,1.000,False,nan,bun-cipher-single-tcache.jsonl
bun,tcache,memvfs_shared,False,own_connection,insert,False,9600,16,7,1046.25,1045.87,1046.69,9176,0.186,False,nan,bun-cipher-single-tcache.jsonl
bun,tcache,memvfs_shared,False,own_connection,insert,False,9600,2,7,203.26,201.70,205.65,47231,0.956,False,nan,bun-cipher-single-tcache.jsonl
bun,tcache,memvfs_shared,False,own_connection,insert,False,9600,32,7,2441.76,2441.23,2542.21,3932,0.080,False,nan,bun-cipher-single-tcache.jsonl
bun,tcache,memvfs_shared,False,own_connection,insert,False,9600,4,7,284.77,282.37,381.38,33711,0.683,False,nan,bun-cipher-single-tcache.jsonl
bun,tcache,memvfs_shared,False,own_connection,insert,False,9600,8,7,460.10,457.94,462.98,20865,0.422,False,nan,bun-cipher-single-tcache.jsonl
bun,tcache,memvfs_shared,False,own_connection,mix,False,160000,1,7,172.51,171.15,176.04,927488,1.000,False,nan,bun-cipher-single-tcache.jsonl
bun,tcache,memvfs_shared,False,own_connection,mix,False,160000,16,7,931.73,871.06,966.07,171723,0.185,False,nan,bun-cipher-single-tcache.jsonl
bun,tcache,memvfs_shared,False,own_connection,mix,False,160000,2,7,306.38,242.49,347.99,522235,0.563,False,nan,bun-cipher-single-tcache.jsonl
bun,tcache,memvfs_shared,False,own_connection,mix,False,160000,32,7,1641.99,1344.98,1811.28,97443,0.105,False,nan,bun-cipher-single-tcache.jsonl
bun,tcache,memvfs_shared,False,own_connection,mix,False,160000,4,7,452.08,390.64,465.91,353921,0.382,False,nan,bun-cipher-single-tcache.jsonl
bun,tcache,memvfs_shared,False,own_connection,mix,False,160000,8,7,637.28,547.61,715.30,251066,0.271,False,nan,bun-cipher-single-tcache.jsonl
bun,tcache,memvfs_shared,False,own_connection,point,False,256000,1,7,197.22,195.97,202.54,1298030,1.000,False,nan,bun-cipher-single-tcache.jsonl
bun,tcache,memvfs_shared,False,own_connection,point,False,256000,16,7,440.39,431.69,443.12,581301,0.448,False,nan,bun-cipher-single-tcache.jsonl
bun,tcache,memvfs_shared,False,own_connection,point,False,256000,2,7,132.45,131.20,133.43,1932806,1.489,False,nan,bun-cipher-single-tcache.jsonl
bun,tcache,memvfs_shared,False,own_connection,point,False,256000,32,7,413.48,406.81,417.76,619142,0.477,False,nan,bun-cipher-single-tcache.jsonl
bun,tcache,memvfs_shared,False,own_connection,point,False,256000,4,7,248.26,245.25,255.25,1031193,0.794,False,nan,bun-cipher-single-tcache.jsonl
bun,tcache,memvfs_shared,False,own_connection,point,False,256000,8,7,342.26,320.56,359.69,747965,0.576,False,nan,bun-cipher-single-tcache.jsonl
bun,tcache,memvfs_shared,False,own_connection,point,True,256000,1,7,122.48,117.85,130.22,2090200,1.000,False,nan,bun-cipher-single-tcache.jsonl
bun,tcache,memvfs_shared,False,own_connection,point,True,256000,16,7,11.85,11.69,12.28,21610321,10.339,False,nan,bun-cipher-single-tcache.jsonl
bun,tcache,memvfs_shared,False,own_connection,point,True,256000,2,7,61.48,58.82,65.68,4164122,1.992,False,nan,bun-cipher-single-tcache.jsonl
bun,tcache,memvfs_shared,False,own_connection,point,True,256000,32,7,7.30,7.25,7.51,35071777,16.779,False,nan,bun-cipher-single-tcache.jsonl
bun,tcache,memvfs_shared,False,own_connection,point,True,256000,4,7,32.78,30.79,33.54,7809691,3.736,False,nan,bun-cipher-single-tcache.jsonl
bun,tcache,memvfs_shared,False,own_connection,point,True,256000,8,7,18.49,17.56,20.24,13847706,6.625,False,nan,bun-cipher-single-tcache.jsonl
bun,tcache,memvfs_shared,False,own_connection,range,False,4800,1,7,238.79,236.21,243.77,20101,1.000,False,nan,bun-cipher-single-tcache.jsonl
bun,tcache,memvfs_shared,False,own_connection,range,False,4800,16,7,22.24,19.85,25.84,215811,10.736,False,nan,bun-cipher-single-tcache.jsonl
bun,tcache,memvfs_shared,False,own_connection,range,False,4800,2,7,122.24,119.54,129.63,39266,1.953,False,nan,bun-cipher-single-tcache.jsonl
bun,tcache,memvfs_shared,False,own_connection,range,False,4800,32,7,13.67,13.48,14.65,351167,17.470,False,nan,bun-cipher-single-tcache.jsonl
bun,tcache,memvfs_shared,False,own_connection,range,False,4800,4,7,68.61,65.52,68.87,69960,3.480,False,nan,bun-cipher-single-tcache.jsonl
bun,tcache,memvfs_shared,False,own_connection,range,False,4800,8,7,36.28,36.10,37.78,132302,6.582,False,nan,bun-cipher-single-tcache.jsonl
bun,tcache,memvfs_shared,False,own_connection,range,True,4800,1,7,236.25,233.77,240.41,20317,1.000,False,nan,bun-cipher-single-tcache.jsonl
bun,tcache,memvfs_shared,False,own_connection,range,True,4800,16,7,24.92,24.78,26.60,192651,9.482,False,nan,bun-cipher-single-tcache.jsonl
bun,tcache,memvfs_shared,False,own_connection,range,True,4800,2,7,118.46,116.89,120.76,40521,1.994,False,nan,bun-cipher-single-tcache.jsonl
bun,tcache,memvfs_shared,False,own_connection,range,True,4800,32,7,14.09,13.56,15.36,340671,16.768,False,nan,bun-cipher-single-tcache.jsonl
bun,tcache,memvfs_shared,False,own_connection,range,True,4800,4,7,67.26,65.65,68.67,71363,3.512,False,nan,bun-cipher-single-tcache.jsonl
bun,tcache,memvfs_shared,False,own_connection,range,True,4800,8,7,33.63,33.08,35.82,142729,7.025,False,nan,bun-cipher-single-tcache.jsonl
bun,tcache,memvfs_shared,False,own_connection,scan,False,32,1,7,1053.81,1052.89,1055.07,30,1.000,False,nan,bun-cipher-single-tcache.jsonl
bun,tcache,memvfs_shared,False,own_connection,scan,False,32,16,7,3376.77,3347.67,3401.66,9,0.312,False,nan,bun-cipher-single-tcache.jsonl
bun,tcache,memvfs_shared,False,own_connection,scan,False,32,2,7,1082.54,1078.47,1127.34,30,0.973,False,nan,bun-cipher-single-tcache.jsonl
bun,tcache,memvfs_shared,False,own_connection,scan,False,32,32,7,3631.47,3542.38,3658.36,9,0.290,False,nan,bun-cipher-single-tcache.jsonl
bun,tcache,memvfs_shared,False,own_connection,scan,False,32,4,7,1857.55,1812.53,1922.90,17,0.567,False,nan,bun-cipher-single-tcache.jsonl
bun,tcache,memvfs_shared,False,own_connection,scan,False,32,8,7,2673.42,2655.31,2700.97,12,0.394,False,nan,bun-cipher-single-tcache.jsonl
bun,tcache,memvfs_shared,False,own_connection,sort,False,3200,1,7,628.48,621.79,645.11,5092,1.000,False,nan,bun-cipher-single-tcache.jsonl
bun,tcache,memvfs_shared,False,own_connection,sort,False,3200,16,7,56.97,50.83,57.43,56166,11.031,False,nan,bun-cipher-single-tcache.jsonl
bun,tcache,memvfs_shared,False,own_connection,sort,False,3200,2,7,316.12,314.20,321.65,10123,1.988,False,nan,bun-cipher-single-tcache.jsonl
bun,tcache,memvfs_shared,False,own_connection,sort,False,3200,32,7,31.19,30.97,32.33,102583,20.147,False,nan,bun-cipher-single-tcache.jsonl
bun,tcache,memvfs_shared,False,own_connection,sort,False,3200,4,7,168.05,164.48,171.85,19042,3.740,False,nan,bun-cipher-single-tcache.jsonl
bun,tcache,memvfs_shared,False,own_connection,sort,False,3200,8,7,93.64,88.77,95.93,34174,6.712,False,nan,bun-cipher-single-tcache.jsonl
bun,tcache,memvfs_shared,False,own_connection,sort,True,3200,1,7,621.95,615.63,634.73,5145,1.000,False,nan,bun-cipher-single-tcache.jsonl
bun,tcache,memvfs_shared,False,own_connection,sort,True,3200,16,7,54.42,48.13,57.06,58803,11.429,False,nan,bun-cipher-single-tcache.jsonl
bun,tcache,memvfs_shared,False,own_connection,sort,True,3200,2,7,320.53,315.98,332.16,9984,1.940,False,nan,bun-cipher-single-tcache.jsonl
bun,tcache,memvfs_shared,False,own_connection,sort,True,3200,32,7,31.73,30.75,32.18,100846,19.600,False,nan,bun-cipher-single-tcache.jsonl
bun,tcache,memvfs_shared,False,own_connection,sort,True,3200,4,7,170.23,162.24,171.87,18798,3.654,False,nan,bun-cipher-single-tcache.jsonl
bun,tcache,memvfs_shared,False,own_connection,sort,True,3200,8,7,91.04,86.97,91.58,35149,6.831,False,nan,bun-cipher-single-tcache.jsonl
bun,threadsafe,memory_per_worker,False,own_connection,fts,False,3200,1,7,147.14,145.82,149.12,21748,1.000,False,nan,bun-threadsafe.jsonl
bun,threadsafe,memory_per_worker,False,own_connection,fts,False,3200,16,7,74.62,67.30,77.22,42885,1.972,False,nan,bun-threadsafe.jsonl
bun,threadsafe,memory_per_worker,False,own_connection,fts,False,3200,2,7,82.32,76.22,86.69,38871,1.787,False,nan,bun-threadsafe.jsonl
bun,threadsafe,memory_per_worker,False,own_connection,fts,False,3200,32,7,76.49,75.34,76.65,41834,1.924,False,nan,bun-threadsafe.jsonl
bun,threadsafe,memory_per_worker,False,own_connection,fts,False,3200,4,7,58.96,58.69,60.90,54275,2.496,False,nan,bun-threadsafe.jsonl
bun,threadsafe,memory_per_worker,False,own_connection,fts,False,3200,8,7,60.64,57.54,63.41,52767,2.426,False,nan,bun-threadsafe.jsonl
bun,threadsafe,memory_per_worker,False,own_connection,fts,True,3200,1,7,143.90,142.91,148.93,22238,1.000,False,nan,bun-threadsafe.jsonl
bun,threadsafe,memory_per_worker,False,own_connection,fts,True,3200,16,7,68.24,65.06,72.43,46896,2.109,False,nan,bun-threadsafe.jsonl
bun,threadsafe,memory_per_worker,False,own_connection,fts,True,3200,2,7,76.05,75.24,82.41,42080,1.892,False,nan,bun-threadsafe.jsonl
bun,threadsafe,memory_per_worker,False,own_connection,fts,True,3200,32,7,79.64,73.42,80.96,40181,1.807,False,nan,bun-threadsafe.jsonl
bun,threadsafe,memory_per_worker,False,own_connection,fts,True,3200,4,7,53.02,50.31,55.67,60350,2.714,False,nan,bun-threadsafe.jsonl
bun,threadsafe,memory_per_worker,False,own_connection,fts,True,3200,8,7,46.03,40.76,50.99,69526,3.126,False,nan,bun-threadsafe.jsonl
bun,threadsafe,memory_per_worker,False,own_connection,insert,False,9600,1,7,201.01,191.60,206.04,47758,1.000,False,nan,bun-threadsafe.jsonl
bun,threadsafe,memory_per_worker,False,own_connection,insert,False,9600,16,7,126.19,125.75,127.73,76078,1.593,False,nan,bun-threadsafe.jsonl
bun,threadsafe,memory_per_worker,False,own_connection,insert,False,9600,2,7,104.66,101.98,107.15,91729,1.921,False,nan,bun-threadsafe.jsonl
bun,threadsafe,memory_per_worker,False,own_connection,insert,False,9600,32,7,131.09,126.80,132.94,73232,1.533,False,nan,bun-threadsafe.jsonl
bun,threadsafe,memory_per_worker,False,own_connection,insert,False,9600,4,7,71.65,70.28,75.57,133994,2.806,False,nan,bun-threadsafe.jsonl
bun,threadsafe,memory_per_worker,False,own_connection,insert,False,9600,8,7,104.68,99.49,106.43,91707,1.920,False,nan,bun-threadsafe.jsonl
bun,threadsafe,memory_per_worker,False,own_connection,mix,False,160000,1,7,117.98,116.97,123.41,1356115,1.000,False,nan,bun-threadsafe.jsonl
bun,threadsafe,memory_per_worker,False,own_connection,mix,False,160000,16,7,193.27,189.57,194.77,827836,0.610,False,nan,bun-threadsafe.jsonl
bun,threadsafe,memory_per_worker,False,own_connection,mix,False,160000,2,7,84.62,80.83,85.87,1890891,1.394,False,nan,bun-threadsafe.jsonl
bun,threadsafe,memory_per_worker,False,own_connection,mix,False,160000,32,7,200.63,198.56,204.00,797469,0.588,False,nan,bun-threadsafe.jsonl
bun,threadsafe,memory_per_worker,False,own_connection,mix,False,160000,4,7,106.83,98.64,117.69,1497723,1.104,False,nan,bun-threadsafe.jsonl
bun,threadsafe,memory_per_worker,False,own_connection,mix,False,160000,8,7,164.88,159.83,171.01,970405,0.716,False,nan,bun-threadsafe.jsonl
bun,threadsafe,memory_per_worker,False,own_connection,point,False,256000,1,7,144.02,142.67,144.87,1777482,1.000,False,nan,bun-threadsafe.jsonl
bun,threadsafe,memory_per_worker,False,own_connection,point,False,256000,16,7,113.27,111.11,116.31,2260125,1.272,False,nan,bun-threadsafe.jsonl
bun,threadsafe,memory_per_worker,False,own_connection,point,False,256000,2,7,81.25,79.59,81.91,3150826,1.773,False,nan,bun-threadsafe.jsonl
bun,threadsafe,memory_per_worker,False,own_connection,point,False,256000,32,7,99.06,97.82,100.16,2584189,1.454,False,nan,bun-threadsafe.jsonl
bun,threadsafe,memory_per_worker,False,own_connection,point,False,256000,4,7,48.35,47.32,53.67,5294314,2.979,False,nan,bun-threadsafe.jsonl
bun,threadsafe,memory_per_worker,False,own_connection,point,False,256000,8,7,83.31,77.65,85.88,3073020,1.729,False,nan,bun-threadsafe.jsonl
bun,threadsafe,memory_per_worker,False,own_connection,point,True,256000,1,7,116.80,115.93,127.56,2191867,1.000,False,nan,bun-threadsafe.jsonl
bun,threadsafe,memory_per_worker,False,own_connection,point,True,256000,16,7,14.90,13.53,15.55,17179632,7.838,False,nan,bun-threadsafe.jsonl
bun,threadsafe,memory_per_worker,False,own_connection,point,True,256000,2,7,58.45,57.24,58.74,4379834,1.998,False,nan,bun-threadsafe.jsonl
bun,threadsafe,memory_per_worker,False,own_connection,point,True,256000,32,7,8.02,7.68,9.16,31916235,14.561,False,nan,bun-threadsafe.jsonl
bun,threadsafe,memory_per_worker,False,own_connection,point,True,256000,4,7,33.89,32.78,34.98,7553657,3.446,False,nan,bun-threadsafe.jsonl
bun,threadsafe,memory_per_worker,False,own_connection,point,True,256000,8,7,17.86,16.45,18.22,14332837,6.539,False,nan,bun-threadsafe.jsonl
bun,threadsafe,memory_per_worker,False,own_connection,range,False,4800,1,7,244.33,242.81,245.53,19646,1.000,False,nan,bun-threadsafe.jsonl
bun,threadsafe,memory_per_worker,False,own_connection,range,False,4800,16,7,22.67,22.24,25.35,211721,10.777,False,nan,bun-threadsafe.jsonl
bun,threadsafe,memory_per_worker,False,own_connection,range,False,4800,2,7,124.12,122.77,130.10,38672,1.968,False,nan,bun-threadsafe.jsonl
bun,threadsafe,memory_per_worker,False,own_connection,range,False,4800,32,7,14.57,13.85,14.81,329454,16.770,False,nan,bun-threadsafe.jsonl
bun,threadsafe,memory_per_worker,False,own_connection,range,False,4800,4,7,68.07,67.64,71.26,70515,3.589,False,nan,bun-threadsafe.jsonl
bun,threadsafe,memory_per_worker,False,own_connection,range,False,4800,8,7,38.02,35.74,39.27,126239,6.426,False,nan,bun-threadsafe.jsonl
bun,threadsafe,memory_per_worker,False,own_connection,range,True,4800,1,7,245.70,237.41,249.21,19536,1.000,False,nan,bun-threadsafe.jsonl
bun,threadsafe,memory_per_worker,False,own_connection,range,True,4800,16,7,21.99,18.63,25.60,218240,11.171,False,nan,bun-threadsafe.jsonl
bun,threadsafe,memory_per_worker,False,own_connection,range,True,4800,2,7,125.57,120.12,138.19,38226,1.957,False,nan,bun-threadsafe.jsonl
bun,threadsafe,memory_per_worker,False,own_connection,range,True,4800,32,7,13.28,13.02,13.70,361485,18.504,False,nan,bun-threadsafe.jsonl
bun,threadsafe,memory_per_worker,False,own_connection,range,True,4800,4,7,69.35,64.14,71.81,69218,3.543,False,nan,bun-threadsafe.jsonl
bun,threadsafe,memory_per_worker,False,own_connection,range,True,4800,8,7,35.72,35.24,42.07,134396,6.879,False,nan,bun-threadsafe.jsonl
bun,threadsafe,memory_per_worker,False,own_connection,scan,False,32,1,7,1195.49,1188.73,1199.44,27,1.000,False,nan,bun-threadsafe.jsonl
bun,threadsafe,memory_per_worker,False,own_connection,scan,False,32,16,7,3240.59,3206.52,3258.67,10,0.369,False,nan,bun-threadsafe.jsonl
bun,threadsafe,memory_per_worker,False,own_connection,scan,False,32,2,7,1292.10,1245.85,1361.32,25,0.925,False,nan,bun-threadsafe.jsonl
bun,threadsafe,memory_per_worker,False,own_connection,scan,False,32,32,7,3253.07,3210.20,3294.73,10,0.367,False,nan,bun-threadsafe.jsonl
bun,threadsafe,memory_per_worker,False,own_connection,scan,False,32,4,7,1877.97,1775.48,2373.78,17,0.637,False,nan,bun-threadsafe.jsonl
bun,threadsafe,memory_per_worker,False,own_connection,scan,False,32,8,7,2882.38,2546.38,3152.39,11,0.415,False,nan,bun-threadsafe.jsonl
bun,threadsafe,memory_per_worker,False,own_connection,sort,False,3200,1,7,620.67,618.02,625.51,5156,1.000,False,nan,bun-threadsafe.jsonl
bun,threadsafe,memory_per_worker,False,own_connection,sort,False,3200,16,7,64.37,62.15,65.01,49714,9.642,False,nan,bun-threadsafe.jsonl
bun,threadsafe,memory_per_worker,False,own_connection,sort,False,3200,2,7,314.02,312.36,318.54,10190,1.976,False,nan,bun-threadsafe.jsonl
bun,threadsafe,memory_per_worker,False,own_connection,sort,False,3200,32,7,50.51,50.28,50.70,63351,12.288,False,nan,bun-threadsafe.jsonl
bun,threadsafe,memory_per_worker,False,own_connection,sort,False,3200,4,7,170.97,165.98,173.96,18717,3.630,False,nan,bun-threadsafe.jsonl
bun,threadsafe,memory_per_worker,False,own_connection,sort,False,3200,8,7,91.53,88.38,93.57,34960,6.781,False,nan,bun-threadsafe.jsonl
bun,threadsafe,memory_per_worker,False,own_connection,sort,True,3200,1,7,617.86,615.10,623.15,5179,1.000,False,nan,bun-threadsafe.jsonl
bun,threadsafe,memory_per_worker,False,own_connection,sort,True,3200,16,7,59.82,57.85,61.65,53494,10.329,False,nan,bun-threadsafe.jsonl
bun,threadsafe,memory_per_worker,False,own_connection,sort,True,3200,2,7,309.85,306.68,311.08,10328,1.994,False,nan,bun-threadsafe.jsonl
bun,threadsafe,memory_per_worker,False,own_connection,sort,True,3200,32,7,50.34,49.88,50.52,63570,12.274,False,nan,bun-threadsafe.jsonl
bun,threadsafe,memory_per_worker,False,own_connection,sort,True,3200,4,7,165.34,164.47,166.88,19354,3.737,False,nan,bun-threadsafe.jsonl
bun,threadsafe,memory_per_worker,False,own_connection,sort,True,3200,8,7,89.20,87.36,96.23,35876,6.927,False,nan,bun-threadsafe.jsonl
bun,threadsafe,memory_per_worker,True,own_connection,fts,False,3200,1,7,150.69,147.84,152.46,21236,1.000,False,nan,bun-threadsafe.jsonl
bun,threadsafe,memory_per_worker,True,own_connection,fts,False,3200,16,7,73.97,71.32,74.91,43263,2.037,False,nan,bun-threadsafe.jsonl
bun,threadsafe,memory_per_worker,True,own_connection,fts,False,3200,2,7,83.27,81.25,89.11,38427,1.810,False,nan,bun-threadsafe.jsonl
bun,threadsafe,memory_per_worker,True,own_connection,fts,False,3200,32,7,87.83,83.57,89.18,36434,1.716,False,nan,bun-threadsafe.jsonl
bun,threadsafe,memory_per_worker,True,own_connection,fts,False,3200,4,7,45.32,43.86,47.07,70616,3.325,False,nan,bun-threadsafe.jsonl
bun,threadsafe,memory_per_worker,True,own_connection,fts,False,3200,8,7,58.51,55.69,60.54,54690,2.575,False,nan,bun-threadsafe.jsonl
bun,threadsafe,memory_per_worker,True,own_connection,fts,True,3200,1,7,148.82,146.88,149.14,21503,1.000,False,nan,bun-threadsafe.jsonl
bun,threadsafe,memory_per_worker,True,own_connection,fts,True,3200,16,7,73.84,72.71,78.01,43339,2.015,False,nan,bun-threadsafe.jsonl
bun,threadsafe,memory_per_worker,True,own_connection,fts,True,3200,2,7,76.28,75.57,77.15,41949,1.951,False,nan,bun-threadsafe.jsonl
bun,threadsafe,memory_per_worker,True,own_connection,fts,True,3200,32,7,83.21,81.10,85.17,38457,1.788,False,nan,bun-threadsafe.jsonl
bun,threadsafe,memory_per_worker,True,own_connection,fts,True,3200,4,7,43.30,41.59,45.05,73910,3.437,False,nan,bun-threadsafe.jsonl
bun,threadsafe,memory_per_worker,True,own_connection,fts,True,3200,8,7,56.58,41.56,61.02,56561,2.630,False,nan,bun-threadsafe.jsonl
bun,threadsafe,memory_per_worker,True,own_connection,insert,False,9600,1,7,174.86,174.16,176.18,54901,1.000,False,nan,bun-threadsafe.jsonl
bun,threadsafe,memory_per_worker,True,own_connection,insert,False,9600,16,7,125.36,124.46,128.05,76582,1.395,False,nan,bun-threadsafe.jsonl
bun,threadsafe,memory_per_worker,True,own_connection,insert,False,9600,2,7,90.26,89.97,91.84,106362,1.937,False,nan,bun-threadsafe.jsonl
bun,threadsafe,memory_per_worker,True,own_connection,insert,False,9600,32,7,130.92,127.35,133.06,73329,1.336,False,nan,bun-threadsafe.jsonl
bun,threadsafe,memory_per_worker,True,own_connection,insert,False,9600,4,7,61.68,59.33,70.70,155630,2.835,False,nan,bun-threadsafe.jsonl
bun,threadsafe,memory_per_worker,True,own_connection,insert,False,9600,8,7,94.70,92.59,97.20,101378,1.847,False,nan,bun-threadsafe.jsonl
bun,threadsafe,memory_per_worker,True,own_connection,mix,False,160000,1,7,112.04,111.98,112.66,1428076,1.000,False,nan,bun-threadsafe.jsonl
bun,threadsafe,memory_per_worker,True,own_connection,mix,False,160000,16,7,190.93,190.02,198.77,838012,0.587,False,nan,bun-threadsafe.jsonl
bun,threadsafe,memory_per_worker,True,own_connection,mix,False,160000,2,7,80.03,78.69,81.88,1999176,1.400,False,nan,bun-threadsafe.jsonl
bun,threadsafe,memory_per_worker,True,own_connection,mix,False,160000,32,7,203.29,194.46,211.62,787039,0.551,False,nan,bun-threadsafe.jsonl
bun,threadsafe,memory_per_worker,True,own_connection,mix,False,160000,4,7,100.31,98.23,104.16,1595109,1.117,False,nan,bun-threadsafe.jsonl
bun,threadsafe,memory_per_worker,True,own_connection,mix,False,160000,8,7,153.55,151.15,155.16,1042027,0.730,False,nan,bun-threadsafe.jsonl
bun,threadsafe,memory_per_worker,True,own_connection,point,False,256000,1,7,131.64,131.43,131.97,1944761,1.000,False,nan,bun-threadsafe.jsonl
bun,threadsafe,memory_per_worker,True,own_connection,point,False,256000,16,7,120.97,118.66,122.68,2116279,1.088,False,nan,bun-threadsafe.jsonl
bun,threadsafe,memory_per_worker,True,own_connection,point,False,256000,2,7,72.91,72.04,78.26,3511194,1.805,False,nan,bun-threadsafe.jsonl
bun,threadsafe,memory_per_worker,True,own_connection,point,False,256000,32,7,100.44,100.19,103.14,2548805,1.311,False,nan,bun-threadsafe.jsonl
bun,threadsafe,memory_per_worker,True,own_connection,point,False,256000,4,7,48.39,46.83,49.79,5290494,2.720,False,nan,bun-threadsafe.jsonl
bun,threadsafe,memory_per_worker,True,own_connection,point,False,256000,8,7,95.70,92.75,96.88,2675021,1.376,False,nan,bun-threadsafe.jsonl
bun,threadsafe,memory_per_worker,True,own_connection,point,True,256000,1,7,102.93,102.55,105.36,2487241,1.000,False,nan,bun-threadsafe.jsonl
bun,threadsafe,memory_per_worker,True,own_connection,point,True,256000,16,7,11.21,10.77,11.58,22842305,9.184,False,nan,bun-threadsafe.jsonl
bun,threadsafe,memory_per_worker,True,own_connection,point,True,256000,2,7,53.75,52.31,56.11,4762899,1.915,False,nan,bun-threadsafe.jsonl
bun,threadsafe,memory_per_worker,True,own_connection,point,True,256000,32,7,6.28,6.03,6.78,40737218,16.378,False,nan,bun-threadsafe.jsonl
bun,threadsafe,memory_per_worker,True,own_connection,point,True,256000,4,7,29.61,28.77,33.54,8645483,3.476,False,nan,bun-threadsafe.jsonl
bun,threadsafe,memory_per_worker,True,own_connection,point,True,256000,8,7,18.50,15.59,23.54,13837473,5.563,False,nan,bun-threadsafe.jsonl
bun,threadsafe,memory_per_worker,True,own_connection,range,False,4800,1,7,251.47,249.50,263.64,19088,1.000,False,nan,bun-threadsafe.jsonl
bun,threadsafe,memory_per_worker,True,own_connection,range,False,4800,16,7,21.36,20.67,21.85,224746,11.774,False,nan,bun-threadsafe.jsonl
bun,threadsafe,memory_per_worker,True,own_connection,range,False,4800,2,7,131.28,129.03,133.75,36564,1.916,False,nan,bun-threadsafe.jsonl
bun,threadsafe,memory_per_worker,True,own_connection,range,False,4800,32,7,13.31,12.58,14.06,360676,18.896,False,nan,bun-threadsafe.jsonl
bun,threadsafe,memory_per_worker,True,own_connection,range,False,4800,4,7,66.19,63.74,68.10,72519,3.799,False,nan,bun-threadsafe.jsonl
bun,threadsafe,memory_per_worker,True,own_connection,range,False,4800,8,7,36.92,36.46,37.99,130004,6.811,False,nan,bun-threadsafe.jsonl
bun,threadsafe,memory_per_worker,True,own_connection,range,True,4800,1,7,266.02,251.92,274.19,18043,1.000,False,nan,bun-threadsafe.jsonl
bun,threadsafe,memory_per_worker,True,own_connection,range,True,4800,16,7,24.02,23.29,26.09,199803,11.073,False,nan,bun-threadsafe.jsonl
bun,threadsafe,memory_per_worker,True,own_connection,range,True,4800,2,7,128.13,125.04,129.76,37462,2.076,False,nan,bun-threadsafe.jsonl
bun,threadsafe,memory_per_worker,True,own_connection,range,True,4800,32,7,12.96,12.61,13.23,370316,20.524,False,nan,bun-threadsafe.jsonl
bun,threadsafe,memory_per_worker,True,own_connection,range,True,4800,4,7,71.09,66.23,72.81,67518,3.742,False,nan,bun-threadsafe.jsonl
bun,threadsafe,memory_per_worker,True,own_connection,range,True,4800,8,7,39.31,34.98,39.98,122114,6.768,False,nan,bun-threadsafe.jsonl
bun,threadsafe,memory_per_worker,True,own_connection,scan,False,32,1,7,1165.67,1150.84,1170.85,27,1.000,False,nan,bun-threadsafe.jsonl
bun,threadsafe,memory_per_worker,True,own_connection,scan,False,32,16,7,3194.17,3149.24,3238.16,10,0.365,False,nan,bun-threadsafe.jsonl
bun,threadsafe,memory_per_worker,True,own_connection,scan,False,32,2,7,1293.88,1251.02,1358.33,25,0.901,False,nan,bun-threadsafe.jsonl
bun,threadsafe,memory_per_worker,True,own_connection,scan,False,32,32,7,3296.68,3261.59,3348.55,10,0.354,False,nan,bun-threadsafe.jsonl
bun,threadsafe,memory_per_worker,True,own_connection,scan,False,32,4,7,1867.37,1836.84,1969.86,17,0.624,False,nan,bun-threadsafe.jsonl
bun,threadsafe,memory_per_worker,True,own_connection,scan,False,32,8,7,2738.10,2718.62,2760.19,12,0.426,False,nan,bun-threadsafe.jsonl
bun,threadsafe,memory_per_worker,True,own_connection,sort,False,3200,1,7,632.85,628.69,646.55,5057,1.000,False,nan,bun-threadsafe.jsonl
bun,threadsafe,memory_per_worker,True,own_connection,sort,False,3200,16,7,57.70,52.92,60.60,55459,10.968,False,nan,bun-threadsafe.jsonl
bun,threadsafe,memory_per_worker,True,own_connection,sort,False,3200,2,7,331.36,321.36,333.63,9657,1.910,False,nan,bun-threadsafe.jsonl
bun,threadsafe,memory_per_worker,True,own_connection,sort,False,3200,32,7,48.35,47.40,48.76,66190,13.090,False,nan,bun-threadsafe.jsonl
bun,threadsafe,memory_per_worker,True,own_connection,sort,False,3200,4,7,170.56,169.82,176.50,18761,3.710,False,nan,bun-threadsafe.jsonl
bun,threadsafe,memory_per_worker,True,own_connection,sort,False,3200,8,7,91.33,90.56,94.78,35039,6.930,False,nan,bun-threadsafe.jsonl
bun,threadsafe,memory_per_worker,True,own_connection,sort,True,3200,1,7,637.44,619.29,652.09,5020,1.000,False,nan,bun-threadsafe.jsonl
bun,threadsafe,memory_per_worker,True,own_connection,sort,True,3200,16,7,51.59,47.70,54.45,62023,12.355,False,nan,bun-threadsafe.jsonl
bun,threadsafe,memory_per_worker,True,own_connection,sort,True,3200,2,7,315.44,314.28,331.89,10145,2.021,False,nan,bun-threadsafe.jsonl
bun,threadsafe,memory_per_worker,True,own_connection,sort,True,3200,32,7,48.04,47.55,48.47,66610,13.269,False,nan,bun-threadsafe.jsonl
bun,threadsafe,memory_per_worker,True,own_connection,sort,True,3200,4,7,174.12,170.84,178.50,18378,3.661,False,nan,bun-threadsafe.jsonl
bun,threadsafe,memory_per_worker,True,own_connection,sort,True,3200,8,7,89.26,86.11,89.87,35851,7.141,False,nan,bun-threadsafe.jsonl
bun,threadsafe,memvfs_per_worker,False,own_connection,fts,False,3200,1,7,155.74,155.07,155.97,20548,1.000,False,nan,bun-threadsafe.jsonl
bun,threadsafe,memvfs_per_worker,False,own_connection,fts,False,3200,16,7,77.63,75.95,78.55,41221,2.006,False,nan,bun-threadsafe.jsonl
bun,threadsafe,memvfs_per_worker,False,own_connection,fts,False,3200,2,7,80.40,80.25,82.98,39801,1.937,False,nan,bun-threadsafe.jsonl
bun,threadsafe,memvfs_per_worker,False,own_connection,fts,False,3200,32,7,87.25,84.88,89.03,36677,1.785,False,nan,bun-threadsafe.jsonl
bun,threadsafe,memvfs_per_worker,False,own_connection,fts,False,3200,4,7,59.37,58.90,61.47,53899,2.623,False,nan,bun-threadsafe.jsonl
bun,threadsafe,memvfs_per_worker,False,own_connection,fts,False,3200,8,7,58.31,58.13,60.79,54884,2.671,False,nan,bun-threadsafe.jsonl
bun,threadsafe,memvfs_per_worker,False,own_connection,fts,True,3200,1,7,150.51,150.12,151.15,21261,1.000,False,nan,bun-threadsafe.jsonl
bun,threadsafe,memvfs_per_worker,False,own_connection,fts,True,3200,16,7,74.03,73.35,75.93,43225,2.033,False,nan,bun-threadsafe.jsonl
bun,threadsafe,memvfs_per_worker,False,own_connection,fts,True,3200,2,7,79.83,79.31,82.98,40087,1.885,False,nan,bun-threadsafe.jsonl
bun,threadsafe,memvfs_per_worker,False,own_connection,fts,True,3200,32,7,83.95,82.87,85.63,38117,1.793,False,nan,bun-threadsafe.jsonl
bun,threadsafe,memvfs_per_worker,False,own_connection,fts,True,3200,4,7,59.37,57.37,61.86,53901,2.535,False,nan,bun-threadsafe.jsonl
bun,threadsafe,memvfs_per_worker,False,own_connection,fts,True,3200,8,7,58.65,55.56,62.29,54562,2.566,False,nan,bun-threadsafe.jsonl
bun,threadsafe,memvfs_per_worker,False,own_connection,insert,False,9600,1,7,234.92,232.69,243.26,40865,1.000,False,nan,bun-threadsafe.jsonl
bun,threadsafe,memvfs_per_worker,False,own_connection,insert,False,9600,16,7,213.63,204.23,216.24,44938,1.100,False,nan,bun-threadsafe.jsonl
bun,threadsafe,memvfs_per_worker,False,own_connection,insert,False,9600,2,7,130.44,129.49,149.60,73596,1.801,False,nan,bun-threadsafe.jsonl
bun,threadsafe,memvfs_per_worker,False,own_connection,insert,False,9600,32,7,258.18,257.07,260.36,37183,0.910,False,nan,bun-threadsafe.jsonl
bun,threadsafe,memvfs_per_worker,False,own_connection,insert,False,9600,4,7,165.28,153.31,168.13,58083,1.421,False,nan,bun-threadsafe.jsonl
bun,threadsafe,memvfs_per_worker,False,own_connection,insert,False,9600,8,7,187.60,183.59,193.82,51174,1.252,False,nan,bun-threadsafe.jsonl
bun,threadsafe,memvfs_per_worker,False,own_connection,mix,False,160000,1,7,215.45,212.57,217.41,742619,1.000,False,nan,bun-threadsafe.jsonl
bun,threadsafe,memvfs_per_worker,False,own_connection,mix,False,160000,16,7,326.35,315.04,331.05,490278,0.660,False,nan,bun-threadsafe.jsonl
bun,threadsafe,memvfs_per_worker,False,own_connection,mix,False,160000,2,7,188.55,185.08,190.40,848589,1.143,False,nan,bun-threadsafe.jsonl
bun,threadsafe,memvfs_per_worker,False,own_connection,mix,False,160000,32,7,442.37,421.35,447.34,361690,0.487,False,nan,bun-threadsafe.jsonl
bun,threadsafe,memvfs_per_worker,False,own_connection,mix,False,160000,4,7,240.04,211.78,262.52,666561,0.898,False,nan,bun-threadsafe.jsonl
bun,threadsafe,memvfs_per_worker,False,own_connection,mix,False,160000,8,7,261.41,256.73,264.36,612070,0.824,False,nan,bun-threadsafe.jsonl
bun,threadsafe,memvfs_per_worker,False,own_connection,point,False,256000,1,7,227.43,217.85,235.02,1125641,1.000,False,nan,bun-threadsafe.jsonl
bun,threadsafe,memvfs_per_worker,False,own_connection,point,False,256000,16,7,235.84,231.88,241.15,1085493,0.964,False,nan,bun-threadsafe.jsonl
bun,threadsafe,memvfs_per_worker,False,own_connection,point,False,256000,2,7,134.35,124.71,147.69,1905424,1.693,False,nan,bun-threadsafe.jsonl
bun,threadsafe,memvfs_per_worker,False,own_connection,point,False,256000,32,7,220.53,218.28,223.86,1160841,1.031,False,nan,bun-threadsafe.jsonl
bun,threadsafe,memvfs_per_worker,False,own_connection,point,False,256000,4,7,112.13,109.53,114.47,2283106,2.028,False,nan,bun-threadsafe.jsonl
bun,threadsafe,memvfs_per_worker,False,own_connection,point,False,256000,8,7,206.33,198.55,210.00,1240707,1.102,False,nan,bun-threadsafe.jsonl
bun,threadsafe,memvfs_per_worker,False,own_connection,point,True,256000,1,7,124.27,122.75,127.89,2060006,1.000,False,nan,bun-threadsafe.jsonl
bun,threadsafe,memvfs_per_worker,False,own_connection,point,True,256000,16,7,13.85,13.80,14.51,18482647,8.972,False,nan,bun-threadsafe.jsonl
bun,threadsafe,memvfs_per_worker,False,own_connection,point,True,256000,2,7,65.61,62.09,65.99,3901896,1.894,False,nan,bun-threadsafe.jsonl
bun,threadsafe,memvfs_per_worker,False,own_connection,point,True,256000,32,7,7.66,7.41,7.87,33431404,16.229,False,nan,bun-threadsafe.jsonl
bun,threadsafe,memvfs_per_worker,False,own_connection,point,True,256000,4,7,37.92,33.79,39.18,6750851,3.277,False,nan,bun-threadsafe.jsonl
bun,threadsafe,memvfs_per_worker,False,own_connection,point,True,256000,8,7,19.75,16.62,20.03,12959462,6.291,False,nan,bun-threadsafe.jsonl
bun,threadsafe,memvfs_per_worker,False,own_connection,range,False,4800,1,7,258.07,256.71,268.18,18599,1.000,False,nan,bun-threadsafe.jsonl
bun,threadsafe,memvfs_per_worker,False,own_connection,range,False,4800,16,7,27.01,24.06,27.31,177705,9.554,False,nan,bun-threadsafe.jsonl
bun,threadsafe,memvfs_per_worker,False,own_connection,range,False,4800,2,7,133.19,131.24,137.19,36039,1.938,False,nan,bun-threadsafe.jsonl
bun,threadsafe,memvfs_per_worker,False,own_connection,range,False,4800,32,7,15.89,15.52,18.38,302093,16.242,False,nan,bun-threadsafe.jsonl
bun,threadsafe,memvfs_per_worker,False,own_connection,range,False,4800,4,7,84.24,75.40,107.65,56981,3.064,False,nan,bun-threadsafe.jsonl
bun,threadsafe,memvfs_per_worker,False,own_connection,range,False,4800,8,7,40.38,36.40,50.05,118863,6.391,False,nan,bun-threadsafe.jsonl
bun,threadsafe,memvfs_per_worker,False,own_connection,range,True,4800,1,7,255.09,252.84,259.51,18817,1.000,False,nan,bun-threadsafe.jsonl
bun,threadsafe,memvfs_per_worker,False,own_connection,range,True,4800,16,7,18.95,17.42,24.27,253341,13.463,False,nan,bun-threadsafe.jsonl
bun,threadsafe,memvfs_per_worker,False,own_connection,range,True,4800,2,7,133.01,132.00,138.56,36087,1.918,False,nan,bun-threadsafe.jsonl
bun,threadsafe,memvfs_per_worker,False,own_connection,range,True,4800,32,7,17.18,13.39,18.18,279388,14.847,False,nan,bun-threadsafe.jsonl
bun,threadsafe,memvfs_per_worker,False,own_connection,range,True,4800,4,7,67.55,66.02,69.51,71059,3.776,False,nan,bun-threadsafe.jsonl
bun,threadsafe,memvfs_per_worker,False,own_connection,range,True,4800,8,7,36.47,35.41,37.17,131628,6.995,False,nan,bun-threadsafe.jsonl
bun,threadsafe,memvfs_per_worker,False,own_connection,scan,False,32,1,7,1550.92,1492.13,1610.13,21,1.000,False,nan,bun-threadsafe.jsonl
bun,threadsafe,memvfs_per_worker,False,own_connection,scan,False,32,16,7,3352.95,3327.14,3598.41,10,0.463,False,nan,bun-threadsafe.jsonl
bun,threadsafe,memvfs_per_worker,False,own_connection,scan,False,32,2,7,1360.59,1320.39,1537.26,24,1.140,False,nan,bun-threadsafe.jsonl
bun,threadsafe,memvfs_per_worker,False,own_connection,scan,False,32,32,7,3443.14,3347.74,3689.16,9,0.450,False,nan,bun-threadsafe.jsonl
bun,threadsafe,memvfs_per_worker,False,own_connection,scan,False,32,4,7,1851.25,1847.77,1964.80,17,0.838,False,nan,bun-threadsafe.jsonl
bun,threadsafe,memvfs_per_worker,False,own_connection,scan,False,32,8,7,2629.96,2586.15,3027.01,12,0.590,False,nan,bun-threadsafe.jsonl
bun,threadsafe,memvfs_per_worker,False,own_connection,sort,False,3200,1,7,636.16,631.25,654.74,5030,1.000,False,nan,bun-threadsafe.jsonl
bun,threadsafe,memvfs_per_worker,False,own_connection,sort,False,3200,16,7,57.92,56.46,65.25,55249,10.983,False,nan,bun-threadsafe.jsonl
bun,threadsafe,memvfs_per_worker,False,own_connection,sort,False,3200,2,7,327.85,325.24,331.42,9761,1.940,False,nan,bun-threadsafe.jsonl
bun,threadsafe,memvfs_per_worker,False,own_connection,sort,False,3200,32,7,54.68,53.09,57.53,58522,11.634,False,nan,bun-threadsafe.jsonl
bun,threadsafe,memvfs_per_worker,False,own_connection,sort,False,3200,4,7,173.41,164.96,174.84,18453,3.668,False,nan,bun-threadsafe.jsonl
bun,threadsafe,memvfs_per_worker,False,own_connection,sort,False,3200,8,7,94.29,93.63,110.88,33938,6.747,False,nan,bun-threadsafe.jsonl
bun,threadsafe,memvfs_per_worker,False,own_connection,sort,True,3200,1,7,637.13,632.97,644.46,5023,1.000,False,nan,bun-threadsafe.jsonl
bun,threadsafe,memvfs_per_worker,False,own_connection,sort,True,3200,16,7,57.77,54.66,63.03,55389,11.028,False,nan,bun-threadsafe.jsonl
bun,threadsafe,memvfs_per_worker,False,own_connection,sort,True,3200,2,7,326.45,320.17,328.95,9802,1.952,False,nan,bun-threadsafe.jsonl
bun,threadsafe,memvfs_per_worker,False,own_connection,sort,True,3200,32,7,51.04,50.51,51.82,62702,12.484,False,nan,bun-threadsafe.jsonl
bun,threadsafe,memvfs_per_worker,False,own_connection,sort,True,3200,4,7,167.28,162.52,173.39,19129,3.809,False,nan,bun-threadsafe.jsonl
bun,threadsafe,memvfs_per_worker,False,own_connection,sort,True,3200,8,7,98.96,94.83,106.09,32337,6.438,False,nan,bun-threadsafe.jsonl
bun,threadsafe,memvfs_shared,False,one_server_worker,point,False,256000,1,7,3927.24,3800.12,4000.90,65186,1.000,False,nan,bun-threadsafe.jsonl
bun,threadsafe,memvfs_shared,False,one_server_worker,point,False,256000,16,7,1440.60,1364.95,1541.19,177704,2.726,False,nan,bun-threadsafe.jsonl
bun,threadsafe,memvfs_shared,False,one_server_worker,point,False,256000,2,7,2006.32,1821.75,2412.83,127597,1.957,False,nan,bun-threadsafe.jsonl
bun,threadsafe,memvfs_shared,False,one_server_worker,point,False,256000,32,7,1393.19,1320.23,1433.12,183751,2.819,False,nan,bun-threadsafe.jsonl
bun,threadsafe,memvfs_shared,False,one_server_worker,point,False,256000,4,7,1423.69,1411.91,1527.48,179814,2.758,False,nan,bun-threadsafe.jsonl
bun,threadsafe,memvfs_shared,False,one_server_worker,point,False,256000,8,7,1472.40,1404.26,1534.33,173866,2.667,False,nan,bun-threadsafe.jsonl
bun,threadsafe,memvfs_shared,False,one_server_worker,range,False,4800,1,7,377.37,370.80,384.43,12719,1.000,False,nan,bun-threadsafe.jsonl
bun,threadsafe,memvfs_shared,False,one_server_worker,range,False,4800,16,7,275.93,274.28,288.79,17395,1.368,False,nan,bun-threadsafe.jsonl
bun,threadsafe,memvfs_shared,False,one_server_worker,range,False,4800,2,7,281.15,275.97,291.03,17072,1.342,False,nan,bun-threadsafe.jsonl
bun,threadsafe,memvfs_shared,False,one_server_worker,range,False,4800,32,7,275.53,274.77,281.58,17421,1.370,False,nan,bun-threadsafe.jsonl
bun,threadsafe,memvfs_shared,False,one_server_worker,range,False,4800,4,7,279.09,273.12,295.22,17199,1.352,False,nan,bun-threadsafe.jsonl
bun,threadsafe,memvfs_shared,False,one_server_worker,range,False,4800,8,7,287.21,270.50,300.48,16713,1.314,False,nan,bun-threadsafe.jsonl
bun,threadsafe,memvfs_shared,False,own_connection,fts,False,3200,1,7,152.19,151.19,152.64,21026,1.000,False,nan,bun-threadsafe.jsonl
bun,threadsafe,memvfs_shared,False,own_connection,fts,False,3200,16,7,79.05,76.70,80.27,40479,1.925,False,nan,bun-threadsafe.jsonl
bun,threadsafe,memvfs_shared,False,own_connection,fts,False,3200,2,7,78.39,77.75,79.43,40820,1.941,False,nan,bun-threadsafe.jsonl
bun,threadsafe,memvfs_shared,False,own_connection,fts,False,3200,32,7,84.53,83.45,88.12,37855,1.800,False,nan,bun-threadsafe.jsonl
bun,threadsafe,memvfs_shared,False,own_connection,fts,False,3200,4,7,61.97,60.00,62.58,51641,2.456,False,nan,bun-threadsafe.jsonl
bun,threadsafe,memvfs_shared,False,own_connection,fts,False,3200,8,7,60.84,57.18,63.25,52594,2.501,False,nan,bun-threadsafe.jsonl
bun,threadsafe,memvfs_shared,False,own_connection,fts,True,3200,1,7,147.86,145.91,148.32,21642,1.000,False,nan,bun-threadsafe.jsonl
bun,threadsafe,memvfs_shared,False,own_connection,fts,True,3200,16,7,72.91,72.24,73.99,43888,2.028,False,nan,bun-threadsafe.jsonl
bun,threadsafe,memvfs_shared,False,own_connection,fts,True,3200,2,7,77.30,76.16,79.93,41398,1.913,False,nan,bun-threadsafe.jsonl
bun,threadsafe,memvfs_shared,False,own_connection,fts,True,3200,32,7,82.50,79.94,85.17,38787,1.792,False,nan,bun-threadsafe.jsonl
bun,threadsafe,memvfs_shared,False,own_connection,fts,True,3200,4,7,61.73,57.09,63.70,51838,2.395,False,nan,bun-threadsafe.jsonl
bun,threadsafe,memvfs_shared,False,own_connection,fts,True,3200,8,7,54.69,52.60,57.47,58509,2.703,False,nan,bun-threadsafe.jsonl
bun,threadsafe,memvfs_shared,False,own_connection,insert,False,9600,1,7,226.16,225.23,232.55,42449,1.000,False,nan,bun-threadsafe.jsonl
bun,threadsafe,memvfs_shared,False,own_connection,insert,False,9600,16,7,1047.72,949.23,1048.92,9163,0.216,False,nan,bun-threadsafe.jsonl
bun,threadsafe,memvfs_shared,False,own_connection,insert,False,9600,2,7,244.40,242.23,245.10,39279,0.925,False,nan,bun-threadsafe.jsonl
bun,threadsafe,memvfs_shared,False,own_connection,insert,False,9600,32,7,2540.39,2441.09,2541.42,3779,0.089,False,nan,bun-threadsafe.jsonl
bun,threadsafe,memvfs_shared,False,own_connection,insert,False,9600,4,7,389.85,388.84,392.11,24625,0.580,False,nan,bun-threadsafe.jsonl
bun,threadsafe,memvfs_shared,False,own_connection,insert,False,9600,8,7,462.81,462.09,463.38,20743,0.489,False,nan,bun-threadsafe.jsonl
bun,threadsafe,memvfs_shared,False,own_connection,mix,False,160000,1,7,208.86,204.95,212.55,766080,1.000,False,nan,bun-threadsafe.jsonl
bun,threadsafe,memvfs_shared,False,own_connection,mix,False,160000,16,7,919.77,774.54,1170.51,173956,0.227,False,nan,bun-threadsafe.jsonl
bun,threadsafe,memvfs_shared,False,own_connection,mix,False,160000,2,7,328.72,308.01,397.74,486742,0.635,False,nan,bun-threadsafe.jsonl
bun,threadsafe,memvfs_shared,False,own_connection,mix,False,160000,32,7,1471.77,1294.33,1685.24,108712,0.142,False,nan,bun-threadsafe.jsonl
bun,threadsafe,memvfs_shared,False,own_connection,mix,False,160000,4,7,436.95,432.19,463.08,366173,0.478,False,nan,bun-threadsafe.jsonl
bun,threadsafe,memvfs_shared,False,own_connection,mix,False,160000,8,7,588.42,478.43,689.29,271913,0.355,False,nan,bun-threadsafe.jsonl
bun,threadsafe,memvfs_shared,False,own_connection,point,False,256000,1,7,209.85,207.62,215.37,1219941,1.000,False,nan,bun-threadsafe.jsonl
bun,threadsafe,memvfs_shared,False,own_connection,point,False,256000,16,7,433.77,426.88,444.14,590173,0.484,False,nan,bun-threadsafe.jsonl
bun,threadsafe,memvfs_shared,False,own_connection,point,False,256000,2,7,131.14,129.47,133.30,1952092,1.600,False,nan,bun-threadsafe.jsonl
bun,threadsafe,memvfs_shared,False,own_connection,point,False,256000,32,7,392.19,391.13,400.18,652749,0.535,False,nan,bun-threadsafe.jsonl
bun,threadsafe,memvfs_shared,False,own_connection,point,False,256000,4,7,226.21,212.74,239.95,1131707,0.928,False,nan,bun-threadsafe.jsonl
bun,threadsafe,memvfs_shared,False,own_connection,point,False,256000,8,7,368.12,362.06,381.37,695426,0.570,False,nan,bun-threadsafe.jsonl
bun,threadsafe,memvfs_shared,False,own_connection,point,True,256000,1,7,118.95,118.77,119.57,2152157,1.000,False,nan,bun-threadsafe.jsonl
bun,threadsafe,memvfs_shared,False,own_connection,point,True,256000,16,7,13.60,12.80,14.18,18829140,8.749,False,nan,bun-threadsafe.jsonl
bun,threadsafe,memvfs_shared,False,own_connection,point,True,256000,2,7,62.98,62.20,63.06,4064626,1.889,False,nan,bun-threadsafe.jsonl
bun,threadsafe,memvfs_shared,False,own_connection,point,True,256000,32,7,8.78,8.37,9.26,29157078,13.548,False,nan,bun-threadsafe.jsonl
bun,threadsafe,memvfs_shared,False,own_connection,point,True,256000,4,7,34.47,33.55,42.14,7426649,3.451,False,nan,bun-threadsafe.jsonl
bun,threadsafe,memvfs_shared,False,own_connection,point,True,256000,8,7,23.10,22.54,26.38,11079979,5.148,False,nan,bun-threadsafe.jsonl
bun,threadsafe,memvfs_shared,False,own_connection,range,False,4800,1,7,256.85,251.41,258.95,18688,1.000,False,nan,bun-threadsafe.jsonl
bun,threadsafe,memvfs_shared,False,own_connection,range,False,4800,16,7,26.33,25.83,26.68,182318,9.756,False,nan,bun-threadsafe.jsonl
bun,threadsafe,memvfs_shared,False,own_connection,range,False,4800,2,7,136.71,129.09,149.32,35110,1.879,False,nan,bun-threadsafe.jsonl
bun,threadsafe,memvfs_shared,False,own_connection,range,False,4800,32,7,13.78,13.56,16.44,348207,18.633,False,nan,bun-threadsafe.jsonl
bun,threadsafe,memvfs_shared,False,own_connection,range,False,4800,4,7,73.03,72.59,74.90,65729,3.517,False,nan,bun-threadsafe.jsonl
bun,threadsafe,memvfs_shared,False,own_connection,range,False,4800,8,7,39.66,37.71,46.91,121024,6.476,False,nan,bun-threadsafe.jsonl
bun,threadsafe,memvfs_shared,False,own_connection,range,True,4800,1,7,250.56,250.12,250.76,19157,1.000,False,nan,bun-threadsafe.jsonl
bun,threadsafe,memvfs_shared,False,own_connection,range,True,4800,16,7,23.76,22.60,25.14,202028,10.546,False,nan,bun-threadsafe.jsonl
bun,threadsafe,memvfs_shared,False,own_connection,range,True,4800,2,7,134.81,132.78,135.08,35607,1.859,False,nan,bun-threadsafe.jsonl
bun,threadsafe,memvfs_shared,False,own_connection,range,True,4800,32,7,14.17,13.44,14.92,338851,17.688,False,nan,bun-threadsafe.jsonl
bun,threadsafe,memvfs_shared,False,own_connection,range,True,4800,4,7,71.12,68.46,73.20,67488,3.523,False,nan,bun-threadsafe.jsonl
bun,threadsafe,memvfs_shared,False,own_connection,range,True,4800,8,7,37.41,35.92,39.14,128314,6.698,False,nan,bun-threadsafe.jsonl
bun,threadsafe,memvfs_shared,False,own_connection,scan,False,32,1,7,1140.27,1118.87,1270.92,28,1.000,False,nan,bun-threadsafe.jsonl
bun,threadsafe,memvfs_shared,False,own_connection,scan,False,32,16,7,3166.86,3148.00,3198.42,10,0.360,False,nan,bun-threadsafe.jsonl
bun,threadsafe,memvfs_shared,False,own_connection,scan,False,32,2,7,1140.64,1128.44,1274.96,28,1.000,False,nan,bun-threadsafe.jsonl
bun,threadsafe,memvfs_shared,False,own_connection,scan,False,32,32,7,3308.27,3273.44,3411.29,10,0.345,False,nan,bun-threadsafe.jsonl
bun,threadsafe,memvfs_shared,False,own_connection,scan,False,32,4,7,1938.36,1808.57,1957.09,17,0.588,False,nan,bun-threadsafe.jsonl
bun,threadsafe,memvfs_shared,False,own_connection,scan,False,32,8,7,2612.93,2573.21,2722.18,12,0.436,False,nan,bun-threadsafe.jsonl
bun,threadsafe,memvfs_shared,False,own_connection,sort,False,3200,1,7,617.44,608.44,624.82,5183,1.000,False,nan,bun-threadsafe.jsonl
bun,threadsafe,memvfs_shared,False,own_connection,sort,False,3200,16,7,51.28,48.21,52.49,62403,12.041,False,nan,bun-threadsafe.jsonl
bun,threadsafe,memvfs_shared,False,own_connection,sort,False,3200,2,7,321.86,321.38,324.94,9942,1.918,False,nan,bun-threadsafe.jsonl
bun,threadsafe,memvfs_shared,False,own_connection,sort,False,3200,32,7,46.01,45.42,46.30,69549,13.419,False,nan,bun-threadsafe.jsonl
bun,threadsafe,memvfs_shared,False,own_connection,sort,False,3200,4,7,174.10,168.07,176.77,18381,3.547,False,nan,bun-threadsafe.jsonl
bun,threadsafe,memvfs_shared,False,own_connection,sort,False,3200,8,7,89.43,88.43,91.30,35782,6.904,False,nan,bun-threadsafe.jsonl
bun,threadsafe,memvfs_shared,False,own_connection,sort,True,3200,1,7,620.50,618.80,620.81,5157,1.000,False,nan,bun-threadsafe.jsonl
bun,threadsafe,memvfs_shared,False,own_connection,sort,True,3200,16,7,57.90,47.98,59.76,55268,10.717,False,nan,bun-threadsafe.jsonl
bun,threadsafe,memvfs_shared,False,own_connection,sort,True,3200,2,7,331.48,327.43,337.31,9654,1.872,False,nan,bun-threadsafe.jsonl
bun,threadsafe,memvfs_shared,False,own_connection,sort,True,3200,32,7,47.24,45.67,47.59,67738,13.135,False,nan,bun-threadsafe.jsonl
bun,threadsafe,memvfs_shared,False,own_connection,sort,True,3200,4,7,170.65,170.10,178.58,18752,3.636,False,nan,bun-threadsafe.jsonl
bun,threadsafe,memvfs_shared,False,own_connection,sort,True,3200,8,7,93.76,89.85,99.15,34131,6.618,False,nan,bun-threadsafe.jsonl
bun,threadsafe,memvfs_shared,True,own_connection,fts,False,3200,1,7,155.12,149.56,161.41,20629,1.000,False,nan,bun-threadsafe.jsonl
bun,threadsafe,memvfs_shared,True,own_connection,fts,False,3200,16,7,72.45,71.34,74.15,44169,2.141,False,nan,bun-threadsafe.jsonl
bun,threadsafe,memvfs_shared,True,own_connection,fts,False,3200,2,7,81.75,77.59,83.47,39144,1.897,False,nan,bun-threadsafe.jsonl
bun,threadsafe,memvfs_shared,True,own_connection,fts,False,3200,32,7,85.79,83.98,87.39,37301,1.808,False,nan,bun-threadsafe.jsonl
bun,threadsafe,memvfs_shared,True,own_connection,fts,False,3200,4,7,55.90,52.13,58.68,57248,2.775,False,nan,bun-threadsafe.jsonl
bun,threadsafe,memvfs_shared,True,own_connection,fts,False,3200,8,7,50.01,47.13,54.96,63984,3.102,False,nan,bun-threadsafe.jsonl
bun,threadsafe,memvfs_shared,True,own_connection,fts,True,3200,1,7,146.58,145.43,152.80,21831,1.000,False,nan,bun-threadsafe.jsonl
bun,threadsafe,memvfs_shared,True,own_connection,fts,True,3200,16,7,76.78,74.69,81.51,41675,1.909,False,nan,bun-threadsafe.jsonl
bun,threadsafe,memvfs_shared,True,own_connection,fts,True,3200,2,7,80.69,77.25,81.72,39659,1.817,False,nan,bun-threadsafe.jsonl
bun,threadsafe,memvfs_shared,True,own_connection,fts,True,3200,32,7,78.95,76.18,79.92,40530,1.857,False,nan,bun-threadsafe.jsonl
bun,threadsafe,memvfs_shared,True,own_connection,fts,True,3200,4,7,44.90,44.86,56.27,71268,3.264,False,nan,bun-threadsafe.jsonl
bun,threadsafe,memvfs_shared,True,own_connection,fts,True,3200,8,7,64.90,52.79,67.19,49310,2.259,False,nan,bun-threadsafe.jsonl
bun,threadsafe,memvfs_shared,True,own_connection,insert,False,9600,1,7,204.50,202.94,205.22,46944,1.000,False,nan,bun-threadsafe.jsonl
bun,threadsafe,memvfs_shared,True,own_connection,insert,False,9600,16,7,1047.01,1046.01,1047.44,9169,0.195,False,nan,bun-threadsafe.jsonl
bun,threadsafe,memvfs_shared,True,own_connection,insert,False,9600,2,7,234.90,233.52,238.23,40868,0.871,False,nan,bun-threadsafe.jsonl
bun,threadsafe,memvfs_shared,True,own_connection,insert,False,9600,32,7,2442.28,2440.31,2541.61,3931,0.084,False,nan,bun-threadsafe.jsonl
bun,threadsafe,memvfs_shared,True,own_connection,insert,False,9600,4,7,383.45,382.24,386.48,25036,0.533,False,nan,bun-threadsafe.jsonl
bun,threadsafe,memvfs_shared,True,own_connection,insert,False,9600,8,7,461.26,459.82,559.31,20812,0.443,False,nan,bun-threadsafe.jsonl
bun,threadsafe,memvfs_shared,True,own_connection,mix,False,160000,1,7,189.41,186.99,197.76,844732,1.000,False,nan,bun-threadsafe.jsonl
bun,threadsafe,memvfs_shared,True,own_connection,mix,False,160000,16,7,950.93,848.14,1005.30,168256,0.199,False,nan,bun-threadsafe.jsonl
bun,threadsafe,memvfs_shared,True,own_connection,mix,False,160000,2,7,290.89,270.05,348.49,550029,0.651,False,nan,bun-threadsafe.jsonl
bun,threadsafe,memvfs_shared,True,own_connection,mix,False,160000,32,7,1447.37,1142.21,1588.68,110546,0.131,False,nan,bun-threadsafe.jsonl
bun,threadsafe,memvfs_shared,True,own_connection,mix,False,160000,4,7,439.35,395.16,500.50,364175,0.431,False,nan,bun-threadsafe.jsonl
bun,threadsafe,memvfs_shared,True,own_connection,mix,False,160000,8,7,775.33,633.75,927.58,206365,0.244,False,nan,bun-threadsafe.jsonl
bun,threadsafe,memvfs_shared,True,own_connection,point,False,256000,1,7,187.55,184.96,190.70,1364992,1.000,False,nan,bun-threadsafe.jsonl
bun,threadsafe,memvfs_shared,True,own_connection,point,False,256000,16,7,437.43,419.74,440.19,585241,0.429,False,nan,bun-threadsafe.jsonl
bun,threadsafe,memvfs_shared,True,own_connection,point,False,256000,2,7,121.83,120.27,138.41,2101249,1.539,False,nan,bun-threadsafe.jsonl
bun,threadsafe,memvfs_shared,True,own_connection,point,False,256000,32,7,396.16,393.18,402.80,646196,0.473,False,nan,bun-threadsafe.jsonl
bun,threadsafe,memvfs_shared,True,own_connection,point,False,256000,4,7,257.20,247.87,260.60,995344,0.729,False,nan,bun-threadsafe.jsonl
bun,threadsafe,memvfs_shared,True,own_connection,point,False,256000,8,7,353.22,349.63,377.43,724767,0.531,False,nan,bun-threadsafe.jsonl
bun,threadsafe,memvfs_shared,True,own_connection,point,True,256000,1,7,104.77,103.84,110.32,2443390,1.000,False,nan,bun-threadsafe.jsonl
bun,threadsafe,memvfs_shared,True,own_connection,point,True,256000,16,7,8.46,7.93,9.16,30275040,12.391,False,nan,bun-threadsafe.jsonl
bun,threadsafe,memvfs_shared,True,own_connection,point,True,256000,2,7,54.21,52.49,56.44,4722592,1.933,False,nan,bun-threadsafe.jsonl
bun,threadsafe,memvfs_shared,True,own_connection,point,True,256000,32,7,6.20,5.99,6.94,41264649,16.888,False,nan,bun-threadsafe.jsonl
bun,threadsafe,memvfs_shared,True,own_connection,point,True,256000,4,7,32.03,30.77,32.28,7993414,3.271,False,nan,bun-threadsafe.jsonl
bun,threadsafe,memvfs_shared,True,own_connection,point,True,256000,8,7,17.09,16.15,18.56,14979657,6.131,False,nan,bun-threadsafe.jsonl
bun,threadsafe,memvfs_shared,True,own_connection,range,False,4800,1,7,265.04,255.62,282.35,18111,1.000,False,nan,bun-threadsafe.jsonl
bun,threadsafe,memvfs_shared,True,own_connection,range,False,4800,16,7,21.76,20.81,25.62,220568,12.179,False,nan,bun-threadsafe.jsonl
bun,threadsafe,memvfs_shared,True,own_connection,range,False,4800,2,7,158.03,148.65,168.62,30374,1.677,False,nan,bun-threadsafe.jsonl
bun,threadsafe,memvfs_shared,True,own_connection,range,False,4800,32,7,13.64,13.14,14.96,351808,19.425,False,nan,bun-threadsafe.jsonl
bun,threadsafe,memvfs_shared,True,own_connection,range,False,4800,4,7,76.22,72.14,79.61,62976,3.477,False,nan,bun-threadsafe.jsonl
bun,threadsafe,memvfs_shared,True,own_connection,range,False,4800,8,7,38.67,37.93,41.35,124141,6.855,False,nan,bun-threadsafe.jsonl
bun,threadsafe,memvfs_shared,True,own_connection,range,True,4800,1,7,264.80,255.12,279.75,18127,1.000,False,nan,bun-threadsafe.jsonl
bun,threadsafe,memvfs_shared,True,own_connection,range,True,4800,16,7,22.71,21.13,25.47,211343,11.659,False,nan,bun-threadsafe.jsonl
bun,threadsafe,memvfs_shared,True,own_connection,range,True,4800,2,7,132.62,130.56,137.84,36195,1.997,False,nan,bun-threadsafe.jsonl
bun,threadsafe,memvfs_shared,True,own_connection,range,True,4800,32,7,12.86,12.46,13.33,373318,20.595,False,nan,bun-threadsafe.jsonl
bun,threadsafe,memvfs_shared,True,own_connection,range,True,4800,4,7,69.24,66.36,73.25,69321,3.824,False,nan,bun-threadsafe.jsonl
bun,threadsafe,memvfs_shared,True,own_connection,range,True,4800,8,7,38.32,36.72,40.18,125271,6.911,False,nan,bun-threadsafe.jsonl
bun,threadsafe,memvfs_shared,True,own_connection,scan,False,32,1,7,1158.70,1119.50,1177.72,28,1.000,False,nan,bun-threadsafe.jsonl
bun,threadsafe,memvfs_shared,True,own_connection,scan,False,32,16,7,3189.21,3174.11,3207.81,10,0.363,False,nan,bun-threadsafe.jsonl
bun,threadsafe,memvfs_shared,True,own_connection,scan,False,32,2,7,1196.43,1129.35,1237.58,27,0.968,False,nan,bun-threadsafe.jsonl
bun,threadsafe,memvfs_shared,True,own_connection,scan,False,32,32,7,3272.22,3207.53,3303.69,10,0.354,False,nan,bun-threadsafe.jsonl
bun,threadsafe,memvfs_shared,True,own_connection,scan,False,32,4,7,1870.62,1800.41,1910.82,17,0.619,False,nan,bun-threadsafe.jsonl
bun,threadsafe,memvfs_shared,True,own_connection,scan,False,32,8,7,2682.67,2623.54,2789.45,12,0.432,False,nan,bun-threadsafe.jsonl
bun,threadsafe,memvfs_shared,True,own_connection,sort,False,3200,1,7,658.80,632.69,693.49,4857,1.000,False,nan,bun-threadsafe.jsonl
bun,threadsafe,memvfs_shared,True,own_connection,sort,False,3200,16,7,56.65,53.94,58.59,56489,11.630,False,nan,bun-threadsafe.jsonl
bun,threadsafe,memvfs_shared,True,own_connection,sort,False,3200,2,7,330.86,327.85,343.05,9672,1.991,False,nan,bun-threadsafe.jsonl
bun,threadsafe,memvfs_shared,True,own_connection,sort,False,3200,32,7,47.88,47.10,48.86,66837,13.760,False,nan,bun-threadsafe.jsonl
bun,threadsafe,memvfs_shared,True,own_connection,sort,False,3200,4,7,163.80,163.30,172.87,19537,4.022,False,nan,bun-threadsafe.jsonl
bun,threadsafe,memvfs_shared,True,own_connection,sort,False,3200,8,7,91.45,90.39,94.21,34991,7.204,False,nan,bun-threadsafe.jsonl
bun,threadsafe,memvfs_shared,True,own_connection,sort,True,3200,1,7,623.92,622.28,638.94,5129,1.000,False,nan,bun-threadsafe.jsonl
bun,threadsafe,memvfs_shared,True,own_connection,sort,True,3200,16,7,54.05,52.84,55.58,59209,11.544,False,nan,bun-threadsafe.jsonl
bun,threadsafe,memvfs_shared,True,own_connection,sort,True,3200,2,7,339.62,334.12,343.68,9422,1.837,False,nan,bun-threadsafe.jsonl
bun,threadsafe,memvfs_shared,True,own_connection,sort,True,3200,32,7,46.78,46.65,47.75,68401,13.337,False,nan,bun-threadsafe.jsonl
bun,threadsafe,memvfs_shared,True,own_connection,sort,True,3200,4,7,171.37,161.26,178.00,18673,3.641,False,nan,bun-threadsafe.jsonl
bun,threadsafe,memvfs_shared,True,own_connection,sort,True,3200,8,7,90.45,87.37,93.49,35377,6.898,False,nan,bun-threadsafe.jsonl
chrome,cipher,cipher_per_worker,False,own_connection,fts,False,3200,1,7,264.15,262.32,267.86,12114,1.000,False,nan,chrome-cipher.jsonl
chrome,cipher,cipher_per_worker,False,own_connection,fts,False,3200,16,7,92.66,89.85,96.53,34535,2.851,False,nan,chrome-cipher.jsonl
chrome,cipher,cipher_per_worker,False,own_connection,fts,False,3200,2,7,138.38,135.24,140.22,23125,1.909,False,nan,chrome-cipher.jsonl
chrome,cipher,cipher_per_worker,False,own_connection,fts,False,3200,32,7,111.98,110.40,115.27,28576,2.359,False,nan,chrome-cipher.jsonl
chrome,cipher,cipher_per_worker,False,own_connection,fts,False,3200,4,7,102.29,99.59,104.26,31285,2.582,False,nan,chrome-cipher.jsonl
chrome,cipher,cipher_per_worker,False,own_connection,fts,False,3200,8,7,80.46,78.18,82.06,39774,3.283,False,nan,chrome-cipher.jsonl
chrome,cipher,cipher_per_worker,False,own_connection,fts,True,3200,1,7,197.42,197.24,202.56,16210,1.000,False,nan,chrome-cipher.jsonl
chrome,cipher,cipher_per_worker,False,own_connection,fts,True,3200,16,7,93.80,81.97,97.43,34113,2.105,False,nan,chrome-cipher.jsonl
chrome,cipher,cipher_per_worker,False,own_connection,fts,True,3200,2,7,105.09,102.06,119.38,30449,1.878,False,nan,chrome-cipher.jsonl
chrome,cipher,cipher_per_worker,False,own_connection,fts,True,3200,32,7,113.15,109.70,114.47,28281,1.745,False,nan,chrome-cipher.jsonl
chrome,cipher,cipher_per_worker,False,own_connection,fts,True,3200,4,7,74.70,70.98,77.25,42838,2.643,False,nan,chrome-cipher.jsonl
chrome,cipher,cipher_per_worker,False,own_connection,fts,True,3200,8,7,71.54,66.46,78.96,44730,2.759,False,nan,chrome-cipher.jsonl
chrome,cipher,cipher_per_worker,False,own_connection,insert,False,9600,1,7,1225.78,1217.23,1235.99,7832,1.000,False,nan,chrome-cipher.jsonl
chrome,cipher,cipher_per_worker,False,own_connection,insert,False,9600,16,7,261.66,254.99,264.08,36689,4.685,False,nan,chrome-cipher.jsonl
chrome,cipher,cipher_per_worker,False,own_connection,insert,False,9600,2,7,621.24,618.45,624.81,15453,1.973,False,nan,chrome-cipher.jsonl
chrome,cipher,cipher_per_worker,False,own_connection,insert,False,9600,32,7,298.73,294.27,306.17,32137,4.103,False,nan,chrome-cipher.jsonl
chrome,cipher,cipher_per_worker,False,own_connection,insert,False,9600,4,7,351.20,344.49,363.23,27335,3.490,False,nan,chrome-cipher.jsonl
chrome,cipher,cipher_per_worker,False,own_connection,insert,False,9600,8,7,237.68,231.13,239.94,40390,5.157,False,nan,chrome-cipher.jsonl
chrome,cipher,cipher_per_worker,False,own_connection,mix,False,160000,1,7,4591.40,4567.22,4905.66,34848,1.000,False,nan,chrome-cipher.jsonl
chrome,cipher,cipher_per_worker,False,own_connection,mix,False,160000,16,7,553.95,549.81,563.22,288835,8.288,False,nan,chrome-cipher.jsonl
chrome,cipher,cipher_per_worker,False,own_connection,mix,False,160000,2,7,2354.89,2327.40,2371.78,67944,1.950,False,nan,chrome-cipher.jsonl
chrome,cipher,cipher_per_worker,False,own_connection,mix,False,160000,32,7,570.84,568.44,577.18,280289,8.043,False,nan,chrome-cipher.jsonl
chrome,cipher,cipher_per_worker,False,own_connection,mix,False,160000,4,7,1218.77,1204.35,1252.74,131279,3.767,False,nan,chrome-cipher.jsonl
chrome,cipher,cipher_per_worker,False,own_connection,mix,False,160000,8,7,705.82,696.64,719.93,226687,6.505,False,nan,chrome-cipher.jsonl
chrome,cipher,cipher_per_worker,False,own_connection,point,False,256000,1,7,5186.65,5158.44,5262.01,49357,1.000,False,nan,chrome-cipher.jsonl
chrome,cipher,cipher_per_worker,False,own_connection,point,False,256000,16,7,405.06,391.86,440.65,632005,12.805,False,nan,chrome-cipher.jsonl
chrome,cipher,cipher_per_worker,False,own_connection,point,False,256000,2,7,2673.16,2603.42,2684.81,95767,1.940,False,nan,chrome-cipher.jsonl
chrome,cipher,cipher_per_worker,False,own_connection,point,False,256000,32,7,361.22,359.01,365.89,708709,14.359,False,nan,chrome-cipher.jsonl
chrome,cipher,cipher_per_worker,False,own_connection,point,False,256000,4,7,1339.20,1320.95,1361.91,191160,3.873,False,nan,chrome-cipher.jsonl
chrome,cipher,cipher_per_worker,False,own_connection,point,False,256000,8,7,718.75,713.14,727.11,356174,7.216,False,nan,chrome-cipher.jsonl
chrome,cipher,cipher_per_worker,False,own_connection,point,True,256000,1,7,126.26,125.80,126.53,2027562,1.000,False,nan,chrome-cipher.jsonl
chrome,cipher,cipher_per_worker,False,own_connection,point,True,256000,16,7,11.76,11.60,14.15,21777732,10.741,False,nan,chrome-cipher.jsonl
chrome,cipher,cipher_per_worker,False,own_connection,point,True,256000,2,7,66.05,65.29,68.03,3875849,1.912,False,nan,chrome-cipher.jsonl
chrome,cipher,cipher_per_worker,False,own_connection,point,True,256000,32,7,8.75,8.66,8.93,29273479,14.438,False,nan,chrome-cipher.jsonl
chrome,cipher,cipher_per_worker,False,own_connection,point,True,256000,4,7,34.71,32.99,38.81,7375353,3.638,False,nan,chrome-cipher.jsonl
chrome,cipher,cipher_per_worker,False,own_connection,point,True,256000,8,7,24.05,23.50,25.91,10642308,5.249,False,nan,chrome-cipher.jsonl
chrome,cipher,cipher_per_worker,False,own_connection,range,False,4800,1,7,376.98,375.81,381.77,12733,1.000,False,nan,chrome-cipher.jsonl
chrome,cipher,cipher_per_worker,False,own_connection,range,False,4800,16,7,33.92,31.70,34.89,141489,11.112,False,nan,chrome-cipher.jsonl
chrome,cipher,cipher_per_worker,False,own_connection,range,False,4800,2,7,192.01,190.40,198.51,24999,1.963,False,nan,chrome-cipher.jsonl
chrome,cipher,cipher_per_worker,False,own_connection,range,False,4800,32,7,20.82,19.47,21.21,230544,18.107,False,nan,chrome-cipher.jsonl
chrome,cipher,cipher_per_worker,False,own_connection,range,False,4800,4,7,103.80,101.36,107.62,46245,3.632,False,nan,chrome-cipher.jsonl
chrome,cipher,cipher_per_worker,False,own_connection,range,False,4800,8,7,55.29,52.90,56.77,86815,6.818,False,nan,chrome-cipher.jsonl
chrome,cipher,cipher_per_worker,False,own_connection,range,True,4800,1,7,283.39,282.34,289.79,16938,1.000,False,nan,chrome-cipher.jsonl
chrome,cipher,cipher_per_worker,False,own_connection,range,True,4800,16,7,25.64,21.77,26.12,187206,11.052,False,nan,chrome-cipher.jsonl
chrome,cipher,cipher_per_worker,False,own_connection,range,True,4800,2,7,146.36,145.82,151.75,32795,1.936,False,nan,chrome-cipher.jsonl
chrome,cipher,cipher_per_worker,False,own_connection,range,True,4800,32,7,14.64,14.43,15.78,327975,19.363,False,nan,chrome-cipher.jsonl
chrome,cipher,cipher_per_worker,False,own_connection,range,True,4800,4,7,79.26,75.92,82.22,60556,3.575,False,nan,chrome-cipher.jsonl
chrome,cipher,cipher_per_worker,False,own_connection,range,True,4800,8,7,42.52,40.98,42.62,112887,6.665,False,nan,chrome-cipher.jsonl
chrome,cipher,cipher_per_worker,False,own_connection,scan,False,32,1,7,1312.05,1291.19,1342.35,24,1.000,False,nan,chrome-cipher.jsonl
chrome,cipher,cipher_per_worker,False,own_connection,scan,False,32,16,7,3178.16,3053.45,3221.95,10,0.413,False,nan,chrome-cipher.jsonl
chrome,cipher,cipher_per_worker,False,own_connection,scan,False,32,2,7,1637.28,1503.80,1931.66,20,0.801,False,nan,chrome-cipher.jsonl
chrome,cipher,cipher_per_worker,False,own_connection,scan,False,32,32,7,3943.24,3682.14,3983.95,8,0.333,False,nan,chrome-cipher.jsonl
chrome,cipher,cipher_per_worker,False,own_connection,scan,False,32,4,7,1832.24,1807.65,1966.40,17,0.716,False,nan,chrome-cipher.jsonl
chrome,cipher,cipher_per_worker,False,own_connection,scan,False,32,8,7,2845.56,2823.02,2968.78,11,0.461,False,nan,chrome-cipher.jsonl
chrome,cipher,cipher_per_worker,False,own_connection,sort,False,3200,1,7,628.86,621.43,638.43,5089,1.000,False,nan,chrome-cipher.jsonl
chrome,cipher,cipher_per_worker,False,own_connection,sort,False,3200,16,7,69.64,64.95,70.70,45951,9.030,False,nan,chrome-cipher.jsonl
chrome,cipher,cipher_per_worker,False,own_connection,sort,False,3200,2,7,316.56,311.93,321.81,10109,1.987,False,nan,chrome-cipher.jsonl
chrome,cipher,cipher_per_worker,False,own_connection,sort,False,3200,32,7,61.30,60.78,63.88,52206,10.260,False,nan,chrome-cipher.jsonl
chrome,cipher,cipher_per_worker,False,own_connection,sort,False,3200,4,7,166.99,160.78,168.09,19163,3.766,False,nan,chrome-cipher.jsonl
chrome,cipher,cipher_per_worker,False,own_connection,sort,False,3200,8,7,93.72,91.57,97.62,34146,6.710,False,nan,chrome-cipher.jsonl
chrome,cipher,cipher_per_worker,False,own_connection,sort,True,3200,1,7,566.74,564.34,575.01,5646,1.000,False,nan,chrome-cipher.jsonl
chrome,cipher,cipher_per_worker,False,own_connection,sort,True,3200,16,7,53.41,49.98,58.58,59919,10.612,False,nan,chrome-cipher.jsonl
chrome,cipher,cipher_per_worker,False,own_connection,sort,True,3200,2,7,298.60,294.89,314.70,10717,1.898,False,nan,chrome-cipher.jsonl
chrome,cipher,cipher_per_worker,False,own_connection,sort,True,3200,32,7,57.38,54.74,57.84,55768,9.877,False,nan,chrome-cipher.jsonl
chrome,cipher,cipher_per_worker,False,own_connection,sort,True,3200,4,7,146.34,146.04,162.76,21867,3.873,False,nan,chrome-cipher.jsonl
chrome,cipher,cipher_per_worker,False,own_connection,sort,True,3200,8,7,82.12,79.99,87.33,38967,6.901,False,nan,chrome-cipher.jsonl
chrome,cipher,cipher_shared,False,own_connection,fts,False,3200,1,7,279.24,255.08,289.99,11460,1.000,False,nan,chrome-cipher.jsonl
chrome,cipher,cipher_shared,False,own_connection,fts,False,3200,16,7,82.68,77.02,90.05,38706,3.377,False,nan,chrome-cipher.jsonl
chrome,cipher,cipher_shared,False,own_connection,fts,False,3200,2,7,149.99,137.12,168.31,21335,1.862,False,nan,chrome-cipher.jsonl
chrome,cipher,cipher_shared,False,own_connection,fts,False,3200,32,7,109.54,105.05,111.02,29214,2.549,False,nan,chrome-cipher.jsonl
chrome,cipher,cipher_shared,False,own_connection,fts,False,3200,4,7,95.86,85.53,103.14,33380,2.913,False,nan,chrome-cipher.jsonl
chrome,cipher,cipher_shared,False,own_connection,fts,False,3200,8,7,83.59,81.08,96.33,38280,3.340,False,nan,chrome-cipher.jsonl
chrome,cipher,cipher_shared,False,own_connection,fts,True,3200,1,7,198.72,189.23,207.86,16103,1.000,False,nan,chrome-cipher.jsonl
chrome,cipher,cipher_shared,False,own_connection,fts,True,3200,16,7,87.59,84.64,91.34,36534,2.269,False,nan,chrome-cipher.jsonl
chrome,cipher,cipher_shared,False,own_connection,fts,True,3200,2,7,115.22,105.48,124.06,27773,1.725,False,nan,chrome-cipher.jsonl
chrome,cipher,cipher_shared,False,own_connection,fts,True,3200,32,7,107.06,105.86,109.04,29891,1.856,False,nan,chrome-cipher.jsonl
chrome,cipher,cipher_shared,False,own_connection,fts,True,3200,4,7,69.27,60.34,86.38,46199,2.869,False,nan,chrome-cipher.jsonl
chrome,cipher,cipher_shared,False,own_connection,fts,True,3200,8,7,73.83,72.68,75.57,43340,2.691,False,nan,chrome-cipher.jsonl
chrome,cipher,cipher_shared,False,own_connection,insert,False,9600,1,7,1242.50,1222.73,1278.38,7726,1.000,False,nan,chrome-cipher.jsonl
chrome,cipher,cipher_shared,False,own_connection,insert,False,9600,16,7,1614.21,1611.16,1615.66,5947,0.770,False,nan,chrome-cipher.jsonl
chrome,cipher,cipher_shared,False,own_connection,insert,False,9600,2,7,1350.75,1292.90,1370.78,7107,0.920,False,nan,chrome-cipher.jsonl
chrome,cipher,cipher_shared,False,own_connection,insert,False,9600,32,7,2980.34,2980.07,2982.69,3221,0.417,False,nan,chrome-cipher.jsonl
chrome,cipher,cipher_shared,False,own_connection,insert,False,9600,4,7,1551.46,1449.85,1569.76,6188,0.801,False,nan,chrome-cipher.jsonl
chrome,cipher,cipher_shared,False,own_connection,insert,False,9600,8,7,1591.44,1588.78,1595.61,6032,0.781,False,nan,chrome-cipher.jsonl
chrome,cipher,cipher_shared,False,own_connection,mix,False,160000,1,7,4662.67,4605.05,4768.35,34315,1.000,False,nan,chrome-cipher.jsonl
chrome,cipher,cipher_shared,False,own_connection,mix,False,160000,16,7,42682.83,41387.67,45202.51,3749,0.109,False,nan,chrome-cipher.jsonl
chrome,cipher,cipher_shared,False,own_connection,mix,False,160000,2,7,10439.02,9716.26,10774.89,15327,0.447,False,nan,chrome-cipher.jsonl
chrome,cipher,cipher_shared,False,own_connection,mix,False,160000,32,7,69489.26,68875.06,71468.58,2303,0.067,False,nan,chrome-cipher.jsonl
chrome,cipher,cipher_shared,False,own_connection,mix,False,160000,4,7,17676.02,17108.08,17994.35,9052,0.264,False,nan,chrome-cipher.jsonl
chrome,cipher,cipher_shared,False,own_connection,mix,False,160000,8,7,26104.50,26015.01,27396.76,6129,0.179,False,nan,chrome-cipher.jsonl
chrome,cipher,cipher_shared,False,own_connection,point,False,256000,1,7,5132.83,5119.47,5197.89,49875,1.000,False,nan,chrome-cipher.jsonl
chrome,cipher,cipher_shared,False,own_connection,point,False,256000,16,7,578.98,567.46,583.74,442157,8.865,False,nan,chrome-cipher.jsonl
chrome,cipher,cipher_shared,False,own_connection,point,False,256000,2,7,2739.76,2727.18,2777.81,93439,1.873,False,nan,chrome-cipher.jsonl
chrome,cipher,cipher_shared,False,own_connection,point,False,256000,32,7,662.04,652.48,666.77,386681,7.753,False,nan,chrome-cipher.jsonl
chrome,cipher,cipher_shared,False,own_connection,point,False,256000,4,7,1357.50,1344.32,1394.23,188583,3.781,False,nan,chrome-cipher.jsonl
chrome,cipher,cipher_shared,False,own_connection,point,False,256000,8,7,733.56,728.15,775.00,348983,6.997,False,nan,chrome-cipher.jsonl
chrome,cipher,cipher_shared,False,own_connection,point,True,256000,1,7,134.21,129.43,147.26,1907459,1.000,False,nan,chrome-cipher.jsonl
chrome,cipher,cipher_shared,False,own_connection,point,True,256000,16,7,13.94,13.77,15.74,18370931,9.631,False,nan,chrome-cipher.jsonl
chrome,cipher,cipher_shared,False,own_connection,point,True,256000,2,7,67.39,66.12,69.68,3798789,1.992,False,nan,chrome-cipher.jsonl
chrome,cipher,cipher_shared,False,own_connection,point,True,256000,32,7,9.41,8.73,10.00,27205355,14.263,False,nan,chrome-cipher.jsonl
chrome,cipher,cipher_shared,False,own_connection,point,True,256000,4,7,38.58,37.57,42.65,6635549,3.479,False,nan,chrome-cipher.jsonl
chrome,cipher,cipher_shared,False,own_connection,point,True,256000,8,7,25.76,20.28,28.82,9937884,5.210,False,nan,chrome-cipher.jsonl
chrome,cipher,cipher_shared,False,own_connection,range,False,4800,1,7,379.14,375.93,404.25,12660,1.000,False,nan,chrome-cipher.jsonl
chrome,cipher,cipher_shared,False,own_connection,range,False,4800,16,7,33.38,32.59,34.68,143798,11.358,False,nan,chrome-cipher.jsonl
chrome,cipher,cipher_shared,False,own_connection,range,False,4800,2,7,202.22,197.95,210.01,23736,1.875,False,nan,chrome-cipher.jsonl
chrome,cipher,cipher_shared,False,own_connection,range,False,4800,32,7,20.06,19.48,20.27,239281,18.900,False,nan,chrome-cipher.jsonl
chrome,cipher,cipher_shared,False,own_connection,range,False,4800,4,7,113.37,111.66,115.44,42339,3.344,False,nan,chrome-cipher.jsonl
chrome,cipher,cipher_shared,False,own_connection,range,False,4800,8,7,56.88,54.66,58.00,84396,6.666,False,nan,chrome-cipher.jsonl
chrome,cipher,cipher_shared,False,own_connection,range,True,4800,1,7,285.70,279.30,297.86,16801,1.000,False,nan,chrome-cipher.jsonl
chrome,cipher,cipher_shared,False,own_connection,range,True,4800,16,7,25.90,24.55,27.70,185327,11.031,False,nan,chrome-cipher.jsonl
chrome,cipher,cipher_shared,False,own_connection,range,True,4800,2,7,144.12,142.04,144.78,33304,1.982,False,nan,chrome-cipher.jsonl
chrome,cipher,cipher_shared,False,own_connection,range,True,4800,32,7,14.56,14.28,15.43,329780,19.629,False,nan,chrome-cipher.jsonl
chrome,cipher,cipher_shared,False,own_connection,range,True,4800,4,7,83.98,80.25,87.21,57160,3.402,False,nan,chrome-cipher.jsonl
chrome,cipher,cipher_shared,False,own_connection,range,True,4800,8,7,41.64,40.76,43.06,115273,6.861,False,nan,chrome-cipher.jsonl
chrome,cipher,cipher_shared,False,own_connection,scan,False,32,1,7,1176.83,1153.54,1261.20,27,1.000,False,nan,chrome-cipher.jsonl
chrome,cipher,cipher_shared,False,own_connection,scan,False,32,16,7,3099.74,2991.13,3209.47,10,0.380,False,nan,chrome-cipher.jsonl
chrome,cipher,cipher_shared,False,own_connection,scan,False,32,2,7,1305.79,1229.04,1373.74,25,0.901,False,nan,chrome-cipher.jsonl
chrome,cipher,cipher_shared,False,own_connection,scan,False,32,32,7,3671.20,3652.93,3804.80,9,0.321,False,nan,chrome-cipher.jsonl
chrome,cipher,cipher_shared,False,own_connection,scan,False,32,4,7,1713.67,1585.21,1824.97,19,0.687,False,nan,chrome-cipher.jsonl
chrome,cipher,cipher_shared,False,own_connection,scan,False,32,8,7,2901.50,2699.86,3045.14,11,0.406,False,nan,chrome-cipher.jsonl
chrome,cipher,cipher_shared,False,own_connection,sort,False,3200,1,7,648.41,624.65,668.22,4935,1.000,False,nan,chrome-cipher.jsonl
chrome,cipher,cipher_shared,False,own_connection,sort,False,3200,16,7,58.05,57.58,63.99,55125,11.170,False,nan,chrome-cipher.jsonl
chrome,cipher,cipher_shared,False,own_connection,sort,False,3200,2,7,332.89,320.09,334.96,9613,1.948,False,nan,chrome-cipher.jsonl
chrome,cipher,cipher_shared,False,own_connection,sort,False,3200,32,7,60.66,58.94,61.94,52753,10.689,False,nan,chrome-cipher.jsonl
chrome,cipher,cipher_shared,False,own_connection,sort,False,3200,4,7,180.36,162.18,185.17,17742,3.595,False,nan,chrome-cipher.jsonl
chrome,cipher,cipher_shared,False,own_connection,sort,False,3200,8,7,98.21,93.06,106.96,32585,6.603,False,nan,chrome-cipher.jsonl
chrome,cipher,cipher_shared,False,own_connection,sort,True,3200,1,7,556.03,552.56,578.57,5755,1.000,False,nan,chrome-cipher.jsonl
chrome,cipher,cipher_shared,False,own_connection,sort,True,3200,16,7,57.56,57.21,57.88,55590,9.659,False,nan,chrome-cipher.jsonl
chrome,cipher,cipher_shared,False,own_connection,sort,True,3200,2,7,313.54,293.22,350.50,10206,1.773,False,nan,chrome-cipher.jsonl
chrome,cipher,cipher_shared,False,own_connection,sort,True,3200,32,7,51.18,49.54,51.46,62530,10.865,False,nan,chrome-cipher.jsonl
chrome,cipher,cipher_shared,False,own_connection,sort,True,3200,4,7,157.71,145.41,162.34,20290,3.526,False,nan,chrome-cipher.jsonl
chrome,cipher,cipher_shared,False,own_connection,sort,True,3200,8,7,85.74,81.01,88.22,37324,6.485,False,nan,chrome-cipher.jsonl
chrome,single,memory_per_worker,False,own_connection,fts,False,3200,1,7,193.11,188.91,197.90,16570,1.000,False,7.5,chrome-single-tcache.jsonl
chrome,single,memory_per_worker,False,own_connection,fts,True,3200,1,7,191.40,187.16,195.98,16719,1.000,False,7.3,chrome-single-tcache.jsonl
chrome,single,memory_per_worker,False,own_connection,insert,False,9600,1,7,179.08,178.25,182.48,53606,1.000,False,7.3,chrome-single-tcache.jsonl
chrome,single,memory_per_worker,False,own_connection,mix,False,160000,1,7,115.52,107.59,118.75,1385100,1.000,False,7.3,chrome-single-tcache.jsonl
chrome,single,memory_per_worker,False,own_connection,point,False,256000,1,7,140.54,140.07,143.02,1821548,1.000,False,9.8,chrome-single-tcache.jsonl
chrome,single,memory_per_worker,False,own_connection,point,True,256000,1,7,113.66,113.45,117.42,2252333,1.000,False,9.8,chrome-single-tcache.jsonl
chrome,single,memory_per_worker,False,own_connection,range,False,4800,1,7,277.40,274.75,282.30,17304,1.000,False,9.4,chrome-single-tcache.jsonl
chrome,single,memory_per_worker,False,own_connection,range,True,4800,1,7,279.42,274.78,281.56,17178,1.000,False,9.4,chrome-single-tcache.jsonl
chrome,single,memory_per_worker,False,own_connection,scan,False,32,1,7,1121.14,1116.20,1133.33,29,1.000,False,8.4,chrome-single-tcache.jsonl
chrome,single,memory_per_worker,False,own_connection,sort,False,3200,1,7,580.03,561.86,601.36,5517,1.000,False,8.0,chrome-single-tcache.jsonl
chrome,single,memory_per_worker,False,own_connection,sort,True,3200,1,7,572.98,564.43,577.83,5585,1.000,False,7.5,chrome-single-tcache.jsonl
chrome,single,memvfs_per_worker,False,own_connection,fts,False,3200,1,7,186.87,181.07,199.10,17124,1.000,False,9.5,chrome-single-tcache.jsonl
chrome,single,memvfs_per_worker,False,own_connection,fts,True,3200,1,7,182.90,179.16,186.88,17496,1.000,False,9.5,chrome-single-tcache.jsonl
chrome,single,memvfs_per_worker,False,own_connection,insert,False,9600,1,7,216.23,214.56,229.68,44397,1.000,False,9.8,chrome-single-tcache.jsonl
chrome,single,memvfs_per_worker,False,own_connection,mix,False,160000,1,7,200.24,194.68,200.67,799022,1.000,False,9.8,chrome-single-tcache.jsonl
chrome,single,memvfs_per_worker,False,own_connection,point,False,256000,1,7,206.71,204.70,209.86,1238450,1.000,False,8.4,chrome-single-tcache.jsonl
chrome,single,memvfs_per_worker,False,own_connection,point,True,256000,1,7,119.73,118.02,121.13,2138145,1.000,False,8.2,chrome-single-tcache.jsonl
chrome,single,memvfs_per_worker,False,own_connection,range,False,4800,1,7,282.47,282.20,283.70,16993,1.000,False,8.2,chrome-single-tcache.jsonl
chrome,single,memvfs_per_worker,False,own_connection,range,True,4800,1,7,300.74,275.35,304.26,15961,1.000,False,8.2,chrome-single-tcache.jsonl
chrome,single,memvfs_per_worker,False,own_connection,scan,False,32,1,7,1283.55,1263.77,1362.17,25,1.000,False,9.6,chrome-single-tcache.jsonl
chrome,single,memvfs_per_worker,False,own_connection,sort,False,3200,1,7,600.86,585.55,697.24,5326,1.000,False,9.2,chrome-single-tcache.jsonl
chrome,single,memvfs_per_worker,False,own_connection,sort,True,3200,1,7,609.36,593.07,637.08,5251,1.000,False,9.3,chrome-single-tcache.jsonl
chrome,single,memvfs_shared,False,own_connection,fts,False,3200,1,7,182.45,180.83,196.49,17539,1.000,False,8.6,chrome-single-tcache.jsonl
chrome,single,memvfs_shared,False,own_connection,fts,True,3200,1,7,180.16,179.29,187.99,17762,1.000,False,8.6,chrome-single-tcache.jsonl
chrome,single,memvfs_shared,False,own_connection,insert,False,9600,1,7,213.38,212.86,217.21,44990,1.000,False,8.4,chrome-single-tcache.jsonl
chrome,single,memvfs_shared,False,own_connection,mix,False,160000,1,7,197.97,188.72,199.51,808183,1.000,False,8.4,chrome-single-tcache.jsonl
chrome,single,memvfs_shared,False,own_connection,point,False,256000,1,7,201.71,193.36,222.77,1269180,1.000,False,9.9,chrome-single-tcache.jsonl
chrome,single,memvfs_shared,False,own_connection,point,True,256000,1,7,118.31,118.07,125.73,2163717,1.000,False,9.9,chrome-single-tcache.jsonl
chrome,single,memvfs_shared,False,own_connection,range,False,4800,1,7,284.71,278.31,300.55,16860,1.000,False,9.9,chrome-single-tcache.jsonl
chrome,single,memvfs_shared,False,own_connection,range,True,4800,1,7,298.53,289.44,319.28,16079,1.000,False,9.7,chrome-single-tcache.jsonl
chrome,single,memvfs_shared,False,own_connection,scan,False,32,1,7,1219.76,1198.48,1297.29,26,1.000,False,9.4,chrome-single-tcache.jsonl
chrome,single,memvfs_shared,False,own_connection,sort,False,3200,1,7,578.73,568.54,587.03,5529,1.000,False,8.8,chrome-single-tcache.jsonl
chrome,single,memvfs_shared,False,own_connection,sort,True,3200,1,7,590.91,574.44,594.20,5415,1.000,False,8.6,chrome-single-tcache.jsonl
chrome,single,sahpool_per_worker,False,own_connection,fts,False,3200,1,7,195.18,192.29,206.06,16396,1.000,False,6.5,chrome-single-tcache.jsonl
chrome,single,sahpool_per_worker,False,own_connection,fts,True,3200,1,7,183.28,179.41,190.29,17459,1.000,False,6.5,chrome-single-tcache.jsonl
chrome,single,sahpool_per_worker,False,own_connection,insert,False,256,1,7,5070.98,4994.76,26037.06,50,1.000,True,4.7,chrome-single-tcache.jsonl
chrome,single,sahpool_per_worker,False,own_connection,mix,False,3200,1,7,7479.61,6336.80,26252.57,428,1.000,True,7.7,chrome-single-tcache.jsonl
chrome,single,sahpool_per_worker,False,own_connection,point,False,256000,1,7,928.74,923.48,937.21,275642,1.000,False,7.3,chrome-single-tcache.jsonl
chrome,single,sahpool_per_worker,False,own_connection,point,True,256000,1,7,123.03,116.84,125.68,2080793,1.000,False,7.2,chrome-single-tcache.jsonl
chrome,single,sahpool_per_worker,False,own_connection,range,False,4800,1,7,301.92,293.70,305.61,15899,1.000,False,7.2,chrome-single-tcache.jsonl
chrome,single,sahpool_per_worker,False,own_connection,range,True,4800,1,7,284.79,279.20,289.25,16854,1.000,False,7.0,chrome-single-tcache.jsonl
chrome,single,sahpool_per_worker,False,own_connection,scan,False,32,1,7,1165.54,1150.53,1186.42,27,1.000,False,7.1,chrome-single-tcache.jsonl
chrome,single,sahpool_per_worker,False,own_connection,sort,False,3200,1,7,582.90,578.92,583.83,5490,1.000,False,7.0,chrome-single-tcache.jsonl
chrome,single,sahpool_per_worker,False,own_connection,sort,True,3200,1,7,564.37,560.27,569.25,5670,1.000,False,6.7,chrome-single-tcache.jsonl
chrome,sqlcipher,memvfs_shared,False,own_connection,cold_scan,False,64,1,7,780.75,779.76,782.53,82,1.000,False,78.5,chrome-sqlcipher-sqlcipher-tcache.jsonl
chrome,sqlcipher,memvfs_shared,False,own_connection,cold_scan,False,64,16,7,104.23,98.95,107.83,614,7.491,False,77.4,chrome-sqlcipher-sqlcipher-tcache.jsonl
chrome,sqlcipher,memvfs_shared,False,own_connection,cold_scan,False,64,2,7,392.34,391.77,394.29,163,1.990,False,77.9,chrome-sqlcipher-sqlcipher-tcache.jsonl
chrome,sqlcipher,memvfs_shared,False,own_connection,cold_scan,False,64,32,7,69.37,68.70,74.55,923,11.255,False,77.4,chrome-sqlcipher-sqlcipher-tcache.jsonl
chrome,sqlcipher,memvfs_shared,False,own_connection,cold_scan,False,64,4,7,198.75,198.57,203.23,322,3.928,False,77.9,chrome-sqlcipher-sqlcipher-tcache.jsonl
chrome,sqlcipher,memvfs_shared,False,own_connection,cold_scan,False,64,8,7,135.77,101.80,149.42,471,5.750,False,77.4,chrome-sqlcipher-sqlcipher-tcache.jsonl
chrome,sqlcipher,memvfs_shared,False,own_connection,keyed_open,False,32,1,3,2.91,2.90,2.92,10996,1.000,False,79.4,chrome-sqlcipher-sqlcipher-tcache.jsonl
chrome,sqlcipher,memvfs_shared,False,own_connection,keyed_open,False,32,16,3,8.56,7.86,9.24,3736,0.340,False,79.4,chrome-sqlcipher-sqlcipher-tcache.jsonl
chrome,sqlcipher,memvfs_shared,False,own_connection,keyed_open,False,32,2,3,6.29,3.11,6.41,5087,0.463,True,79.4,chrome-sqlcipher-sqlcipher-tcache.jsonl
chrome,sqlcipher,memvfs_shared,False,own_connection,keyed_open,False,32,32,3,8.67,7.49,9.17,3693,0.336,False,79.4,chrome-sqlcipher-sqlcipher-tcache.jsonl
chrome,sqlcipher,memvfs_shared,False,own_connection,keyed_open,False,32,4,3,6.61,6.16,7.49,4841,0.440,False,79.4,chrome-sqlcipher-sqlcipher-tcache.jsonl
chrome,sqlcipher,memvfs_shared,False,own_connection,keyed_open,False,32,8,3,5.35,4.93,5.64,5976,0.543,False,79.4,chrome-sqlcipher-sqlcipher-tcache.jsonl
chrome,sqlcipher,sqlcipher_shared,False,own_connection,cold_scan,False,64,1,7,3978.82,3976.23,3980.41,16,1.000,False,83.7,chrome-sqlcipher-sqlcipher-tcache.jsonl
chrome,sqlcipher,sqlcipher_shared,False,own_connection,cold_scan,False,64,16,7,292.70,286.76,361.84,219,13.593,False,79.0,chrome-sqlcipher-sqlcipher-tcache.jsonl
chrome,sqlcipher,sqlcipher_shared,False,own_connection,cold_scan,False,64,2,7,2014.11,2012.67,2016.46,32,1.975,False,81.6,chrome-sqlcipher-sqlcipher-tcache.jsonl
chrome,sqlcipher,sqlcipher_shared,False,own_connection,cold_scan,False,64,32,7,283.06,267.29,302.11,226,14.056,False,79.4,chrome-sqlcipher-sqlcipher-tcache.jsonl
chrome,sqlcipher,sqlcipher_shared,False,own_connection,cold_scan,False,64,4,7,1018.86,1017.27,1030.11,63,3.905,False,79.2,chrome-sqlcipher-sqlcipher-tcache.jsonl
chrome,sqlcipher,sqlcipher_shared,False,own_connection,cold_scan,False,64,8,7,522.26,517.45,530.40,123,7.619,False,79.0,chrome-sqlcipher-sqlcipher-tcache.jsonl
chrome,sqlcipher,sqlcipher_shared,False,own_connection,keyed_open,False,32,1,3,21632.74,21440.95,22072.65,1,1.000,False,19.2,chrome-sqlcipher-sqlcipher-tcache.jsonl
chrome,sqlcipher,sqlcipher_shared,False,own_connection,keyed_open,False,32,16,3,40799.31,39739.86,42543.27,1,0.530,False,17.9,chrome-sqlcipher-sqlcipher-tcache.jsonl
chrome,sqlcipher,sqlcipher_shared,False,own_connection,keyed_open,False,32,2,3,12335.83,12321.16,12982.77,3,1.754,False,17.6,chrome-sqlcipher-sqlcipher-tcache.jsonl
chrome,sqlcipher,sqlcipher_shared,False,own_connection,keyed_open,False,32,32,3,71582.20,68909.54,71637.00,0,0.302,False,50.6,chrome-sqlcipher-sqlcipher-tcache.jsonl
chrome,sqlcipher,sqlcipher_shared,False,own_connection,keyed_open,False,32,4,3,12686.07,9092.43,13699.18,3,1.705,False,15.4,chrome-sqlcipher-sqlcipher-tcache.jsonl
chrome,sqlcipher,sqlcipher_shared,False,own_connection,keyed_open,False,32,8,3,21111.73,19384.89,26092.56,2,1.025,False,18.0,chrome-sqlcipher-sqlcipher-tcache.jsonl
chrome,sqlcipher-tcache,memvfs_shared,False,own_connection,cold_scan,False,64,1,7,457.34,454.62,468.98,140,1.000,False,10.3,chrome-sqlcipher-sqlcipher-tcache.jsonl
chrome,sqlcipher-tcache,memvfs_shared,False,own_connection,cold_scan,False,64,16,7,39.82,36.58,43.77,1607,11.487,False,10.2,chrome-sqlcipher-sqlcipher-tcache.jsonl
chrome,sqlcipher-tcache,memvfs_shared,False,own_connection,cold_scan,False,64,2,7,232.75,231.06,239.53,275,1.965,False,10.3,chrome-sqlcipher-sqlcipher-tcache.jsonl
chrome,sqlcipher-tcache,memvfs_shared,False,own_connection,cold_scan,False,64,32,7,22.65,22.50,23.41,2826,20.192,False,10.2,chrome-sqlcipher-sqlcipher-tcache.jsonl
chrome,sqlcipher-tcache,memvfs_shared,False,own_connection,cold_scan,False,64,4,7,125.98,123.99,132.17,508,3.630,False,10.3,chrome-sqlcipher-sqlcipher-tcache.jsonl
chrome,sqlcipher-tcache,memvfs_shared,False,own_connection,cold_scan,False,64,8,7,71.62,70.96,75.96,894,6.386,False,10.2,chrome-sqlcipher-sqlcipher-tcache.jsonl
chrome,sqlcipher-tcache,memvfs_shared,False,own_connection,keyed_open,False,32,1,3,1.61,1.57,1.93,19814,1.000,False,10.7,chrome-sqlcipher-sqlcipher-tcache.jsonl
chrome,sqlcipher-tcache,memvfs_shared,False,own_connection,keyed_open,False,32,16,3,3.73,3.38,4.56,8590,0.434,False,10.7,chrome-sqlcipher-sqlcipher-tcache.jsonl
chrome,sqlcipher-tcache,memvfs_shared,False,own_connection,keyed_open,False,32,2,3,2.21,2.02,2.38,14512,0.732,False,10.7,chrome-sqlcipher-sqlcipher-tcache.jsonl
chrome,sqlcipher-tcache,memvfs_shared,False,own_connection,keyed_open,False,32,32,3,4.04,4.00,5.11,7930,0.400,False,10.7,chrome-sqlcipher-sqlcipher-tcache.jsonl
chrome,sqlcipher-tcache,memvfs_shared,False,own_connection,keyed_open,False,32,4,3,2.61,2.50,2.66,12261,0.619,False,10.7,chrome-sqlcipher-sqlcipher-tcache.jsonl
chrome,sqlcipher-tcache,memvfs_shared,False,own_connection,keyed_open,False,32,8,3,3.57,3.56,3.73,8964,0.452,False,10.7,chrome-sqlcipher-sqlcipher-tcache.jsonl
chrome,sqlcipher-tcache,sqlcipher_shared,False,own_connection,cold_scan,False,64,1,7,2297.62,2278.55,2305.83,28,1.000,False,12.3,chrome-sqlcipher-sqlcipher-tcache.jsonl
chrome,sqlcipher-tcache,sqlcipher_shared,False,own_connection,cold_scan,False,64,16,7,162.56,160.66,164.74,394,14.134,False,10.7,chrome-sqlcipher-sqlcipher-tcache.jsonl
chrome,sqlcipher-tcache,sqlcipher_shared,False,own_connection,cold_scan,False,64,2,7,1144.27,1142.01,1177.64,56,2.008,False,10.8,chrome-sqlcipher-sqlcipher-tcache.jsonl
chrome,sqlcipher-tcache,sqlcipher_shared,False,own_connection,cold_scan,False,64,32,7,107.06,104.77,114.22,598,21.462,False,10.7,chrome-sqlcipher-sqlcipher-tcache.jsonl
chrome,sqlcipher-tcache,sqlcipher_shared,False,own_connection,cold_scan,False,64,4,7,597.03,589.33,617.36,107,3.848,False,10.4,chrome-sqlcipher-sqlcipher-tcache.jsonl
chrome,sqlcipher-tcache,sqlcipher_shared,False,own_connection,cold_scan,False,64,8,7,309.50,301.47,313.03,207,7.424,False,10.4,chrome-sqlcipher-sqlcipher-tcache.jsonl
chrome,sqlcipher-tcache,sqlcipher_shared,False,own_connection,keyed_open,False,32,1,3,20880.80,20529.45,21269.81,2,1.000,False,37.3,chrome-sqlcipher-sqlcipher-tcache.jsonl
chrome,sqlcipher-tcache,sqlcipher_shared,False,own_connection,keyed_open,False,32,16,3,1349.07,1343.88,1351.81,24,15.478,False,13.5,chrome-sqlcipher-sqlcipher-tcache.jsonl
chrome,sqlcipher-tcache,sqlcipher_shared,False,own_connection,keyed_open,False,32,2,3,10488.75,10418.17,10645.30,3,1.991,False,19.0,chrome-sqlcipher-sqlcipher-tcache.jsonl
chrome,sqlcipher-tcache,sqlcipher_shared,False,own_connection,keyed_open,False,32,32,3,734.03,721.01,801.31,44,28.447,False,13.7,chrome-sqlcipher-sqlcipher-tcache.jsonl
chrome,sqlcipher-tcache,sqlcipher_shared,False,own_connection,keyed_open,False,32,4,3,5333.74,5287.58,5355.10,6,3.915,False,13.7,chrome-sqlcipher-sqlcipher-tcache.jsonl
chrome,sqlcipher-tcache,sqlcipher_shared,False,own_connection,keyed_open,False,32,8,3,2670.60,2660.96,2744.99,12,7.819,False,12.9,chrome-sqlcipher-sqlcipher-tcache.jsonl
chrome,tcache,memory_per_worker,False,own_connection,fts,False,3200,1,7,196.30,192.46,197.90,16302,1.000,False,13.4,chrome-single-tcache.jsonl
chrome,tcache,memory_per_worker,False,own_connection,fts,False,3200,16,7,39.51,38.13,40.91,81002,4.969,False,13.4,chrome-single-tcache.jsonl
chrome,tcache,memory_per_worker,False,own_connection,fts,False,3200,2,7,102.11,96.06,106.97,31339,1.922,False,13.4,chrome-single-tcache.jsonl
chrome,tcache,memory_per_worker,False,own_connection,fts,False,3200,32,7,44.45,42.50,45.51,71999,4.417,False,13.4,chrome-single-tcache.jsonl
chrome,tcache,memory_per_worker,False,own_connection,fts,False,3200,4,7,59.18,55.54,59.75,54077,3.317,False,13.4,chrome-single-tcache.jsonl
chrome,tcache,memory_per_worker,False,own_connection,fts,False,3200,8,7,37.73,36.39,41.21,84824,5.203,False,13.4,chrome-single-tcache.jsonl
chrome,tcache,memory_per_worker,False,own_connection,fts,True,3200,1,7,199.88,187.02,208.10,16010,1.000,False,13.1,chrome-single-tcache.jsonl
chrome,tcache,memory_per_worker,False,own_connection,fts,True,3200,16,7,36.71,36.30,37.27,87170,5.445,False,13.1,chrome-single-tcache.jsonl
chrome,tcache,memory_per_worker,False,own_connection,fts,True,3200,2,7,99.80,98.95,106.63,32063,2.003,False,13.1,chrome-single-tcache.jsonl
chrome,tcache,memory_per_worker,False,own_connection,fts,True,3200,32,7,39.75,38.98,42.00,80513,5.029,False,13.1,chrome-single-tcache.jsonl
chrome,tcache,memory_per_worker,False,own_connection,fts,True,3200,4,7,54.37,54.29,60.30,58851,3.676,False,13.1,chrome-single-tcache.jsonl
chrome,tcache,memory_per_worker,False,own_connection,fts,True,3200,8,7,34.80,33.35,38.88,91954,5.744,False,13.1,chrome-single-tcache.jsonl
chrome,tcache,memory_per_worker,False,own_connection,insert,False,9600,1,7,189.90,188.01,195.42,50553,1.000,False,13.1,chrome-single-tcache.jsonl
chrome,tcache,memory_per_worker,False,own_connection,insert,False,9600,16,7,49.84,46.53,51.78,192616,3.810,False,12.9,chrome-single-tcache.jsonl
chrome,tcache,memory_per_worker,False,own_connection,insert,False,9600,2,7,103.02,99.34,106.23,93181,1.843,False,12.9,chrome-single-tcache.jsonl
chrome,tcache,memory_per_worker,False,own_connection,insert,False,9600,32,7,54.25,54.09,56.79,176974,3.501,False,12.9,chrome-single-tcache.jsonl
chrome,tcache,memory_per_worker,False,own_connection,insert,False,9600,4,7,58.24,54.61,62.78,164849,3.261,False,12.9,chrome-single-tcache.jsonl
chrome,tcache,memory_per_worker,False,own_connection,insert,False,9600,8,7,42.82,40.00,43.84,224194,4.435,False,12.9,chrome-single-tcache.jsonl
chrome,tcache,memory_per_worker,False,own_connection,mix,False,160000,1,7,122.09,120.45,142.68,1310510,1.000,False,12.9,chrome-single-tcache.jsonl
chrome,tcache,memory_per_worker,False,own_connection,mix,False,160000,16,7,102.65,96.30,106.47,1558696,1.189,False,13.0,chrome-single-tcache.jsonl
chrome,tcache,memory_per_worker,False,own_connection,mix,False,160000,2,7,91.25,83.16,94.57,1753518,1.338,False,12.9,chrome-single-tcache.jsonl
chrome,tcache,memory_per_worker,False,own_connection,mix,False,160000,32,7,114.37,112.78,115.27,1398970,1.068,False,13.0,chrome-single-tcache.jsonl
chrome,tcache,memory_per_worker,False,own_connection,mix,False,160000,4,7,78.31,77.13,79.29,2043033,1.559,False,12.9,chrome-single-tcache.jsonl
chrome,tcache,memory_per_worker,False,own_connection,mix,False,160000,8,7,88.43,86.62,89.34,1809342,1.381,False,13.0,chrome-single-tcache.jsonl
chrome,tcache,memory_per_worker,False,own_connection,point,False,256000,1,7,157.38,157.15,158.90,1626635,1.000,False,10.0,chrome-single-tcache.jsonl
chrome,tcache,memory_per_worker,False,own_connection,point,False,256000,16,7,77.15,72.70,81.31,3318215,2.040,False,10.0,chrome-single-tcache.jsonl
chrome,tcache,memory_per_worker,False,own_connection,point,False,256000,2,7,83.71,83.10,90.94,3058000,1.880,False,10.0,chrome-single-tcache.jsonl
chrome,tcache,memory_per_worker,False,own_connection,point,False,256000,32,7,96.43,88.66,96.83,2654777,1.632,False,10.0,chrome-single-tcache.jsonl
chrome,tcache,memory_per_worker,False,own_connection,point,False,256000,4,7,57.05,55.55,59.09,4487288,2.759,False,10.0,chrome-single-tcache.jsonl
chrome,tcache,memory_per_worker,False,own_connection,point,False,256000,8,7,68.68,61.45,73.85,3727170,2.291,False,10.0,chrome-single-tcache.jsonl
chrome,tcache,memory_per_worker,False,own_connection,point,True,256000,1,7,118.98,118.65,119.44,2151622,1.000,False,10.0,chrome-single-tcache.jsonl
chrome,tcache,memory_per_worker,False,own_connection,point,True,256000,16,7,9.60,9.01,10.33,26665717,12.393,False,10.0,chrome-single-tcache.jsonl
chrome,tcache,memory_per_worker,False,own_connection,point,True,256000,2,7,63.79,60.97,69.76,4013166,1.865,False,10.0,chrome-single-tcache.jsonl
chrome,tcache,memory_per_worker,False,own_connection,point,True,256000,32,7,7.54,7.39,8.05,33974080,15.790,False,10.0,chrome-single-tcache.jsonl
chrome,tcache,memory_per_worker,False,own_connection,point,True,256000,4,7,35.09,34.20,36.25,7295508,3.391,False,10.0,chrome-single-tcache.jsonl
chrome,tcache,memory_per_worker,False,own_connection,point,True,256000,8,7,18.18,17.72,18.63,14081272,6.544,False,10.0,chrome-single-tcache.jsonl
chrome,tcache,memory_per_worker,False,own_connection,range,False,4800,1,7,284.92,284.19,290.04,16847,1.000,False,9.8,chrome-single-tcache.jsonl
chrome,tcache,memory_per_worker,False,own_connection,range,False,4800,16,7,21.31,20.71,22.63,225194,13.367,False,9.8,chrome-single-tcache.jsonl
chrome,tcache,memory_per_worker,False,own_connection,range,False,4800,2,7,150.29,146.25,153.49,31937,1.896,False,9.8,chrome-single-tcache.jsonl
chrome,tcache,memory_per_worker,False,own_connection,range,False,4800,32,7,14.27,14.05,15.56,336370,19.966,False,9.8,chrome-single-tcache.jsonl
chrome,tcache,memory_per_worker,False,own_connection,range,False,4800,4,7,79.55,77.66,83.02,60340,3.582,False,9.8,chrome-single-tcache.jsonl
chrome,tcache,memory_per_worker,False,own_connection,range,False,4800,8,7,41.83,41.14,43.11,114750,6.811,False,9.8,chrome-single-tcache.jsonl
chrome,tcache,memory_per_worker,False,own_connection,range,True,4800,1,7,290.43,286.86,292.06,16527,1.000,False,9.3,chrome-single-tcache.jsonl
chrome,tcache,memory_per_worker,False,own_connection,range,True,4800,16,7,26.72,23.93,27.63,179608,10.867,False,9.3,chrome-single-tcache.jsonl
chrome,tcache,memory_per_worker,False,own_connection,range,True,4800,2,7,151.68,147.51,159.51,31646,1.915,False,9.3,chrome-single-tcache.jsonl
chrome,tcache,memory_per_worker,False,own_connection,range,True,4800,32,7,14.39,14.30,15.57,333454,20.176,False,9.3,chrome-single-tcache.jsonl
chrome,tcache,memory_per_worker,False,own_connection,range,True,4800,4,7,80.04,74.98,81.58,59966,3.628,False,9.3,chrome-single-tcache.jsonl
chrome,tcache,memory_per_worker,False,own_connection,range,True,4800,8,7,41.19,38.06,41.98,116547,7.052,False,9.3,chrome-single-tcache.jsonl
chrome,tcache,memory_per_worker,False,own_connection,scan,False,32,1,7,1884.33,1864.62,1928.05,17,1.000,False,8.4,chrome-single-tcache.jsonl
chrome,tcache,memory_per_worker,False,own_connection,scan,False,32,16,7,3793.95,3625.46,3872.11,8,0.497,False,9.2,chrome-single-tcache.jsonl
chrome,tcache,memory_per_worker,False,own_connection,scan,False,32,2,7,2696.64,2596.70,2847.98,12,0.699,False,7.3,chrome-single-tcache.jsonl
chrome,tcache,memory_per_worker,False,own_connection,scan,False,32,32,7,4568.57,4417.34,4590.26,7,0.412,False,11.1,chrome-single-tcache.jsonl
chrome,tcache,memory_per_worker,False,own_connection,scan,False,32,4,7,2159.12,2130.04,2276.29,15,0.873,False,6.8,chrome-single-tcache.jsonl
chrome,tcache,memory_per_worker,False,own_connection,scan,False,32,8,7,3206.44,3162.36,3298.51,10,0.588,False,8.1,chrome-single-tcache.jsonl
chrome,tcache,memory_per_worker,False,own_connection,sort,False,3200,1,7,580.60,577.79,607.52,5512,1.000,False,11.5,chrome-single-tcache.jsonl
chrome,tcache,memory_per_worker,False,own_connection,sort,False,3200,16,7,53.05,51.27,55.64,60326,10.945,False,11.3,chrome-single-tcache.jsonl
chrome,tcache,memory_per_worker,False,own_connection,sort,False,3200,2,7,304.61,284.45,306.89,10505,1.906,False,11.3,chrome-single-tcache.jsonl
chrome,tcache,memory_per_worker,False,own_connection,sort,False,3200,32,7,30.93,30.77,31.07,103460,18.771,False,11.2,chrome-single-tcache.jsonl
chrome,tcache,memory_per_worker,False,own_connection,sort,False,3200,4,7,164.45,154.88,169.37,19458,3.530,False,11.3,chrome-single-tcache.jsonl
chrome,tcache,memory_per_worker,False,own_connection,sort,False,3200,8,7,85.20,84.97,94.62,37557,6.814,False,11.3,chrome-single-tcache.jsonl
chrome,tcache,memory_per_worker,False,own_connection,sort,True,3200,1,7,591.84,583.06,618.48,5407,1.000,False,11.2,chrome-single-tcache.jsonl
chrome,tcache,memory_per_worker,False,own_connection,sort,True,3200,16,7,52.14,46.35,58.07,61379,11.352,False,11.4,chrome-single-tcache.jsonl
chrome,tcache,memory_per_worker,False,own_connection,sort,True,3200,2,7,300.57,294.05,309.74,10646,1.969,False,11.4,chrome-single-tcache.jsonl
chrome,tcache,memory_per_worker,False,own_connection,sort,True,3200,32,7,29.78,29.65,30.65,107454,19.874,False,13.4,chrome-single-tcache.jsonl
chrome,tcache,memory_per_worker,False,own_connection,sort,True,3200,4,7,161.94,152.15,168.90,19761,3.655,False,11.4,chrome-single-tcache.jsonl
chrome,tcache,memory_per_worker,False,own_connection,sort,True,3200,8,7,84.67,80.94,90.74,37794,6.990,False,11.4,chrome-single-tcache.jsonl
chrome,tcache,memvfs_per_worker,False,own_connection,fts,False,3200,1,7,187.18,187.08,188.98,17096,1.000,False,10.6,chrome-single-tcache.jsonl
chrome,tcache,memvfs_per_worker,False,own_connection,fts,False,3200,16,7,35.36,33.09,37.61,90497,5.294,False,10.3,chrome-single-tcache.jsonl
chrome,tcache,memvfs_per_worker,False,own_connection,fts,False,3200,2,7,106.66,102.66,112.73,30003,1.755,False,10.6,chrome-single-tcache.jsonl
chrome,tcache,memvfs_per_worker,False,own_connection,fts,False,3200,32,7,42.74,41.10,43.89,74871,4.380,False,10.3,chrome-single-tcache.jsonl
chrome,tcache,memvfs_per_worker,False,own_connection,fts,False,3200,4,7,54.51,51.23,59.19,58705,3.434,False,10.6,chrome-single-tcache.jsonl
chrome,tcache,memvfs_per_worker,False,own_connection,fts,False,3200,8,7,37.47,35.65,39.90,85402,4.996,False,10.3,chrome-single-tcache.jsonl
chrome,tcache,memvfs_per_worker,False,own_connection,fts,True,3200,1,7,184.38,184.21,185.67,17355,1.000,False,10.3,chrome-single-tcache.jsonl
chrome,tcache,memvfs_per_worker,False,own_connection,fts,True,3200,16,7,33.21,32.94,34.96,96371,5.553,False,10.3,chrome-single-tcache.jsonl
chrome,tcache,memvfs_per_worker,False,own_connection,fts,True,3200,2,7,97.05,96.81,101.57,32974,1.900,False,10.3,chrome-single-tcache.jsonl
chrome,tcache,memvfs_per_worker,False,own_connection,fts,True,3200,32,7,41.48,41.11,43.36,77145,4.445,False,10.3,chrome-single-tcache.jsonl
chrome,tcache,memvfs_per_worker,False,own_connection,fts,True,3200,4,7,53.40,50.70,58.05,59925,3.453,False,10.3,chrome-single-tcache.jsonl
chrome,tcache,memvfs_per_worker,False,own_connection,fts,True,3200,8,7,36.17,35.60,36.94,88483,5.098,False,10.3,chrome-single-tcache.jsonl
chrome,tcache,memvfs_per_worker,False,own_connection,insert,False,9600,1,7,219.36,218.19,225.73,43763,1.000,False,9.7,chrome-single-tcache.jsonl
chrome,tcache,memvfs_per_worker,False,own_connection,insert,False,9600,16,7,39.88,38.39,41.29,240721,5.501,False,9.7,chrome-single-tcache.jsonl
chrome,tcache,memvfs_per_worker,False,own_connection,insert,False,9600,2,7,115.55,112.18,122.71,83081,1.898,False,9.7,chrome-single-tcache.jsonl
chrome,tcache,memvfs_per_worker,False,own_connection,insert,False,9600,32,7,50.47,49.11,51.44,190231,4.347,False,9.7,chrome-single-tcache.jsonl
chrome,tcache,memvfs_per_worker,False,own_connection,insert,False,9600,4,7,66.07,60.79,68.71,145290,3.320,False,9.7,chrome-single-tcache.jsonl
chrome,tcache,memvfs_per_worker,False,own_connection,insert,False,9600,8,7,48.69,47.29,50.65,197166,4.505,False,9.7,chrome-single-tcache.jsonl
chrome,tcache,memvfs_per_worker,False,own_connection,mix,False,160000,1,7,213.10,204.12,216.91,750822,1.000,False,9.6,chrome-single-tcache.jsonl
chrome,tcache,memvfs_per_worker,False,own_connection,mix,False,160000,16,7,202.85,200.91,207.92,788761,1.051,False,9.8,chrome-single-tcache.jsonl
chrome,tcache,memvfs_per_worker,False,own_connection,mix,False,160000,2,7,124.47,120.16,131.77,1285501,1.712,False,9.6,chrome-single-tcache.jsonl
chrome,tcache,memvfs_per_worker,False,own_connection,mix,False,160000,32,7,246.03,242.23,248.13,650314,0.866,False,9.8,chrome-single-tcache.jsonl
chrome,tcache,memvfs_per_worker,False,own_connection,mix,False,160000,4,7,106.17,98.67,108.48,1507087,2.007,False,9.6,chrome-single-tcache.jsonl
chrome,tcache,memvfs_per_worker,False,own_connection,mix,False,160000,8,7,157.46,155.94,158.89,1016100,1.353,False,9.6,chrome-single-tcache.jsonl
chrome,tcache,memvfs_per_worker,False,own_connection,point,False,256000,1,7,231.16,229.33,232.13,1107482,1.000,False,5.0,chrome-single-tcache.jsonl
chrome,tcache,memvfs_per_worker,False,own_connection,point,False,256000,16,7,209.15,205.24,217.79,1224001,1.105,False,5.3,chrome-single-tcache.jsonl
chrome,tcache,memvfs_per_worker,False,own_connection,point,False,256000,2,7,130.86,127.40,131.48,1956215,1.766,False,5.0,chrome-single-tcache.jsonl
chrome,tcache,memvfs_per_worker,False,own_connection,point,False,256000,32,7,208.59,204.23,240.24,1227259,1.108,False,5.3,chrome-single-tcache.jsonl
chrome,tcache,memvfs_per_worker,False,own_connection,point,False,256000,4,7,112.75,104.70,125.01,2270412,2.050,False,5.0,chrome-single-tcache.jsonl
chrome,tcache,memvfs_per_worker,False,own_connection,point,False,256000,8,7,171.28,159.26,173.39,1494628,1.350,False,5.3,chrome-single-tcache.jsonl
chrome,tcache,memvfs_per_worker,False,own_connection,point,True,256000,1,7,125.92,125.14,133.99,2033034,1.000,False,5.1,chrome-single-tcache.jsonl
chrome,tcache,memvfs_per_worker,False,own_connection,point,True,256000,16,7,13.06,13.00,13.46,19609081,9.645,False,5.1,chrome-single-tcache.jsonl
chrome,tcache,memvfs_per_worker,False,own_connection,point,True,256000,2,7,68.14,64.84,72.98,3756977,1.848,False,5.1,chrome-single-tcache.jsonl
chrome,tcache,memvfs_per_worker,False,own_connection,point,True,256000,32,7,8.32,7.99,11.30,30787046,15.143,False,5.1,chrome-single-tcache.jsonl
chrome,tcache,memvfs_per_worker,False,own_connection,point,True,256000,4,7,37.55,36.19,40.47,6818454,3.354,False,5.1,chrome-single-tcache.jsonl
chrome,tcache,memvfs_per_worker,False,own_connection,point,True,256000,8,7,22.80,19.03,23.32,11228046,5.523,False,5.1,chrome-single-tcache.jsonl
chrome,tcache,memvfs_per_worker,False,own_connection,range,False,4800,1,7,285.50,284.34,288.41,16813,1.000,False,5.1,chrome-single-tcache.jsonl
chrome,tcache,memvfs_per_worker,False,own_connection,range,False,4800,16,7,25.14,24.91,28.36,190932,11.356,False,4.9,chrome-single-tcache.jsonl
chrome,tcache,memvfs_per_worker,False,own_connection,range,False,4800,2,7,151.37,148.97,155.42,31710,1.886,False,4.9,chrome-single-tcache.jsonl
chrome,tcache,memvfs_per_worker,False,own_connection,range,False,4800,32,7,14.12,13.92,15.17,339823,20.212,False,4.9,chrome-single-tcache.jsonl
chrome,tcache,memvfs_per_worker,False,own_connection,range,False,4800,4,7,75.88,73.71,77.59,63258,3.763,False,4.9,chrome-single-tcache.jsonl
chrome,tcache,memvfs_per_worker,False,own_connection,range,False,4800,8,7,41.26,40.74,42.56,116335,6.920,False,4.9,chrome-single-tcache.jsonl
chrome,tcache,memvfs_per_worker,False,own_connection,range,True,4800,1,7,283.10,281.06,285.32,16955,1.000,False,4.9,chrome-single-tcache.jsonl
chrome,tcache,memvfs_per_worker,False,own_connection,range,True,4800,16,7,25.04,22.59,27.13,191656,11.304,False,4.8,chrome-single-tcache.jsonl
chrome,tcache,memvfs_per_worker,False,own_connection,range,True,4800,2,7,145.72,144.00,147.72,32940,1.943,False,4.8,chrome-single-tcache.jsonl
chrome,tcache,memvfs_per_worker,False,own_connection,range,True,4800,32,7,14.03,13.44,14.39,342129,20.179,False,4.8,chrome-single-tcache.jsonl
chrome,tcache,memvfs_per_worker,False,own_connection,range,True,4800,4,7,74.99,73.98,78.95,64009,3.775,False,4.8,chrome-single-tcache.jsonl
chrome,tcache,memvfs_per_worker,False,own_connection,range,True,4800,8,7,44.61,40.46,50.73,107587,6.346,False,4.8,chrome-single-tcache.jsonl
chrome,tcache,memvfs_per_worker,False,own_connection,scan,False,32,1,7,1646.46,1604.77,1690.82,19,1.000,False,4.5,chrome-single-tcache.jsonl
chrome,tcache,memvfs_per_worker,False,own_connection,scan,False,32,16,7,4000.44,3821.88,4111.47,8,0.412,False,14.0,chrome-single-tcache.jsonl
chrome,tcache,memvfs_per_worker,False,own_connection,scan,False,32,2,7,2472.49,2342.03,2615.54,13,0.666,False,5.1,chrome-single-tcache.jsonl
chrome,tcache,memvfs_per_worker,False,own_connection,scan,False,32,32,7,4555.86,4439.92,4590.44,7,0.361,False,13.7,chrome-single-tcache.jsonl
chrome,tcache,memvfs_per_worker,False,own_connection,scan,False,32,4,7,2386.33,2119.22,2763.96,13,0.690,False,5.1,chrome-single-tcache.jsonl
chrome,tcache,memvfs_per_worker,False,own_connection,scan,False,32,8,7,3466.72,3261.78,3620.08,9,0.475,False,7.8,chrome-single-tcache.jsonl
chrome,tcache,memvfs_per_worker,False,own_connection,sort,False,3200,1,7,574.98,564.43,577.93,5565,1.000,False,12.2,chrome-single-tcache.jsonl
chrome,tcache,memvfs_per_worker,False,own_connection,sort,False,3200,16,7,50.59,47.27,52.96,63247,11.364,False,11.8,chrome-single-tcache.jsonl
chrome,tcache,memvfs_per_worker,False,own_connection,sort,False,3200,2,7,306.89,299.93,312.82,10427,1.874,False,12.2,chrome-single-tcache.jsonl
chrome,tcache,memvfs_per_worker,False,own_connection,sort,False,3200,32,7,30.23,29.44,30.41,105872,19.023,False,11.8,chrome-single-tcache.jsonl
chrome,tcache,memvfs_per_worker,False,own_connection,sort,False,3200,4,7,159.70,154.94,162.23,20038,3.600,False,11.8,chrome-single-tcache.jsonl
chrome,tcache,memvfs_per_worker,False,own_connection,sort,False,3200,8,7,84.99,81.33,87.07,37649,6.765,False,11.8,chrome-single-tcache.jsonl
chrome,tcache,memvfs_per_worker,False,own_connection,sort,True,3200,1,7,560.55,558.21,566.65,5709,1.000,False,11.2,chrome-single-tcache.jsonl
chrome,tcache,memvfs_per_worker,False,own_connection,sort,True,3200,16,7,51.03,48.66,54.48,62708,10.985,False,10.6,chrome-single-tcache.jsonl
chrome,tcache,memvfs_per_worker,False,own_connection,sort,True,3200,2,7,286.45,284.96,288.52,11171,1.957,False,11.2,chrome-single-tcache.jsonl
chrome,tcache,memvfs_per_worker,False,own_connection,sort,True,3200,32,7,29.79,29.23,29.96,107401,18.814,False,10.6,chrome-single-tcache.jsonl
chrome,tcache,memvfs_per_worker,False,own_connection,sort,True,3200,4,7,152.36,151.32,163.89,21003,3.679,False,10.6,chrome-single-tcache.jsonl
chrome,tcache,memvfs_per_worker,False,own_connection,sort,True,3200,8,7,83.22,78.98,91.10,38455,6.736,False,10.6,chrome-single-tcache.jsonl
chrome,tcache,memvfs_shared,False,own_connection,fts,False,3200,1,7,187.03,186.69,191.05,17110,1.000,False,5.0,chrome-single-tcache.jsonl
chrome,tcache,memvfs_shared,False,own_connection,fts,False,3200,16,7,37.83,37.08,37.99,84578,4.943,False,4.7,chrome-single-tcache.jsonl
chrome,tcache,memvfs_shared,False,own_connection,fts,False,3200,2,7,96.71,93.43,99.82,33089,1.934,False,4.7,chrome-single-tcache.jsonl
chrome,tcache,memvfs_shared,False,own_connection,fts,False,3200,32,7,44.78,44.28,68.06,71460,4.177,False,4.7,chrome-single-tcache.jsonl
chrome,tcache,memvfs_shared,False,own_connection,fts,False,3200,4,7,54.37,53.67,54.99,58856,3.440,False,4.7,chrome-single-tcache.jsonl
chrome,tcache,memvfs_shared,False,own_connection,fts,False,3200,8,7,33.69,32.54,34.86,94985,5.551,False,4.7,chrome-single-tcache.jsonl
chrome,tcache,memvfs_shared,False,own_connection,fts,True,3200,1,7,190.08,187.26,193.58,16835,1.000,False,4.7,chrome-single-tcache.jsonl
chrome,tcache,memvfs_shared,False,own_connection,fts,True,3200,16,7,34.00,33.20,34.53,94118,5.591,False,5.0,chrome-single-tcache.jsonl
chrome,tcache,memvfs_shared,False,own_connection,fts,True,3200,2,7,93.99,93.17,96.69,34046,2.022,False,4.7,chrome-single-tcache.jsonl
chrome,tcache,memvfs_shared,False,own_connection,fts,True,3200,32,7,42.94,41.92,43.92,74531,4.427,False,5.0,chrome-single-tcache.jsonl
chrome,tcache,memvfs_shared,False,own_connection,fts,True,3200,4,7,49.57,48.66,53.01,64549,3.834,False,4.7,chrome-single-tcache.jsonl
chrome,tcache,memvfs_shared,False,own_connection,fts,True,3200,8,7,33.67,33.20,34.87,95040,5.645,False,5.0,chrome-single-tcache.jsonl
chrome,tcache,memvfs_shared,False,own_connection,insert,False,9600,1,7,220.60,216.61,223.10,43517,1.000,False,5.0,chrome-single-tcache.jsonl
chrome,tcache,memvfs_shared,False,own_connection,insert,False,9600,16,7,1046.74,947.67,1048.49,9171,0.211,False,4.2,chrome-single-tcache.jsonl
chrome,tcache,memvfs_shared,False,own_connection,insert,False,9600,2,7,236.01,235.32,240.78,40676,0.935,False,5.0,chrome-single-tcache.jsonl
chrome,tcache,memvfs_shared,False,own_connection,insert,False,9600,32,7,2542.81,2443.32,2543.02,3775,0.087,False,3.4,chrome-single-tcache.jsonl
chrome,tcache,memvfs_shared,False,own_connection,insert,False,9600,4,7,387.69,385.78,388.14,24762,0.569,False,4.7,chrome-single-tcache.jsonl
chrome,tcache,memvfs_shared,False,own_connection,insert,False,9600,8,7,560.09,459.17,564.52,17140,0.394,False,4.5,chrome-single-tcache.jsonl
chrome,tcache,memvfs_shared,False,own_connection,mix,False,160000,1,7,193.56,191.21,202.56,826596,1.000,False,3.1,chrome-single-tcache.jsonl
chrome,tcache,memvfs_shared,False,own_connection,mix,False,160000,16,7,1187.36,978.99,1205.57,134753,0.163,False,2.8,chrome-single-tcache.jsonl
chrome,tcache,memvfs_shared,False,own_connection,mix,False,160000,2,7,307.24,259.39,354.78,520766,0.630,False,3.1,chrome-single-tcache.jsonl
chrome,tcache,memvfs_shared,False,own_connection,mix,False,160000,32,7,1489.73,1259.51,1732.70,107402,0.130,False,2.3,chrome-single-tcache.jsonl
chrome,tcache,memvfs_shared,False,own_connection,mix,False,160000,4,7,469.47,447.38,531.41,340810,0.412,False,3.0,chrome-single-tcache.jsonl
chrome,tcache,memvfs_shared,False,own_connection,mix,False,160000,8,7,820.43,665.66,873.29,195020,0.236,False,2.8,chrome-single-tcache.jsonl
chrome,tcache,memvfs_shared,False,own_connection,point,False,256000,1,7,233.07,221.33,237.84,1098383,1.000,False,8.2,chrome-single-tcache.jsonl
chrome,tcache,memvfs_shared,False,own_connection,point,False,256000,16,7,370.29,350.21,376.38,691350,0.629,False,8.0,chrome-single-tcache.jsonl
chrome,tcache,memvfs_shared,False,own_connection,point,False,256000,2,7,158.50,153.16,160.00,1615142,1.470,False,7.7,chrome-single-tcache.jsonl
chrome,tcache,memvfs_shared,False,own_connection,point,False,256000,32,7,385.11,355.69,408.40,664737,0.605,False,8.0,chrome-single-tcache.jsonl
chrome,tcache,memvfs_shared,False,own_connection,point,False,256000,4,7,209.18,197.36,250.67,1223798,1.114,False,7.7,chrome-single-tcache.jsonl
chrome,tcache,memvfs_shared,False,own_connection,point,False,256000,8,7,301.61,283.70,319.23,848779,0.773,False,7.7,chrome-single-tcache.jsonl
chrome,tcache,memvfs_shared,False,own_connection,point,True,256000,1,7,127.82,127.77,131.75,2002739,1.000,False,8.2,chrome-single-tcache.jsonl
chrome,tcache,memvfs_shared,False,own_connection,point,True,256000,16,7,13.79,13.70,14.01,18557553,9.266,False,8.2,chrome-single-tcache.jsonl
chrome,tcache,memvfs_shared,False,own_connection,point,True,256000,2,7,64.68,64.33,68.28,3957951,1.976,False,8.2,chrome-single-tcache.jsonl
chrome,tcache,memvfs_shared,False,own_connection,point,True,256000,32,7,10.42,10.36,11.37,24567747,12.267,False,8.2,chrome-single-tcache.jsonl
chrome,tcache,memvfs_shared,False,own_connection,point,True,256000,4,7,33.07,32.51,34.98,7739996,3.865,False,8.2,chrome-single-tcache.jsonl
chrome,tcache,memvfs_shared,False,own_connection,point,True,256000,8,7,19.70,19.12,21.98,12998017,6.490,False,8.2,chrome-single-tcache.jsonl
chrome,tcache,memvfs_shared,False,own_connection,range,False,4800,1,7,286.71,282.74,288.86,16741,1.000,False,8.2,chrome-single-tcache.jsonl
chrome,tcache,memvfs_shared,False,own_connection,range,False,4800,16,7,27.40,25.80,27.87,175182,10.464,False,8.1,chrome-single-tcache.jsonl
chrome,tcache,memvfs_shared,False,own_connection,range,False,4800,2,7,150.74,145.90,163.16,31843,1.902,False,8.1,chrome-single-tcache.jsonl
chrome,tcache,memvfs_shared,False,own_connection,range,False,4800,32,7,19.25,18.35,19.62,249414,14.898,False,8.1,chrome-single-tcache.jsonl
chrome,tcache,memvfs_shared,False,own_connection,range,False,4800,4,7,81.62,78.28,84.51,58813,3.513,False,8.1,chrome-single-tcache.jsonl
chrome,tcache,memvfs_shared,False,own_connection,range,False,4800,8,7,42.35,39.60,42.87,113328,6.769,False,8.1,chrome-single-tcache.jsonl
chrome,tcache,memvfs_shared,False,own_connection,range,True,4800,1,7,282.12,280.76,291.06,17014,1.000,False,8.1,chrome-single-tcache.jsonl
chrome,tcache,memvfs_shared,False,own_connection,range,True,4800,16,7,27.54,26.17,27.95,174261,10.242,False,7.7,chrome-single-tcache.jsonl
chrome,tcache,memvfs_shared,False,own_connection,range,True,4800,2,7,143.54,142.55,147.05,33440,1.965,False,7.7,chrome-single-tcache.jsonl
chrome,tcache,memvfs_shared,False,own_connection,range,True,4800,32,7,19.31,18.71,22.36,248575,14.610,False,7.7,chrome-single-tcache.jsonl
chrome,tcache,memvfs_shared,False,own_connection,range,True,4800,4,7,80.15,76.10,87.35,59891,3.520,False,7.7,chrome-single-tcache.jsonl
chrome,tcache,memvfs_shared,False,own_connection,range,True,4800,8,7,45.77,42.80,50.23,104872,6.164,False,7.7,chrome-single-tcache.jsonl
chrome,tcache,memvfs_shared,False,own_connection,scan,False,32,1,7,1263.52,1260.71,1276.36,25,1.000,False,7.2,chrome-single-tcache.jsonl
chrome,tcache,memvfs_shared,False,own_connection,scan,False,32,16,7,3521.15,3413.53,3644.04,9,0.359,False,6.4,chrome-single-tcache.jsonl
chrome,tcache,memvfs_shared,False,own_connection,scan,False,32,2,7,1609.24,1470.33,1627.33,20,0.785,False,6.3,chrome-single-tcache.jsonl
chrome,tcache,memvfs_shared,False,own_connection,scan,False,32,32,7,4405.39,4268.40,4499.41,7,0.287,False,6.3,chrome-single-tcache.jsonl
chrome,tcache,memvfs_shared,False,own_connection,scan,False,32,4,7,1650.97,1577.85,1692.35,19,0.765,False,6.1,chrome-single-tcache.jsonl
chrome,tcache,memvfs_shared,False,own_connection,scan,False,32,8,7,2708.71,2517.54,3009.67,12,0.466,False,6.2,chrome-single-tcache.jsonl
chrome,tcache,memvfs_shared,False,own_connection,sort,False,3200,1,7,543.97,537.99,556.96,5883,1.000,False,5.7,chrome-single-tcache.jsonl
chrome,tcache,memvfs_shared,False,own_connection,sort,False,3200,16,7,46.02,43.51,46.85,69528,11.819,False,5.5,chrome-single-tcache.jsonl
chrome,tcache,memvfs_shared,False,own_connection,sort,False,3200,2,7,278.38,271.52,281.52,11495,1.954,False,5.5,chrome-single-tcache.jsonl
chrome,tcache,memvfs_shared,False,own_connection,sort,False,3200,32,7,29.95,29.13,32.30,106862,18.165,False,5.5,chrome-single-tcache.jsonl
chrome,tcache,memvfs_shared,False,own_connection,sort,False,3200,4,7,149.02,142.39,152.95,21474,3.650,False,5.5,chrome-single-tcache.jsonl
chrome,tcache,memvfs_shared,False,own_connection,sort,False,3200,8,7,79.96,78.92,84.53,40020,6.803,False,5.5,chrome-single-tcache.jsonl
chrome,tcache,memvfs_shared,False,own_connection,sort,True,3200,1,7,550.26,545.17,563.33,5815,1.000,False,5.2,chrome-single-tcache.jsonl
chrome,tcache,memvfs_shared,False,own_connection,sort,True,3200,16,7,46.18,45.35,48.59,69287,11.914,False,5.0,chrome-single-tcache.jsonl
chrome,tcache,memvfs_shared,False,own_connection,sort,True,3200,2,7,295.21,282.39,300.54,10840,1.864,False,5.2,chrome-single-tcache.jsonl
chrome,tcache,memvfs_shared,False,own_connection,sort,True,3200,32,7,29.15,28.70,30.33,109796,18.880,False,5.0,chrome-single-tcache.jsonl
chrome,tcache,memvfs_shared,False,own_connection,sort,True,3200,4,7,153.40,151.34,158.40,20861,3.587,False,5.0,chrome-single-tcache.jsonl
chrome,tcache,memvfs_shared,False,own_connection,sort,True,3200,8,7,77.99,74.70,79.01,41031,7.056,False,5.0,chrome-single-tcache.jsonl
chrome,tcache,sahpool_per_worker,False,own_connection,fts,False,3200,1,7,201.67,197.44,210.41,15867,1.000,False,20.7,chrome-single-tcache.jsonl
chrome,tcache,sahpool_per_worker,False,own_connection,fts,False,3200,16,7,40.40,39.97,41.43,79217,4.992,False,20.7,chrome-single-tcache.jsonl
chrome,tcache,sahpool_per_worker,False,own_connection,fts,False,3200,2,7,108.20,105.68,109.76,29576,1.864,False,20.7,chrome-single-tcache.jsonl
chrome,tcache,sahpool_per_worker,False,own_connection,fts,False,3200,32,7,44.36,43.63,46.35,72137,4.546,False,20.7,chrome-single-tcache.jsonl
chrome,tcache,sahpool_per_worker,False,own_connection,fts,False,3200,4,7,61.13,58.73,61.57,52348,3.299,False,20.7,chrome-single-tcache.jsonl
chrome,tcache,sahpool_per_worker,False,own_connection,fts,False,3200,8,7,38.92,38.21,42.55,82220,5.182,False,20.7,chrome-single-tcache.jsonl
chrome,tcache,sahpool_per_worker,False,own_connection,fts,True,3200,1,7,188.79,186.98,196.02,16950,1.000,False,19.8,chrome-single-tcache.jsonl
chrome,tcache,sahpool_per_worker,False,own_connection,fts,True,3200,16,7,35.47,34.31,37.85,90230,5.323,False,19.8,chrome-single-tcache.jsonl
chrome,tcache,sahpool_per_worker,False,own_connection,fts,True,3200,2,7,102.21,99.25,109.49,31308,1.847,False,19.8,chrome-single-tcache.jsonl
chrome,tcache,sahpool_per_worker,False,own_connection,fts,True,3200,32,7,41.88,41.36,42.86,76409,4.508,False,19.8,chrome-single-tcache.jsonl
chrome,tcache,sahpool_per_worker,False,own_connection,fts,True,3200,4,7,55.93,54.08,63.73,57209,3.375,False,19.8,chrome-single-tcache.jsonl
chrome,tcache,sahpool_per_worker,False,own_connection,fts,True,3200,8,7,36.90,34.44,37.76,86732,5.117,False,19.8,chrome-single-tcache.jsonl
chrome,tcache,sahpool_per_worker,False,own_connection,insert,False,256,1,7,5079.93,4877.24,5374.66,50,1.000,False,18.1,chrome-single-tcache.jsonl
chrome,tcache,sahpool_per_worker,False,own_connection,insert,False,256,16,7,648.84,636.56,675.24,395,7.829,False,13.3,chrome-single-tcache.jsonl
chrome,tcache,sahpool_per_worker,False,own_connection,insert,False,256,2,7,4704.29,4650.92,4743.07,54,1.080,False,14.7,chrome-single-tcache.jsonl
chrome,tcache,sahpool_per_worker,False,own_connection,insert,False,256,32,7,300.47,288.91,302.13,852,16.907,False,13.3,chrome-single-tcache.jsonl
chrome,tcache,sahpool_per_worker,False,own_connection,insert,False,256,4,7,2398.49,2281.72,2419.98,107,2.118,False,11.8,chrome-single-tcache.jsonl
chrome,tcache,sahpool_per_worker,False,own_connection,insert,False,256,8,7,1245.80,1195.78,1268.42,205,4.078,False,11.3,chrome-single-tcache.jsonl
chrome,tcache,sahpool_per_worker,False,own_connection,mix,False,3200,1,7,6523.19,5920.36,8335.19,491,1.000,False,10.6,chrome-single-tcache.jsonl
chrome,tcache,sahpool_per_worker,False,own_connection,mix,False,3200,16,7,1046.59,1008.74,1147.68,3058,6.233,False,10.5,chrome-single-tcache.jsonl
chrome,tcache,sahpool_per_worker,False,own_connection,mix,False,3200,2,7,5569.54,5491.41,6103.06,575,1.171,False,8.1,chrome-single-tcache.jsonl
chrome,tcache,sahpool_per_worker,False,own_connection,mix,False,3200,32,7,649.64,645.02,687.28,4926,10.041,False,12.0,chrome-single-tcache.jsonl
chrome,tcache,sahpool_per_worker,False,own_connection,mix,False,3200,4,7,3351.50,3151.48,3509.65,955,1.946,False,8.6,chrome-single-tcache.jsonl
chrome,tcache,sahpool_per_worker,False,own_connection,mix,False,3200,8,7,1887.57,1779.49,2063.57,1695,3.456,False,9.4,chrome-single-tcache.jsonl
chrome,tcache,sahpool_per_worker,False,own_connection,point,False,256000,1,7,1008.58,995.67,1030.45,253822,1.000,False,13.0,chrome-single-tcache.jsonl
chrome,tcache,sahpool_per_worker,False,own_connection,point,False,256000,16,7,175.76,172.17,183.14,1456532,5.738,False,12.8,chrome-single-tcache.jsonl
chrome,tcache,sahpool_per_worker,False,own_connection,point,False,256000,2,7,534.15,504.15,550.97,479266,1.888,False,12.8,chrome-single-tcache.jsonl
chrome,tcache,sahpool_per_worker,False,own_connection,point,False,256000,32,7,198.17,195.09,200.07,1291851,5.090,False,12.8,chrome-single-tcache.jsonl
chrome,tcache,sahpool_per_worker,False,own_connection,point,False,256000,4,7,291.92,280.41,299.15,876952,3.455,False,12.8,chrome-single-tcache.jsonl
chrome,tcache,sahpool_per_worker,False,own_connection,point,False,256000,8,7,184.03,175.48,195.58,1391077,5.481,False,12.8,chrome-single-tcache.jsonl
chrome,tcache,sahpool_per_worker,False,own_connection,point,True,256000,1,7,135.12,131.83,137.54,1894611,1.000,False,12.6,chrome-single-tcache.jsonl
chrome,tcache,sahpool_per_worker,False,own_connection,point,True,256000,16,7,18.05,17.20,19.09,14182787,7.486,False,12.6,chrome-single-tcache.jsonl
chrome,tcache,sahpool_per_worker,False,own_connection,point,True,256000,2,7,65.09,64.20,68.44,3933011,2.076,False,12.6,chrome-single-tcache.jsonl
chrome,tcache,sahpool_per_worker,False,own_connection,point,True,256000,32,7,8.39,8.29,9.00,30529785,16.114,False,12.6,chrome-single-tcache.jsonl
chrome,tcache,sahpool_per_worker,False,own_connection,point,True,256000,4,7,34.86,33.70,35.03,7343638,3.876,False,12.6,chrome-single-tcache.jsonl
chrome,tcache,sahpool_per_worker,False,own_connection,point,True,256000,8,7,26.89,22.64,31.80,9522035,5.026,False,12.6,chrome-single-tcache.jsonl
chrome,tcache,sahpool_per_worker,False,own_connection,range,False,4800,1,7,449.71,371.78,468.51,10674,1.000,False,12.6,chrome-single-tcache.jsonl
chrome,tcache,sahpool_per_worker,False,own_connection,range,False,4800,16,7,63.79,61.61,65.90,75253,7.050,False,17.1,chrome-single-tcache.jsonl
chrome,tcache,sahpool_per_worker,False,own_connection,range,False,4800,2,7,223.86,217.42,233.55,21441,2.009,False,17.1,chrome-single-tcache.jsonl
chrome,tcache,sahpool_per_worker,False,own_connection,range,False,4800,32,7,44.60,36.00,46.15,107611,10.082,False,17.1,chrome-single-tcache.jsonl
chrome,tcache,sahpool_per_worker,False,own_connection,range,False,4800,4,7,111.20,102.52,115.55,43164,4.044,False,17.1,chrome-single-tcache.jsonl
chrome,tcache,sahpool_per_worker,False,own_connection,range,False,4800,8,7,64.81,61.76,66.71,74063,6.939,False,17.1,chrome-single-tcache.jsonl
chrome,tcache,sahpool_per_worker,False,own_connection,range,True,4800,1,7,375.60,304.39,394.49,12780,1.000,False,20.5,chrome-single-tcache.jsonl
chrome,tcache,sahpool_per_worker,False,own_connection,range,True,4800,16,7,28.36,28.06,28.52,169223,13.242,False,21.6,chrome-single-tcache.jsonl
chrome,tcache,sahpool_per_worker,False,own_connection,range,True,4800,2,7,212.57,212.41,213.29,22581,1.767,False,20.5,chrome-single-tcache.jsonl
chrome,tcache,sahpool_per_worker,False,own_connection,range,True,4800,32,7,18.67,15.28,20.14,257165,20.123,False,21.6,chrome-single-tcache.jsonl
chrome,tcache,sahpool_per_worker,False,own_connection,range,True,4800,4,7,105.07,95.32,108.57,45684,3.575,False,21.6,chrome-single-tcache.jsonl
chrome,tcache,sahpool_per_worker,False,own_connection,range,True,4800,8,7,52.37,51.57,52.52,91656,7.172,False,21.6,chrome-single-tcache.jsonl
chrome,tcache,sahpool_per_worker,False,own_connection,scan,False,32,1,7,2546.13,2305.85,2833.48,13,1.000,False,22.7,chrome-single-tcache.jsonl
chrome,tcache,sahpool_per_worker,False,own_connection,scan,False,32,16,7,3829.52,3753.96,3879.99,8,0.665,False,23.1,chrome-single-tcache.jsonl
chrome,tcache,sahpool_per_worker,False,own_connection,scan,False,32,2,7,3292.70,2543.65,3391.59,10,0.773,False,21.9,chrome-single-tcache.jsonl
chrome,tcache,sahpool_per_worker,False,own_connection,scan,False,32,32,7,4513.48,4431.92,4537.91,7,0.564,False,19.7,chrome-single-tcache.jsonl
chrome,tcache,sahpool_per_worker,False,own_connection,scan,False,32,4,7,3042.55,2903.53,4103.33,11,0.837,False,27.4,chrome-single-tcache.jsonl
chrome,tcache,sahpool_per_worker,False,own_connection,scan,False,32,8,7,3484.69,3324.16,3622.08,9,0.731,False,26.7,chrome-single-tcache.jsonl
chrome,tcache,sahpool_per_worker,False,own_connection,sort,False,3200,1,7,596.91,595.33,750.01,5361,1.000,False,18.4,chrome-single-tcache.jsonl
chrome,tcache,sahpool_per_worker,False,own_connection,sort,False,3200,16,7,59.26,55.00,64.30,53995,10.072,False,21.6,chrome-single-tcache.jsonl
chrome,tcache,sahpool_per_worker,False,own_connection,sort,False,3200,2,7,507.03,369.92,520.51,6311,1.177,False,21.7,chrome-single-tcache.jsonl
chrome,tcache,sahpool_per_worker,False,own_connection,sort,False,3200,32,7,33.88,33.36,34.26,94464,17.621,False,21.6,chrome-single-tcache.jsonl
chrome,tcache,sahpool_per_worker,False,own_connection,sort,False,3200,4,7,151.27,149.70,156.74,21154,3.946,False,21.7,chrome-single-tcache.jsonl
chrome,tcache,sahpool_per_worker,False,own_connection,sort,False,3200,8,7,84.14,82.86,104.35,38030,7.094,False,21.6,chrome-single-tcache.jsonl
chrome,tcache,sahpool_per_worker,False,own_connection,sort,True,3200,1,7,566.01,561.45,567.63,5654,1.000,False,21.6,chrome-single-tcache.jsonl
chrome,tcache,sahpool_per_worker,False,own_connection,sort,True,3200,16,7,52.46,45.09,57.88,60993,10.788,False,20.7,chrome-single-tcache.jsonl
chrome,tcache,sahpool_per_worker,False,own_connection,sort,True,3200,2,7,291.70,288.74,305.72,10970,1.940,False,21.1,chrome-single-tcache.jsonl
chrome,tcache,sahpool_per_worker,False,own_connection,sort,True,3200,32,7,31.35,30.85,32.29,102089,18.057,False,20.7,chrome-single-tcache.jsonl
chrome,tcache,sahpool_per_worker,False,own_connection,sort,True,3200,4,7,156.44,153.64,161.71,20455,3.618,False,21.1,chrome-single-tcache.jsonl
chrome,tcache,sahpool_per_worker,False,own_connection,sort,True,3200,8,7,83.16,78.76,89.03,38482,6.807,False,21.1,chrome-single-tcache.jsonl
chrome,threadsafe,memory_per_worker,False,own_connection,fts,False,3200,1,7,184.26,182.19,187.42,17366,1.000,False,nan,chrome-threadsafe.jsonl
chrome,threadsafe,memory_per_worker,False,own_connection,fts,False,3200,16,7,57.15,56.21,66.42,55993,3.224,False,nan,chrome-threadsafe.jsonl
chrome,threadsafe,memory_per_worker,False,own_connection,fts,False,3200,2,7,97.09,95.02,99.19,32961,1.898,False,nan,chrome-threadsafe.jsonl
chrome,threadsafe,memory_per_worker,False,own_connection,fts,False,3200,32,7,88.35,87.85,88.68,36220,2.086,False,nan,chrome-threadsafe.jsonl
chrome,threadsafe,memory_per_worker,False,own_connection,fts,False,3200,4,7,57.42,54.06,61.30,55735,3.209,False,nan,chrome-threadsafe.jsonl
chrome,threadsafe,memory_per_worker,False,own_connection,fts,False,3200,8,7,61.10,53.00,64.97,52369,3.016,False,nan,chrome-threadsafe.jsonl
chrome,threadsafe,memory_per_worker,False,own_connection,fts,True,3200,1,7,183.82,179.30,185.59,17408,1.000,False,nan,chrome-threadsafe.jsonl
chrome,threadsafe,memory_per_worker,False,own_connection,fts,True,3200,16,7,57.94,52.34,65.22,55234,3.173,False,nan,chrome-threadsafe.jsonl
chrome,threadsafe,memory_per_worker,False,own_connection,fts,True,3200,2,7,96.08,93.04,100.66,33307,1.913,False,nan,chrome-threadsafe.jsonl
chrome,threadsafe,memory_per_worker,False,own_connection,fts,True,3200,32,7,104.16,87.57,106.21,30722,1.765,False,nan,chrome-threadsafe.jsonl
chrome,threadsafe,memory_per_worker,False,own_connection,fts,True,3200,4,7,56.44,51.79,58.56,56697,3.257,False,nan,chrome-threadsafe.jsonl
chrome,threadsafe,memory_per_worker,False,own_connection,fts,True,3200,8,7,38.56,37.22,43.47,82998,4.768,False,nan,chrome-threadsafe.jsonl
chrome,threadsafe,memory_per_worker,False,own_connection,insert,False,9600,1,7,187.66,182.26,193.20,51156,1.000,False,nan,chrome-threadsafe.jsonl
chrome,threadsafe,memory_per_worker,False,own_connection,insert,False,9600,16,7,81.35,74.38,90.40,118009,2.307,False,nan,chrome-threadsafe.jsonl
chrome,threadsafe,memory_per_worker,False,own_connection,insert,False,9600,2,7,103.04,98.40,120.01,93168,1.821,False,nan,chrome-threadsafe.jsonl
chrome,threadsafe,memory_per_worker,False,own_connection,insert,False,9600,32,7,116.54,112.96,118.38,82375,1.610,False,nan,chrome-threadsafe.jsonl
chrome,threadsafe,memory_per_worker,False,own_connection,insert,False,9600,4,7,60.74,60.30,65.25,158063,3.090,False,nan,chrome-threadsafe.jsonl
chrome,threadsafe,memory_per_worker,False,own_connection,insert,False,9600,8,7,68.70,61.62,75.47,139738,2.732,False,nan,chrome-threadsafe.jsonl
chrome,threadsafe,memory_per_worker,False,own_connection,mix,False,160000,1,7,121.73,120.13,126.37,1314332,1.000,False,nan,chrome-threadsafe.jsonl
chrome,threadsafe,memory_per_worker,False,own_connection,mix,False,160000,16,7,166.66,154.30,170.89,960067,0.730,False,nan,chrome-threadsafe.jsonl
chrome,threadsafe,memory_per_worker,False,own_connection,mix,False,160000,2,7,89.98,86.23,93.78,1778077,1.353,False,nan,chrome-threadsafe.jsonl
chrome,threadsafe,memory_per_worker,False,own_connection,mix,False,160000,32,7,212.92,180.28,215.60,751473,0.572,False,nan,chrome-threadsafe.jsonl
chrome,threadsafe,memory_per_worker,False,own_connection,mix,False,160000,4,7,79.40,76.66,81.38,2015240,1.533,False,nan,chrome-threadsafe.jsonl
chrome,threadsafe,memory_per_worker,False,own_connection,mix,False,160000,8,7,91.73,89.31,96.06,1744343,1.327,False,nan,chrome-threadsafe.jsonl
chrome,threadsafe,memory_per_worker,False,own_connection,point,False,256000,1,7,150.27,148.57,154.84,1703655,1.000,False,nan,chrome-threadsafe.jsonl
chrome,threadsafe,memory_per_worker,False,own_connection,point,False,256000,16,7,77.83,74.00,78.63,3289206,1.931,False,nan,chrome-threadsafe.jsonl
chrome,threadsafe,memory_per_worker,False,own_connection,point,False,256000,2,7,85.37,83.79,92.82,2998707,1.760,False,nan,chrome-threadsafe.jsonl
chrome,threadsafe,memory_per_worker,False,own_connection,point,False,256000,32,7,92.65,91.90,94.00,2763090,1.622,False,nan,chrome-threadsafe.jsonl
chrome,threadsafe,memory_per_worker,False,own_connection,point,False,256000,4,7,59.03,57.82,66.50,4337135,2.546,False,nan,chrome-threadsafe.jsonl
chrome,threadsafe,memory_per_worker,False,own_connection,point,False,256000,8,7,66.86,56.66,70.65,3828610,2.247,False,nan,chrome-threadsafe.jsonl
chrome,threadsafe,memory_per_worker,False,own_connection,point,True,256000,1,7,115.32,114.80,116.69,2219913,1.000,False,nan,chrome-threadsafe.jsonl
chrome,threadsafe,memory_per_worker,False,own_connection,point,True,256000,16,7,12.93,12.30,14.51,19798648,8.919,False,nan,chrome-threadsafe.jsonl
chrome,threadsafe,memory_per_worker,False,own_connection,point,True,256000,2,7,61.02,60.23,65.88,4195680,1.890,False,nan,chrome-threadsafe.jsonl
chrome,threadsafe,memory_per_worker,False,own_connection,point,True,256000,32,7,7.79,7.54,8.50,32841894,14.794,False,nan,chrome-threadsafe.jsonl
chrome,threadsafe,memory_per_worker,False,own_connection,point,True,256000,4,7,35.84,34.26,36.88,7142840,3.218,False,nan,chrome-threadsafe.jsonl
chrome,threadsafe,memory_per_worker,False,own_connection,point,True,256000,8,7,18.78,18.11,19.10,13631502,6.141,False,nan,chrome-threadsafe.jsonl
chrome,threadsafe,memory_per_worker,False,own_connection,range,False,4800,1,7,266.92,266.15,269.09,17983,1.000,False,nan,chrome-threadsafe.jsonl
chrome,threadsafe,memory_per_worker,False,own_connection,range,False,4800,16,7,24.72,24.15,25.61,194173,10.798,False,nan,chrome-threadsafe.jsonl
chrome,threadsafe,memory_per_worker,False,own_connection,range,False,4800,2,7,136.79,135.52,140.43,35090,1.951,False,nan,chrome-threadsafe.jsonl
chrome,threadsafe,memory_per_worker,False,own_connection,range,False,4800,32,7,14.05,13.80,14.47,341636,18.998,False,nan,chrome-threadsafe.jsonl
chrome,threadsafe,memory_per_worker,False,own_connection,range,False,4800,4,7,76.54,74.50,77.29,62716,3.488,False,nan,chrome-threadsafe.jsonl
chrome,threadsafe,memory_per_worker,False,own_connection,range,False,4800,8,7,40.65,39.66,45.10,118081,6.566,False,nan,chrome-threadsafe.jsonl
chrome,threadsafe,memory_per_worker,False,own_connection,range,True,4800,1,7,266.00,264.39,272.70,18045,1.000,False,nan,chrome-threadsafe.jsonl
chrome,threadsafe,memory_per_worker,False,own_connection,range,True,4800,16,7,26.29,24.86,28.93,182613,10.120,False,nan,chrome-threadsafe.jsonl
chrome,threadsafe,memory_per_worker,False,own_connection,range,True,4800,2,7,135.81,134.24,142.16,35342,1.959,False,nan,chrome-threadsafe.jsonl
chrome,threadsafe,memory_per_worker,False,own_connection,range,True,4800,32,7,14.26,13.98,15.00,336721,18.660,False,nan,chrome-threadsafe.jsonl
chrome,threadsafe,memory_per_worker,False,own_connection,range,True,4800,4,7,72.39,69.92,75.26,66312,3.675,False,nan,chrome-threadsafe.jsonl
chrome,threadsafe,memory_per_worker,False,own_connection,range,True,4800,8,7,48.32,43.03,48.80,99328,5.504,False,nan,chrome-threadsafe.jsonl
chrome,threadsafe,memory_per_worker,False,own_connection,scan,False,32,1,7,1178.48,1174.86,1181.16,27,1.000,False,nan,chrome-threadsafe.jsonl
chrome,threadsafe,memory_per_worker,False,own_connection,scan,False,32,16,7,3166.07,2855.59,3407.95,10,0.372,False,nan,chrome-threadsafe.jsonl
chrome,threadsafe,memory_per_worker,False,own_connection,scan,False,32,2,7,1475.54,1443.01,1487.29,22,0.799,False,nan,chrome-threadsafe.jsonl
chrome,threadsafe,memory_per_worker,False,own_connection,scan,False,32,32,7,4024.06,3983.19,4045.45,8,0.293,False,nan,chrome-threadsafe.jsonl
chrome,threadsafe,memory_per_worker,False,own_connection,scan,False,32,4,7,1395.10,1337.84,1460.01,23,0.845,False,nan,chrome-threadsafe.jsonl
chrome,threadsafe,memory_per_worker,False,own_connection,scan,False,32,8,7,2143.51,2101.88,2326.49,15,0.550,False,nan,chrome-threadsafe.jsonl
chrome,threadsafe,memory_per_worker,False,own_connection,sort,False,3200,1,7,530.43,528.65,532.69,6033,1.000,False,nan,chrome-threadsafe.jsonl
chrome,threadsafe,memory_per_worker,False,own_connection,sort,False,3200,16,7,49.54,46.42,55.14,64594,10.707,False,nan,chrome-threadsafe.jsonl
chrome,threadsafe,memory_per_worker,False,own_connection,sort,False,3200,2,7,268.84,265.84,273.21,11903,1.973,False,nan,chrome-threadsafe.jsonl
chrome,threadsafe,memory_per_worker,False,own_connection,sort,False,3200,32,7,54.32,52.78,54.96,58915,9.766,False,nan,chrome-threadsafe.jsonl
chrome,threadsafe,memory_per_worker,False,own_connection,sort,False,3200,4,7,141.34,139.63,150.24,22640,3.753,False,nan,chrome-threadsafe.jsonl
chrome,threadsafe,memory_per_worker,False,own_connection,sort,False,3200,8,7,80.05,77.43,83.23,39973,6.626,False,nan,chrome-threadsafe.jsonl
chrome,threadsafe,memory_per_worker,False,own_connection,sort,True,3200,1,7,524.79,521.02,525.23,6098,1.000,False,nan,chrome-threadsafe.jsonl
chrome,threadsafe,memory_per_worker,False,own_connection,sort,True,3200,16,7,49.92,47.63,52.30,64109,10.514,False,nan,chrome-threadsafe.jsonl
chrome,threadsafe,memory_per_worker,False,own_connection,sort,True,3200,2,7,269.40,265.72,281.26,11878,1.948,False,nan,chrome-threadsafe.jsonl
chrome,threadsafe,memory_per_worker,False,own_connection,sort,True,3200,32,7,53.19,51.87,54.74,60167,9.867,False,nan,chrome-threadsafe.jsonl
chrome,threadsafe,memory_per_worker,False,own_connection,sort,True,3200,4,7,144.86,142.10,149.57,22090,3.623,False,nan,chrome-threadsafe.jsonl
chrome,threadsafe,memory_per_worker,False,own_connection,sort,True,3200,8,7,78.57,76.95,83.89,40731,6.680,False,nan,chrome-threadsafe.jsonl
chrome,threadsafe,memory_per_worker,True,own_connection,fts,False,3200,1,7,198.67,195.13,199.06,16107,1.000,False,nan,chrome-threadsafe-nomutex.jsonl
chrome,threadsafe,memory_per_worker,True,own_connection,fts,False,3200,16,7,121.86,116.01,128.82,26259,1.630,False,nan,chrome-threadsafe-nomutex.jsonl
chrome,threadsafe,memory_per_worker,True,own_connection,fts,False,3200,2,7,124.27,116.07,125.84,25750,1.599,False,nan,chrome-threadsafe-nomutex.jsonl
chrome,threadsafe,memory_per_worker,True,own_connection,fts,False,3200,32,7,141.71,140.99,143.23,22582,1.402,False,nan,chrome-threadsafe-nomutex.jsonl
chrome,threadsafe,memory_per_worker,True,own_connection,fts,False,3200,4,7,104.01,101.72,113.94,30766,1.910,False,nan,chrome-threadsafe-nomutex.jsonl
chrome,threadsafe,memory_per_worker,True,own_connection,fts,False,3200,8,7,113.99,109.73,115.81,28073,1.743,False,nan,chrome-threadsafe-nomutex.jsonl
chrome,threadsafe,memory_per_worker,True,own_connection,fts,True,3200,1,7,198.38,196.53,200.06,16131,1.000,False,nan,chrome-threadsafe-nomutex.jsonl
chrome,threadsafe,memory_per_worker,True,own_connection,fts,True,3200,16,7,86.41,85.27,92.78,37035,2.296,False,nan,chrome-threadsafe-nomutex.jsonl
chrome,threadsafe,memory_per_worker,True,own_connection,fts,True,3200,2,7,118.57,117.14,119.29,26988,1.673,False,nan,chrome-threadsafe-nomutex.jsonl
chrome,threadsafe,memory_per_worker,True,own_connection,fts,True,3200,32,7,109.21,108.02,113.81,29301,1.816,False,nan,chrome-threadsafe-nomutex.jsonl
chrome,threadsafe,memory_per_worker,True,own_connection,fts,True,3200,4,7,86.17,80.91,90.74,37136,2.302,False,nan,chrome-threadsafe-nomutex.jsonl
chrome,threadsafe,memory_per_worker,True,own_connection,fts,True,3200,8,7,88.63,85.01,97.28,36105,2.238,False,nan,chrome-threadsafe-nomutex.jsonl
chrome,threadsafe,memory_per_worker,True,own_connection,insert,False,9600,1,7,186.36,184.55,189.99,51512,1.000,False,nan,chrome-threadsafe-nomutex.jsonl
chrome,threadsafe,memory_per_worker,True,own_connection,insert,False,9600,16,7,120.04,114.21,124.10,79973,1.553,False,nan,chrome-threadsafe-nomutex.jsonl
chrome,threadsafe,memory_per_worker,True,own_connection,insert,False,9600,2,7,103.39,94.74,117.27,92848,1.802,False,nan,chrome-threadsafe-nomutex.jsonl
chrome,threadsafe,memory_per_worker,True,own_connection,insert,False,9600,32,7,153.81,152.08,157.01,62415,1.212,False,nan,chrome-threadsafe-nomutex.jsonl
chrome,threadsafe,memory_per_worker,True,own_connection,insert,False,9600,4,7,84.02,68.33,85.49,114258,2.218,False,nan,chrome-threadsafe-nomutex.jsonl
chrome,threadsafe,memory_per_worker,True,own_connection,insert,False,9600,8,7,100.62,93.55,104.82,95408,1.852,False,nan,chrome-threadsafe-nomutex.jsonl
chrome,threadsafe,memory_per_worker,True,own_connection,mix,False,160000,1,7,120.36,119.91,127.02,1329290,1.000,False,nan,chrome-threadsafe-nomutex.jsonl
chrome,threadsafe,memory_per_worker,True,own_connection,mix,False,160000,16,7,165.07,153.12,179.81,969285,0.729,False,nan,chrome-threadsafe-nomutex.jsonl
chrome,threadsafe,memory_per_worker,True,own_connection,mix,False,160000,2,7,94.45,92.55,105.94,1694106,1.274,False,nan,chrome-threadsafe-nomutex.jsonl
chrome,threadsafe,memory_per_worker,True,own_connection,mix,False,160000,32,7,218.17,217.11,228.02,733372,0.552,False,nan,chrome-threadsafe-nomutex.jsonl
chrome,threadsafe,memory_per_worker,True,own_connection,mix,False,160000,4,7,96.20,86.86,101.17,1663198,1.251,False,nan,chrome-threadsafe-nomutex.jsonl
chrome,threadsafe,memory_per_worker,True,own_connection,mix,False,160000,8,7,154.81,145.51,158.42,1033525,0.778,False,nan,chrome-threadsafe-nomutex.jsonl
chrome,threadsafe,memory_per_worker,True,own_connection,point,False,256000,1,7,144.68,143.07,155.59,1769423,1.000,False,nan,chrome-threadsafe-nomutex.jsonl
chrome,threadsafe,memory_per_worker,True,own_connection,point,False,256000,16,7,81.11,79.84,85.63,3156013,1.784,False,nan,chrome-threadsafe-nomutex.jsonl
chrome,threadsafe,memory_per_worker,True,own_connection,point,False,256000,2,7,81.50,78.27,82.58,3141095,1.775,False,nan,chrome-threadsafe-nomutex.jsonl
chrome,threadsafe,memory_per_worker,True,own_connection,point,False,256000,32,7,94.47,78.51,94.78,2709996,1.532,False,nan,chrome-threadsafe-nomutex.jsonl
chrome,threadsafe,memory_per_worker,True,own_connection,point,False,256000,4,7,64.54,60.63,67.13,3966530,2.242,False,nan,chrome-threadsafe-nomutex.jsonl
chrome,threadsafe,memory_per_worker,True,own_connection,point,False,256000,8,7,73.73,71.09,74.69,3472347,1.962,False,nan,chrome-threadsafe-nomutex.jsonl
chrome,threadsafe,memory_per_worker,True,own_connection,point,True,256000,1,7,108.71,108.49,108.89,2354996,1.000,False,nan,chrome-threadsafe-nomutex.jsonl
chrome,threadsafe,memory_per_worker,True,own_connection,point,True,256000,16,7,11.63,11.00,12.76,22011798,9.347,False,nan,chrome-threadsafe-nomutex.jsonl
chrome,threadsafe,memory_per_worker,True,own_connection,point,True,256000,2,7,58.79,55.91,61.11,4354479,1.849,False,nan,chrome-threadsafe-nomutex.jsonl
chrome,threadsafe,memory_per_worker,True,own_connection,point,True,256000,32,7,7.08,7.05,7.55,36157793,15.354,False,nan,chrome-threadsafe-nomutex.jsonl
chrome,threadsafe,memory_per_worker,True,own_connection,point,True,256000,4,7,30.56,29.30,33.35,8376947,3.557,False,nan,chrome-threadsafe-nomutex.jsonl
chrome,threadsafe,memory_per_worker,True,own_connection,point,True,256000,8,7,17.56,16.58,18.28,14578539,6.190,False,nan,chrome-threadsafe-nomutex.jsonl
chrome,threadsafe,memory_per_worker,True,own_connection,range,False,4800,1,7,275.75,273.02,293.27,17407,1.000,False,nan,chrome-threadsafe-nomutex.jsonl
chrome,threadsafe,memory_per_worker,True,own_connection,range,False,4800,16,7,21.90,20.47,24.92,219228,12.594,False,nan,chrome-threadsafe-nomutex.jsonl
chrome,threadsafe,memory_per_worker,True,own_connection,range,False,4800,2,7,145.14,142.42,149.86,33071,1.900,False,nan,chrome-threadsafe-nomutex.jsonl
chrome,threadsafe,memory_per_worker,True,own_connection,range,False,4800,32,7,14.00,13.86,15.11,342977,19.703,False,nan,chrome-threadsafe-nomutex.jsonl
chrome,threadsafe,memory_per_worker,True,own_connection,range,False,4800,4,7,72.60,72.15,75.05,66111,3.798,False,nan,chrome-threadsafe-nomutex.jsonl
chrome,threadsafe,memory_per_worker,True,own_connection,range,False,4800,8,7,40.63,38.92,42.47,118125,6.786,False,nan,chrome-threadsafe-nomutex.jsonl
chrome,threadsafe,memory_per_worker,True,own_connection,range,True,4800,1,7,274.01,273.27,276.66,17518,1.000,False,nan,chrome-threadsafe-nomutex.jsonl
chrome,threadsafe,memory_per_worker,True,own_connection,range,True,4800,16,7,23.06,22.03,23.88,208108,11.880,False,nan,chrome-threadsafe-nomutex.jsonl
chrome,threadsafe,memory_per_worker,True,own_connection,range,True,4800,2,7,139.84,137.21,145.50,34325,1.959,False,nan,chrome-threadsafe-nomutex.jsonl
chrome,threadsafe,memory_per_worker,True,own_connection,range,True,4800,32,7,14.53,14.12,15.00,330461,18.865,False,nan,chrome-threadsafe-nomutex.jsonl
chrome,threadsafe,memory_per_worker,True,own_connection,range,True,4800,4,7,77.27,74.89,81.17,62124,3.546,False,nan,chrome-threadsafe-nomutex.jsonl
chrome,threadsafe,memory_per_worker,True,own_connection,range,True,4800,8,7,39.88,38.99,41.15,120376,6.872,False,nan,chrome-threadsafe-nomutex.jsonl
chrome,threadsafe,memory_per_worker,True,own_connection,scan,False,32,1,7,1237.80,1231.73,1243.76,26,1.000,False,nan,chrome-threadsafe-nomutex.jsonl
chrome,threadsafe,memory_per_worker,True,own_connection,scan,False,32,16,7,3375.93,3292.50,3523.95,9,0.367,False,nan,chrome-threadsafe-nomutex.jsonl
chrome,threadsafe,memory_per_worker,True,own_connection,scan,False,32,2,7,1750.34,1576.11,1797.85,18,0.707,False,nan,chrome-threadsafe-nomutex.jsonl
chrome,threadsafe,memory_per_worker,True,own_connection,scan,False,32,32,7,4107.56,4083.71,4138.03,8,0.301,False,nan,chrome-threadsafe-nomutex.jsonl
chrome,threadsafe,memory_per_worker,True,own_connection,scan,False,32,4,7,1889.78,1841.44,1951.66,17,0.655,False,nan,chrome-threadsafe-nomutex.jsonl
chrome,threadsafe,memory_per_worker,True,own_connection,scan,False,32,8,7,2969.74,2898.04,3122.31,11,0.417,False,nan,chrome-threadsafe-nomutex.jsonl
chrome,threadsafe,memory_per_worker,True,own_connection,sort,False,3200,1,7,553.84,553.15,555.79,5778,1.000,False,nan,chrome-threadsafe-nomutex.jsonl
chrome,threadsafe,memory_per_worker,True,own_connection,sort,False,3200,16,7,54.46,51.50,55.76,58759,10.170,False,nan,chrome-threadsafe-nomutex.jsonl
chrome,threadsafe,memory_per_worker,True,own_connection,sort,False,3200,2,7,297.43,288.58,304.28,10759,1.862,False,nan,chrome-threadsafe-nomutex.jsonl
chrome,threadsafe,memory_per_worker,True,own_connection,sort,False,3200,32,7,58.48,55.70,59.54,54724,9.471,False,nan,chrome-threadsafe-nomutex.jsonl
chrome,threadsafe,memory_per_worker,True,own_connection,sort,False,3200,4,7,156.64,147.25,161.27,20429,3.536,False,nan,chrome-threadsafe-nomutex.jsonl
chrome,threadsafe,memory_per_worker,True,own_connection,sort,False,3200,8,7,91.07,87.21,94.86,35140,6.082,False,nan,chrome-threadsafe-nomutex.jsonl
chrome,threadsafe,memory_per_worker,True,own_connection,sort,True,3200,1,7,585.80,578.53,603.94,5463,1.000,False,nan,chrome-threadsafe-nomutex.jsonl
chrome,threadsafe,memory_per_worker,True,own_connection,sort,True,3200,16,7,58.96,54.40,60.33,54279,9.936,False,nan,chrome-threadsafe-nomutex.jsonl
chrome,threadsafe,memory_per_worker,True,own_connection,sort,True,3200,2,7,289.15,283.26,301.91,11067,2.026,False,nan,chrome-threadsafe-nomutex.jsonl
chrome,threadsafe,memory_per_worker,True,own_connection,sort,True,3200,32,7,56.29,56.15,58.44,56843,10.406,False,nan,chrome-threadsafe-nomutex.jsonl
chrome,threadsafe,memory_per_worker,True,own_connection,sort,True,3200,4,7,160.42,152.60,172.01,19948,3.652,False,nan,chrome-threadsafe-nomutex.jsonl
chrome,threadsafe,memory_per_worker,True,own_connection,sort,True,3200,8,7,87.79,80.69,95.76,36451,6.673,False,nan,chrome-threadsafe-nomutex.jsonl
chrome,threadsafe,memvfs_per_worker,False,own_connection,fts,False,3200,1,7,191.92,187.17,197.89,16674,1.000,False,nan,chrome-threadsafe.jsonl
chrome,threadsafe,memvfs_per_worker,False,own_connection,fts,False,3200,16,7,65.94,57.78,76.40,48533,2.911,False,nan,chrome-threadsafe.jsonl
chrome,threadsafe,memvfs_per_worker,False,own_connection,fts,False,3200,2,7,109.23,104.45,115.79,29297,1.757,False,nan,chrome-threadsafe.jsonl
chrome,threadsafe,memvfs_per_worker,False,own_connection,fts,False,3200,32,7,87.99,86.63,93.41,36368,2.181,False,nan,chrome-threadsafe.jsonl
chrome,threadsafe,memvfs_per_worker,False,own_connection,fts,False,3200,4,7,62.79,53.71,73.67,50963,3.057,False,nan,chrome-threadsafe.jsonl
chrome,threadsafe,memvfs_per_worker,False,own_connection,fts,False,3200,8,7,77.20,68.00,78.44,41453,2.486,False,nan,chrome-threadsafe.jsonl
chrome,threadsafe,memvfs_per_worker,False,own_connection,fts,True,3200,1,7,187.47,185.14,208.98,17070,1.000,False,nan,chrome-threadsafe.jsonl
chrome,threadsafe,memvfs_per_worker,False,own_connection,fts,True,3200,16,7,75.78,64.89,77.62,42227,2.474,False,nan,chrome-threadsafe.jsonl
chrome,threadsafe,memvfs_per_worker,False,own_connection,fts,True,3200,2,7,98.58,96.83,114.95,32459,1.902,False,nan,chrome-threadsafe.jsonl
chrome,threadsafe,memvfs_per_worker,False,own_connection,fts,True,3200,32,7,85.01,84.77,85.44,37645,2.205,False,nan,chrome-threadsafe.jsonl
chrome,threadsafe,memvfs_per_worker,False,own_connection,fts,True,3200,4,7,59.01,56.79,62.61,54228,3.177,False,nan,chrome-threadsafe.jsonl
chrome,threadsafe,memvfs_per_worker,False,own_connection,fts,True,3200,8,7,44.54,42.60,45.59,71853,4.209,False,nan,chrome-threadsafe.jsonl
chrome,threadsafe,memvfs_per_worker,False,own_connection,insert,False,9600,1,7,232.77,223.30,235.81,41242,1.000,False,nan,chrome-threadsafe.jsonl
chrome,threadsafe,memvfs_per_worker,False,own_connection,insert,False,9600,16,7,239.87,239.19,245.55,40022,0.970,False,nan,chrome-threadsafe.jsonl
chrome,threadsafe,memvfs_per_worker,False,own_connection,insert,False,9600,2,7,131.17,127.92,148.56,73190,1.775,False,nan,chrome-threadsafe.jsonl
chrome,threadsafe,memvfs_per_worker,False,own_connection,insert,False,9600,32,7,265.04,258.50,267.95,36221,0.878,False,nan,chrome-threadsafe.jsonl
chrome,threadsafe,memvfs_per_worker,False,own_connection,insert,False,9600,4,7,107.46,106.45,117.91,89336,2.166,False,nan,chrome-threadsafe.jsonl
chrome,threadsafe,memvfs_per_worker,False,own_connection,insert,False,9600,8,7,190.91,186.47,208.43,50285,1.219,False,nan,chrome-threadsafe.jsonl
chrome,threadsafe,memvfs_per_worker,False,own_connection,mix,False,160000,1,7,220.95,214.88,228.53,724162,1.000,False,nan,chrome-threadsafe.jsonl
chrome,threadsafe,memvfs_per_worker,False,own_connection,mix,False,160000,16,7,334.80,267.18,372.19,477897,0.660,False,nan,chrome-threadsafe.jsonl
chrome,threadsafe,memvfs_per_worker,False,own_connection,mix,False,160000,2,7,197.89,192.57,206.20,808529,1.117,False,nan,chrome-threadsafe.jsonl
chrome,threadsafe,memvfs_per_worker,False,own_connection,mix,False,160000,32,7,477.20,472.70,481.31,335286,0.463,False,nan,chrome-threadsafe.jsonl
chrome,threadsafe,memvfs_per_worker,False,own_connection,mix,False,160000,4,7,222.04,210.12,232.73,720592,0.995,False,nan,chrome-threadsafe.jsonl
chrome,threadsafe,memvfs_per_worker,False,own_connection,mix,False,160000,8,7,263.27,242.50,303.10,607752,0.839,False,nan,chrome-threadsafe.jsonl
chrome,threadsafe,memvfs_per_worker,False,own_connection,point,False,256000,1,7,224.54,217.88,237.85,1140108,1.000,False,nan,chrome-threadsafe.jsonl
chrome,threadsafe,memvfs_per_worker,False,own_connection,point,False,256000,16,7,213.48,193.37,222.63,1199176,1.052,False,nan,chrome-threadsafe.jsonl
chrome,threadsafe,memvfs_per_worker,False,own_connection,point,False,256000,2,7,125.30,124.85,130.76,2043016,1.792,False,nan,chrome-threadsafe.jsonl
chrome,threadsafe,memvfs_per_worker,False,own_connection,point,False,256000,32,7,271.72,270.62,275.87,942146,0.826,False,nan,chrome-threadsafe.jsonl
chrome,threadsafe,memvfs_per_worker,False,own_connection,point,False,256000,4,7,116.78,108.77,128.98,2192156,1.923,False,nan,chrome-threadsafe.jsonl
chrome,threadsafe,memvfs_per_worker,False,own_connection,point,False,256000,8,7,169.14,166.22,186.40,1513538,1.328,False,nan,chrome-threadsafe.jsonl
chrome,threadsafe,memvfs_per_worker,False,own_connection,point,True,256000,1,7,120.98,120.07,124.55,2115967,1.000,False,nan,chrome-threadsafe.jsonl
chrome,threadsafe,memvfs_per_worker,False,own_connection,point,True,256000,16,7,13.05,12.67,13.24,19609814,9.268,False,nan,chrome-threadsafe.jsonl
chrome,threadsafe,memvfs_per_worker,False,own_connection,point,True,256000,2,7,62.15,61.43,68.52,4119073,1.947,False,nan,chrome-threadsafe.jsonl
chrome,threadsafe,memvfs_per_worker,False,own_connection,point,True,256000,32,7,8.52,8.30,8.81,30064109,14.208,False,nan,chrome-threadsafe.jsonl
chrome,threadsafe,memvfs_per_worker,False,own_connection,point,True,256000,4,7,36.20,35.49,40.14,7072787,3.343,False,nan,chrome-threadsafe.jsonl
chrome,threadsafe,memvfs_per_worker,False,own_connection,point,True,256000,8,7,19.54,18.85,23.63,13098031,6.190,False,nan,chrome-threadsafe.jsonl
chrome,threadsafe,memvfs_per_worker,False,own_connection,range,False,4800,1,7,268.79,265.89,269.07,17858,1.000,False,nan,chrome-threadsafe.jsonl
chrome,threadsafe,memvfs_per_worker,False,own_connection,range,False,4800,16,7,25.17,22.85,26.38,190702,10.679,False,nan,chrome-threadsafe.jsonl
chrome,threadsafe,memvfs_per_worker,False,own_connection,range,False,4800,2,7,137.05,135.98,141.33,35024,1.961,False,nan,chrome-threadsafe.jsonl
chrome,threadsafe,memvfs_per_worker,False,own_connection,range,False,4800,32,7,15.32,14.69,16.53,313414,17.551,False,nan,chrome-threadsafe.jsonl
chrome,threadsafe,memvfs_per_worker,False,own_connection,range,False,4800,4,7,79.05,73.91,81.00,60721,3.400,False,nan,chrome-threadsafe.jsonl
chrome,threadsafe,memvfs_per_worker,False,own_connection,range,False,4800,8,7,47.28,42.04,50.58,101533,5.686,False,nan,chrome-threadsafe.jsonl
chrome,threadsafe,memvfs_per_worker,False,own_connection,range,True,4800,1,7,265.74,263.71,268.17,18062,1.000,False,nan,chrome-threadsafe.jsonl
chrome,threadsafe,memvfs_per_worker,False,own_connection,range,True,4800,16,7,25.30,24.28,27.74,189686,10.502,False,nan,chrome-threadsafe.jsonl
chrome,threadsafe,memvfs_per_worker,False,own_connection,range,True,4800,2,7,137.75,133.51,144.92,34847,1.929,False,nan,chrome-threadsafe.jsonl
chrome,threadsafe,memvfs_per_worker,False,own_connection,range,True,4800,32,7,14.79,14.53,15.68,324543,17.968,False,nan,chrome-threadsafe.jsonl
chrome,threadsafe,memvfs_per_worker,False,own_connection,range,True,4800,4,7,78.04,75.99,81.31,61507,3.405,False,nan,chrome-threadsafe.jsonl
chrome,threadsafe,memvfs_per_worker,False,own_connection,range,True,4800,8,7,46.44,40.55,47.55,103359,5.722,False,nan,chrome-threadsafe.jsonl
chrome,threadsafe,memvfs_per_worker,False,own_connection,scan,False,32,1,7,1176.27,1173.65,1179.01,27,1.000,False,nan,chrome-threadsafe.jsonl
chrome,threadsafe,memvfs_per_worker,False,own_connection,scan,False,32,16,7,3099.32,2948.83,3299.24,10,0.380,False,nan,chrome-threadsafe.jsonl
chrome,threadsafe,memvfs_per_worker,False,own_connection,scan,False,32,2,7,1453.96,1433.60,1456.33,22,0.809,False,nan,chrome-threadsafe.jsonl
chrome,threadsafe,memvfs_per_worker,False,own_connection,scan,False,32,32,7,3959.73,3887.67,4066.19,8,0.297,False,nan,chrome-threadsafe.jsonl
chrome,threadsafe,memvfs_per_worker,False,own_connection,scan,False,32,4,7,1252.06,1204.78,1347.13,26,0.939,False,nan,chrome-threadsafe.jsonl
chrome,threadsafe,memvfs_per_worker,False,own_connection,scan,False,32,8,7,2307.99,2268.47,2506.91,14,0.510,False,nan,chrome-threadsafe.jsonl
chrome,threadsafe,memvfs_per_worker,False,own_connection,sort,False,3200,1,7,543.80,540.88,555.12,5885,1.000,False,nan,chrome-threadsafe.jsonl
chrome,threadsafe,memvfs_per_worker,False,own_connection,sort,False,3200,16,7,56.27,54.37,59.59,56869,9.664,False,nan,chrome-threadsafe.jsonl
chrome,threadsafe,memvfs_per_worker,False,own_connection,sort,False,3200,2,7,281.28,271.73,284.51,11377,1.933,False,nan,chrome-threadsafe.jsonl
chrome,threadsafe,memvfs_per_worker,False,own_connection,sort,False,3200,32,7,55.67,54.77,58.40,57487,9.769,False,nan,chrome-threadsafe.jsonl
chrome,threadsafe,memvfs_per_worker,False,own_connection,sort,False,3200,4,7,146.35,141.59,147.62,21865,3.716,False,nan,chrome-threadsafe.jsonl
chrome,threadsafe,memvfs_per_worker,False,own_connection,sort,False,3200,8,7,80.85,78.36,83.59,39577,6.726,False,nan,chrome-threadsafe.jsonl
chrome,threadsafe,memvfs_per_worker,False,own_connection,sort,True,3200,1,7,537.32,531.55,560.51,5955,1.000,False,nan,chrome-threadsafe.jsonl
chrome,threadsafe,memvfs_per_worker,False,own_connection,sort,True,3200,16,7,53.45,48.81,55.46,59875,10.054,False,nan,chrome-threadsafe.jsonl
chrome,threadsafe,memvfs_per_worker,False,own_connection,sort,True,3200,2,7,284.85,276.32,287.23,11234,1.886,False,nan,chrome-threadsafe.jsonl
chrome,threadsafe,memvfs_per_worker,False,own_connection,sort,True,3200,32,7,52.84,51.80,53.35,60560,10.169,False,nan,chrome-threadsafe.jsonl
chrome,threadsafe,memvfs_per_worker,False,own_connection,sort,True,3200,4,7,144.36,141.61,146.34,22167,3.722,False,nan,chrome-threadsafe.jsonl
chrome,threadsafe,memvfs_per_worker,False,own_connection,sort,True,3200,8,7,87.81,79.58,90.42,36440,6.119,False,nan,chrome-threadsafe.jsonl
chrome,threadsafe,memvfs_shared,False,one_server_worker,point,False,256000,1,7,5851.01,5710.98,5866.65,43753,1.000,False,nan,chrome-threadsafe.jsonl
chrome,threadsafe,memvfs_shared,False,one_server_worker,point,False,256000,16,7,2203.15,1970.68,2268.22,116197,2.656,False,nan,chrome-threadsafe.jsonl
chrome,threadsafe,memvfs_shared,False,one_server_worker,point,False,256000,2,7,2911.24,2877.19,2947.02,87935,2.010,False,nan,chrome-threadsafe.jsonl
chrome,threadsafe,memvfs_shared,False,one_server_worker,point,False,256000,32,7,2341.97,2097.89,2409.66,109309,2.498,False,nan,chrome-threadsafe.jsonl
chrome,threadsafe,memvfs_shared,False,one_server_worker,point,False,256000,4,7,1870.16,1864.36,1899.90,136887,3.129,False,nan,chrome-threadsafe.jsonl
chrome,threadsafe,memvfs_shared,False,one_server_worker,point,False,256000,8,7,1884.22,1881.10,1913.87,135865,3.105,False,nan,chrome-threadsafe.jsonl
chrome,threadsafe,memvfs_shared,False,one_server_worker,range,False,4800,1,7,391.19,385.37,396.82,12270,1.000,False,nan,chrome-threadsafe.jsonl
chrome,threadsafe,memvfs_shared,False,one_server_worker,range,False,4800,16,7,327.81,326.11,334.21,14643,1.193,False,nan,chrome-threadsafe.jsonl
chrome,threadsafe,memvfs_shared,False,one_server_worker,range,False,4800,2,7,308.59,300.16,310.48,15555,1.268,False,nan,chrome-threadsafe.jsonl
chrome,threadsafe,memvfs_shared,False,one_server_worker,range,False,4800,32,7,327.69,326.93,334.33,14648,1.194,False,nan,chrome-threadsafe.jsonl
chrome,threadsafe,memvfs_shared,False,one_server_worker,range,False,4800,4,7,318.59,314.12,330.58,15066,1.228,False,nan,chrome-threadsafe.jsonl
chrome,threadsafe,memvfs_shared,False,one_server_worker,range,False,4800,8,7,332.42,325.21,333.78,14440,1.177,False,nan,chrome-threadsafe.jsonl
chrome,threadsafe,memvfs_shared,False,own_connection,fts,False,3200,1,7,182.27,181.04,183.91,17557,1.000,False,nan,chrome-threadsafe.jsonl
chrome,threadsafe,memvfs_shared,False,own_connection,fts,False,3200,16,7,64.70,58.04,74.70,49463,2.817,False,nan,chrome-threadsafe.jsonl
chrome,threadsafe,memvfs_shared,False,own_connection,fts,False,3200,2,7,103.94,97.44,109.48,30787,1.754,False,nan,chrome-threadsafe.jsonl
chrome,threadsafe,memvfs_shared,False,own_connection,fts,False,3200,32,7,112.73,107.28,114.93,28386,1.617,False,nan,chrome-threadsafe.jsonl
chrome,threadsafe,memvfs_shared,False,own_connection,fts,False,3200,4,7,60.53,58.16,68.52,52866,3.011,False,nan,chrome-threadsafe.jsonl
chrome,threadsafe,memvfs_shared,False,own_connection,fts,False,3200,8,7,54.38,49.75,61.67,58850,3.352,False,nan,chrome-threadsafe.jsonl
chrome,threadsafe,memvfs_shared,False,own_connection,fts,True,3200,1,7,178.32,178.05,185.01,17945,1.000,False,nan,chrome-threadsafe.jsonl
chrome,threadsafe,memvfs_shared,False,own_connection,fts,True,3200,16,7,75.58,59.58,85.62,42336,2.359,False,nan,chrome-threadsafe.jsonl
chrome,threadsafe,memvfs_shared,False,own_connection,fts,True,3200,2,7,94.41,91.79,95.99,33896,1.889,False,nan,chrome-threadsafe.jsonl
chrome,threadsafe,memvfs_shared,False,own_connection,fts,True,3200,32,7,84.30,83.96,84.90,37957,2.115,False,nan,chrome-threadsafe.jsonl
chrome,threadsafe,memvfs_shared,False,own_connection,fts,True,3200,4,7,53.31,49.78,55.72,60032,3.345,False,nan,chrome-threadsafe.jsonl
chrome,threadsafe,memvfs_shared,False,own_connection,fts,True,3200,8,7,60.15,39.95,66.10,53200,2.965,False,nan,chrome-threadsafe.jsonl
chrome,threadsafe,memvfs_shared,False,own_connection,insert,False,9600,1,7,218.82,214.55,224.15,43871,1.000,False,nan,chrome-threadsafe.jsonl
chrome,threadsafe,memvfs_shared,False,own_connection,insert,False,9600,16,7,1047.97,1047.43,1049.43,9161,0.209,False,nan,chrome-threadsafe.jsonl
chrome,threadsafe,memvfs_shared,False,own_connection,insert,False,9600,2,7,240.30,238.10,249.19,39950,0.911,False,nan,chrome-threadsafe.jsonl
chrome,threadsafe,memvfs_shared,False,own_connection,insert,False,9600,32,7,2542.30,2443.10,2542.41,3776,0.086,False,nan,chrome-threadsafe.jsonl
chrome,threadsafe,memvfs_shared,False,own_connection,insert,False,9600,4,7,388.69,388.26,390.43,24698,0.563,False,nan,chrome-threadsafe.jsonl
chrome,threadsafe,memvfs_shared,False,own_connection,insert,False,9600,8,7,563.26,559.10,565.69,17044,0.389,False,nan,chrome-threadsafe.jsonl
chrome,threadsafe,memvfs_shared,False,own_connection,mix,False,160000,1,7,204.64,204.17,209.25,781880,1.000,False,nan,chrome-threadsafe.jsonl
chrome,threadsafe,memvfs_shared,False,own_connection,mix,False,160000,16,7,969.91,864.64,1127.88,164964,0.211,False,nan,chrome-threadsafe.jsonl
chrome,threadsafe,memvfs_shared,False,own_connection,mix,False,160000,2,7,323.80,253.35,416.92,494132,0.632,False,nan,chrome-threadsafe.jsonl
chrome,threadsafe,memvfs_shared,False,own_connection,mix,False,160000,32,7,1695.65,1394.88,1797.10,94359,0.121,False,nan,chrome-threadsafe.jsonl
chrome,threadsafe,memvfs_shared,False,own_connection,mix,False,160000,4,7,516.83,424.99,556.88,309580,0.396,False,nan,chrome-threadsafe.jsonl
chrome,threadsafe,memvfs_shared,False,own_connection,mix,False,160000,8,7,713.87,613.55,752.29,224130,0.287,False,nan,chrome-threadsafe.jsonl
chrome,threadsafe,memvfs_shared,False,own_connection,point,False,256000,1,7,222.01,221.09,223.86,1153076,1.000,False,nan,chrome-threadsafe.jsonl
chrome,threadsafe,memvfs_shared,False,own_connection,point,False,256000,16,7,315.04,308.10,320.58,812595,0.705,False,nan,chrome-threadsafe.jsonl
chrome,threadsafe,memvfs_shared,False,own_connection,point,False,256000,2,7,144.26,139.56,147.86,1774514,1.539,False,nan,chrome-threadsafe.jsonl
chrome,threadsafe,memvfs_shared,False,own_connection,point,False,256000,32,7,393.33,372.86,415.99,650845,0.564,False,nan,chrome-threadsafe.jsonl
chrome,threadsafe,memvfs_shared,False,own_connection,point,False,256000,4,7,193.47,181.93,232.36,1323201,1.148,False,nan,chrome-threadsafe.jsonl
chrome,threadsafe,memvfs_shared,False,own_connection,point,False,256000,8,7,275.05,257.03,298.04,930740,0.807,False,nan,chrome-threadsafe.jsonl
chrome,threadsafe,memvfs_shared,False,own_connection,point,True,256000,1,7,126.97,124.77,134.44,2016225,1.000,False,nan,chrome-threadsafe.jsonl
chrome,threadsafe,memvfs_shared,False,own_connection,point,True,256000,16,7,15.76,15.52,16.31,16248679,8.059,False,nan,chrome-threadsafe.jsonl
chrome,threadsafe,memvfs_shared,False,own_connection,point,True,256000,2,7,63.83,62.92,68.53,4010342,1.989,False,nan,chrome-threadsafe.jsonl
chrome,threadsafe,memvfs_shared,False,own_connection,point,True,256000,32,7,10.38,8.89,11.06,24674699,12.238,False,nan,chrome-threadsafe.jsonl
chrome,threadsafe,memvfs_shared,False,own_connection,point,True,256000,4,7,32.96,32.79,36.70,7766999,3.852,False,nan,chrome-threadsafe.jsonl
chrome,threadsafe,memvfs_shared,False,own_connection,point,True,256000,8,7,25.81,23.54,26.18,9918614,4.919,False,nan,chrome-threadsafe.jsonl
chrome,threadsafe,memvfs_shared,False,own_connection,range,False,4800,1,7,274.53,271.37,287.70,17485,1.000,False,nan,chrome-threadsafe.jsonl
chrome,threadsafe,memvfs_shared,False,own_connection,range,False,4800,16,7,27.68,27.25,28.47,173409,9.918,False,nan,chrome-threadsafe.jsonl
chrome,threadsafe,memvfs_shared,False,own_connection,range,False,4800,2,7,151.10,141.92,154.92,31766,1.817,False,nan,chrome-threadsafe.jsonl
chrome,threadsafe,memvfs_shared,False,own_connection,range,False,4800,32,7,14.64,14.39,15.20,327866,18.752,False,nan,chrome-threadsafe.jsonl
chrome,threadsafe,memvfs_shared,False,own_connection,range,False,4800,4,7,76.26,73.38,81.92,62943,3.600,False,nan,chrome-threadsafe.jsonl
chrome,threadsafe,memvfs_shared,False,own_connection,range,False,4800,8,7,44.88,41.77,49.36,106964,6.118,False,nan,chrome-threadsafe.jsonl
chrome,threadsafe,memvfs_shared,False,own_connection,range,True,4800,1,7,279.52,268.77,280.45,17172,1.000,False,nan,chrome-threadsafe.jsonl
chrome,threadsafe,memvfs_shared,False,own_connection,range,True,4800,16,7,23.96,22.33,26.14,200336,11.666,False,nan,chrome-threadsafe.jsonl
chrome,threadsafe,memvfs_shared,False,own_connection,range,True,4800,2,7,141.75,140.22,145.53,33864,1.972,False,nan,chrome-threadsafe.jsonl
chrome,threadsafe,memvfs_shared,False,own_connection,range,True,4800,32,7,14.38,14.01,14.65,333788,19.438,False,nan,chrome-threadsafe.jsonl
chrome,threadsafe,memvfs_shared,False,own_connection,range,True,4800,4,7,78.17,75.87,81.73,61405,3.576,False,nan,chrome-threadsafe.jsonl
chrome,threadsafe,memvfs_shared,False,own_connection,range,True,4800,8,7,40.72,38.96,45.11,117892,6.865,False,nan,chrome-threadsafe.jsonl
chrome,threadsafe,memvfs_shared,False,own_connection,scan,False,32,1,7,1155.13,1122.09,1182.95,28,1.000,False,nan,chrome-threadsafe.jsonl
chrome,threadsafe,memvfs_shared,False,own_connection,scan,False,32,16,7,2998.40,2954.68,3128.32,11,0.385,False,nan,chrome-threadsafe.jsonl
chrome,threadsafe,memvfs_shared,False,own_connection,scan,False,32,2,7,1375.10,1346.00,1451.79,23,0.840,False,nan,chrome-threadsafe.jsonl
chrome,threadsafe,memvfs_shared,False,own_connection,scan,False,32,32,7,4005.81,3909.33,4020.61,8,0.288,False,nan,chrome-threadsafe.jsonl
chrome,threadsafe,memvfs_shared,False,own_connection,scan,False,32,4,7,1488.72,1288.64,1528.69,21,0.776,False,nan,chrome-threadsafe.jsonl
chrome,threadsafe,memvfs_shared,False,own_connection,scan,False,32,8,7,2674.96,2367.72,2808.34,12,0.432,False,nan,chrome-threadsafe.jsonl
chrome,threadsafe,memvfs_shared,False,own_connection,sort,False,3200,1,7,537.84,533.72,548.34,5950,1.000,False,nan,chrome-threadsafe.jsonl
chrome,threadsafe,memvfs_shared,False,own_connection,sort,False,3200,16,7,47.97,46.65,53.65,66702,11.211,False,nan,chrome-threadsafe.jsonl
chrome,threadsafe,memvfs_shared,False,own_connection,sort,False,3200,2,7,274.05,270.90,276.25,11677,1.963,False,nan,chrome-threadsafe.jsonl
chrome,threadsafe,memvfs_shared,False,own_connection,sort,False,3200,32,7,60.46,55.68,62.96,52932,8.897,False,nan,chrome-threadsafe.jsonl
chrome,threadsafe,memvfs_shared,False,own_connection,sort,False,3200,4,7,141.56,137.78,143.61,22605,3.799,False,nan,chrome-threadsafe.jsonl
chrome,threadsafe,memvfs_shared,False,own_connection,sort,False,3200,8,7,81.04,77.69,85.06,39487,6.637,False,nan,chrome-threadsafe.jsonl
chrome,threadsafe,memvfs_shared,False,own_connection,sort,True,3200,1,7,529.32,527.25,550.40,6045,1.000,False,nan,chrome-threadsafe.jsonl
chrome,threadsafe,memvfs_shared,False,own_connection,sort,True,3200,16,7,44.42,43.20,50.65,72032,11.915,False,nan,chrome-threadsafe.jsonl
chrome,threadsafe,memvfs_shared,False,own_connection,sort,True,3200,2,7,270.39,266.75,277.15,11835,1.958,False,nan,chrome-threadsafe.jsonl
chrome,threadsafe,memvfs_shared,False,own_connection,sort,True,3200,32,7,56.69,55.55,58.66,56447,9.337,False,nan,chrome-threadsafe.jsonl
chrome,threadsafe,memvfs_shared,False,own_connection,sort,True,3200,4,7,146.72,139.85,148.83,21810,3.608,False,nan,chrome-threadsafe.jsonl
chrome,threadsafe,memvfs_shared,False,own_connection,sort,True,3200,8,7,77.92,75.15,79.94,41068,6.793,False,nan,chrome-threadsafe.jsonl
chrome,threadsafe,memvfs_shared,True,own_connection,fts,False,3200,1,7,195.33,193.38,202.43,16382,1.000,False,nan,chrome-threadsafe-nomutex.jsonl
chrome,threadsafe,memvfs_shared,True,own_connection,fts,False,3200,16,7,85.74,81.06,90.64,37324,2.278,False,nan,chrome-threadsafe-nomutex.jsonl
chrome,threadsafe,memvfs_shared,True,own_connection,fts,False,3200,2,7,99.56,99.41,99.82,32140,1.962,False,nan,chrome-threadsafe-nomutex.jsonl
chrome,threadsafe,memvfs_shared,True,own_connection,fts,False,3200,32,7,108.43,107.11,111.90,29512,1.801,False,nan,chrome-threadsafe-nomutex.jsonl
chrome,threadsafe,memvfs_shared,True,own_connection,fts,False,3200,4,7,77.14,66.36,78.28,41486,2.532,False,nan,chrome-threadsafe-nomutex.jsonl
chrome,threadsafe,memvfs_shared,True,own_connection,fts,False,3200,8,7,71.80,69.66,74.24,44568,2.721,False,nan,chrome-threadsafe-nomutex.jsonl
chrome,threadsafe,memvfs_shared,True,own_connection,fts,True,3200,1,7,192.29,190.14,199.45,16642,1.000,False,nan,chrome-threadsafe-nomutex.jsonl
chrome,threadsafe,memvfs_shared,True,own_connection,fts,True,3200,16,7,81.07,78.94,84.62,39470,2.372,False,nan,chrome-threadsafe-nomutex.jsonl
chrome,threadsafe,memvfs_shared,True,own_connection,fts,True,3200,2,7,109.03,102.50,120.26,29348,1.764,False,nan,chrome-threadsafe-nomutex.jsonl
chrome,threadsafe,memvfs_shared,True,own_connection,fts,True,3200,32,7,111.53,107.24,115.43,28691,1.724,False,nan,chrome-threadsafe-nomutex.jsonl
chrome,threadsafe,memvfs_shared,True,own_connection,fts,True,3200,4,7,75.65,71.15,80.85,42300,2.542,False,nan,chrome-threadsafe-nomutex.jsonl
chrome,threadsafe,memvfs_shared,True,own_connection,fts,True,3200,8,7,65.61,55.11,69.41,48773,2.931,False,nan,chrome-threadsafe-nomutex.jsonl
chrome,threadsafe,memvfs_shared,True,own_connection,insert,False,9600,1,7,211.02,208.16,213.58,45492,1.000,False,nan,chrome-threadsafe-nomutex.jsonl
chrome,threadsafe,memvfs_shared,True,own_connection,insert,False,9600,16,7,1047.70,1046.58,1049.78,9163,0.201,False,nan,chrome-threadsafe-nomutex.jsonl
chrome,threadsafe,memvfs_shared,True,own_connection,insert,False,9600,2,7,238.99,237.94,239.26,40168,0.883,False,nan,chrome-threadsafe-nomutex.jsonl
chrome,threadsafe,memvfs_shared,True,own_connection,insert,False,9600,32,7,2541.84,2442.14,2543.75,3777,0.083,False,nan,chrome-threadsafe-nomutex.jsonl
chrome,threadsafe,memvfs_shared,True,own_connection,insert,False,9600,4,7,386.84,384.84,390.95,24817,0.546,False,nan,chrome-threadsafe-nomutex.jsonl
chrome,threadsafe,memvfs_shared,True,own_connection,insert,False,9600,8,7,459.66,458.82,461.46,20885,0.459,False,nan,chrome-threadsafe-nomutex.jsonl
chrome,threadsafe,memvfs_shared,True,own_connection,mix,False,160000,1,7,223.32,209.46,261.00,716445,1.000,False,nan,chrome-threadsafe-nomutex.jsonl
chrome,threadsafe,memvfs_shared,True,own_connection,mix,False,160000,16,7,1098.27,881.40,1198.71,145684,0.203,False,nan,chrome-threadsafe-nomutex.jsonl
chrome,threadsafe,memvfs_shared,True,own_connection,mix,False,160000,2,7,359.41,321.69,398.43,445180,0.621,False,nan,chrome-threadsafe-nomutex.jsonl
chrome,threadsafe,memvfs_shared,True,own_connection,mix,False,160000,32,7,1456.99,1452.83,1775.07,109815,0.153,False,nan,chrome-threadsafe-nomutex.jsonl
chrome,threadsafe,memvfs_shared,True,own_connection,mix,False,160000,4,7,504.85,485.83,568.23,316926,0.442,False,nan,chrome-threadsafe-nomutex.jsonl
chrome,threadsafe,memvfs_shared,True,own_connection,mix,False,160000,8,7,721.26,652.28,822.69,221833,0.310,False,nan,chrome-threadsafe-nomutex.jsonl
chrome,threadsafe,memvfs_shared,True,own_connection,point,False,256000,1,7,227.75,220.78,243.24,1124040,1.000,False,nan,chrome-threadsafe-nomutex.jsonl
chrome,threadsafe,memvfs_shared,True,own_connection,point,False,256000,16,7,355.46,335.02,360.54,720204,0.641,False,nan,chrome-threadsafe-nomutex.jsonl
chrome,threadsafe,memvfs_shared,True,own_connection,point,False,256000,2,7,156.49,137.07,180.60,1635887,1.455,False,nan,chrome-threadsafe-nomutex.jsonl
chrome,threadsafe,memvfs_shared,True,own_connection,point,False,256000,32,7,384.21,375.99,416.13,666302,0.593,False,nan,chrome-threadsafe-nomutex.jsonl
chrome,threadsafe,memvfs_shared,True,own_connection,point,False,256000,4,7,257.59,251.86,277.73,993809,0.884,False,nan,chrome-threadsafe-nomutex.jsonl
chrome,threadsafe,memvfs_shared,True,own_connection,point,False,256000,8,7,304.66,299.21,320.98,840268,0.748,False,nan,chrome-threadsafe-nomutex.jsonl
chrome,threadsafe,memvfs_shared,True,own_connection,point,True,256000,1,7,115.59,114.83,117.00,2214723,1.000,False,nan,chrome-threadsafe-nomutex.jsonl
chrome,threadsafe,memvfs_shared,True,own_connection,point,True,256000,16,7,14.58,14.23,15.62,17558205,7.928,False,nan,chrome-threadsafe-nomutex.jsonl
chrome,threadsafe,memvfs_shared,True,own_connection,point,True,256000,2,7,58.91,57.98,60.39,4345618,1.962,False,nan,chrome-threadsafe-nomutex.jsonl
chrome,threadsafe,memvfs_shared,True,own_connection,point,True,256000,32,7,9.01,8.67,9.68,28412074,12.829,False,nan,chrome-threadsafe-nomutex.jsonl
chrome,threadsafe,memvfs_shared,True,own_connection,point,True,256000,4,7,30.29,30.00,37.84,8452986,3.817,False,nan,chrome-threadsafe-nomutex.jsonl
chrome,threadsafe,memvfs_shared,True,own_connection,point,True,256000,8,7,20.35,19.25,22.07,12579943,5.680,False,nan,chrome-threadsafe-nomutex.jsonl
chrome,threadsafe,memvfs_shared,True,own_connection,range,False,4800,1,7,292.63,284.78,303.28,16403,1.000,False,nan,chrome-threadsafe-nomutex.jsonl
chrome,threadsafe,memvfs_shared,True,own_connection,range,False,4800,16,7,27.82,27.23,28.78,172537,10.519,False,nan,chrome-threadsafe-nomutex.jsonl
chrome,threadsafe,memvfs_shared,True,own_connection,range,False,4800,2,7,151.10,143.21,152.58,31768,1.937,False,nan,chrome-threadsafe-nomutex.jsonl
chrome,threadsafe,memvfs_shared,True,own_connection,range,False,4800,32,7,14.70,14.44,14.85,326640,19.913,False,nan,chrome-threadsafe-nomutex.jsonl
chrome,threadsafe,memvfs_shared,True,own_connection,range,False,4800,4,7,84.48,73.09,85.85,56818,3.464,False,nan,chrome-threadsafe-nomutex.jsonl
chrome,threadsafe,memvfs_shared,True,own_connection,range,False,4800,8,7,45.27,41.67,47.99,106031,6.464,False,nan,chrome-threadsafe-nomutex.jsonl
chrome,threadsafe,memvfs_shared,True,own_connection,range,True,4800,1,7,276.63,275.06,280.92,17352,1.000,False,nan,chrome-threadsafe-nomutex.jsonl
chrome,threadsafe,memvfs_shared,True,own_connection,range,True,4800,16,7,27.44,26.19,28.68,174927,10.081,False,nan,chrome-threadsafe-nomutex.jsonl
chrome,threadsafe,memvfs_shared,True,own_connection,range,True,4800,2,7,139.25,138.74,142.13,34470,1.987,False,nan,chrome-threadsafe-nomutex.jsonl
chrome,threadsafe,memvfs_shared,True,own_connection,range,True,4800,32,7,14.91,13.97,15.54,322034,18.559,False,nan,chrome-threadsafe-nomutex.jsonl
chrome,threadsafe,memvfs_shared,True,own_connection,range,True,4800,4,7,75.93,72.99,83.15,63212,3.643,False,nan,chrome-threadsafe-nomutex.jsonl
chrome,threadsafe,memvfs_shared,True,own_connection,range,True,4800,8,7,40.26,38.97,45.55,119225,6.871,False,nan,chrome-threadsafe-nomutex.jsonl
chrome,threadsafe,memvfs_shared,True,own_connection,scan,False,32,1,7,1183.54,1149.01,1202.58,27,1.000,False,nan,chrome-threadsafe-nomutex.jsonl
chrome,threadsafe,memvfs_shared,True,own_connection,scan,False,32,16,7,3455.96,3352.72,3613.82,9,0.342,False,nan,chrome-threadsafe-nomutex.jsonl
chrome,threadsafe,memvfs_shared,True,own_connection,scan,False,32,2,7,1659.39,1557.89,1706.22,19,0.713,False,nan,chrome-threadsafe-nomutex.jsonl
chrome,threadsafe,memvfs_shared,True,own_connection,scan,False,32,32,7,3816.18,3765.79,4044.60,8,0.310,False,nan,chrome-threadsafe-nomutex.jsonl
chrome,threadsafe,memvfs_shared,True,own_connection,scan,False,32,4,7,1851.88,1629.85,2317.00,17,0.639,False,nan,chrome-threadsafe-nomutex.jsonl
chrome,threadsafe,memvfs_shared,True,own_connection,scan,False,32,8,7,3225.15,3072.89,3317.68,10,0.367,False,nan,chrome-threadsafe-nomutex.jsonl
chrome,threadsafe,memvfs_shared,True,own_connection,sort,False,3200,1,7,572.19,564.87,592.41,5593,1.000,False,nan,chrome-threadsafe-nomutex.jsonl
chrome,threadsafe,memvfs_shared,True,own_connection,sort,False,3200,16,7,57.68,56.65,60.42,55483,9.921,False,nan,chrome-threadsafe-nomutex.jsonl
chrome,threadsafe,memvfs_shared,True,own_connection,sort,False,3200,2,7,292.60,285.63,295.58,10936,1.956,False,nan,chrome-threadsafe-nomutex.jsonl
chrome,threadsafe,memvfs_shared,True,own_connection,sort,False,3200,32,7,52.93,51.60,53.62,60457,10.810,False,nan,chrome-threadsafe-nomutex.jsonl
chrome,threadsafe,memvfs_shared,True,own_connection,sort,False,3200,4,7,156.50,148.89,165.66,20447,3.656,False,nan,chrome-threadsafe-nomutex.jsonl
chrome,threadsafe,memvfs_shared,True,own_connection,sort,False,3200,8,7,92.57,90.42,93.20,34567,6.181,False,nan,chrome-threadsafe-nomutex.jsonl
chrome,threadsafe,memvfs_shared,True,own_connection,sort,True,3200,1,7,576.45,553.81,586.02,5551,1.000,False,nan,chrome-threadsafe-nomutex.jsonl
chrome,threadsafe,memvfs_shared,True,own_connection,sort,True,3200,16,7,51.76,49.28,55.25,61818,11.136,False,nan,chrome-threadsafe-nomutex.jsonl
chrome,threadsafe,memvfs_shared,True,own_connection,sort,True,3200,2,7,288.64,285.62,299.53,11086,1.997,False,nan,chrome-threadsafe-nomutex.jsonl
chrome,threadsafe,memvfs_shared,True,own_connection,sort,True,3200,32,7,53.14,52.44,53.77,60218,10.848,False,nan,chrome-threadsafe-nomutex.jsonl
chrome,threadsafe,memvfs_shared,True,own_connection,sort,True,3200,4,7,154.47,151.40,154.65,20717,3.732,False,nan,chrome-threadsafe-nomutex.jsonl
chrome,threadsafe,memvfs_shared,True,own_connection,sort,True,3200,8,7,85.37,81.56,87.74,37482,6.752,False,nan,chrome-threadsafe-nomutex.jsonl
chrome,threadsafe,sahpool_per_worker,False,own_connection,fts,False,3200,1,7,206.06,194.45,208.47,15529,1.000,False,nan,chrome-threadsafe.jsonl
chrome,threadsafe,sahpool_per_worker,False,own_connection,fts,False,3200,16,7,78.67,77.05,83.83,40676,2.619,False,nan,chrome-threadsafe.jsonl
chrome,threadsafe,sahpool_per_worker,False,own_connection,fts,False,3200,2,7,105.77,105.01,109.07,30254,1.948,False,nan,chrome-threadsafe.jsonl
chrome,threadsafe,sahpool_per_worker,False,own_connection,fts,False,3200,32,7,91.86,90.33,92.43,34834,2.243,False,nan,chrome-threadsafe.jsonl
chrome,threadsafe,sahpool_per_worker,False,own_connection,fts,False,3200,4,7,63.62,62.23,66.09,50299,3.239,False,nan,chrome-threadsafe.jsonl
chrome,threadsafe,sahpool_per_worker,False,own_connection,fts,False,3200,8,7,44.36,44.16,55.17,72137,4.645,False,nan,chrome-threadsafe.jsonl
chrome,threadsafe,sahpool_per_worker,False,own_connection,fts,True,3200,1,7,181.00,179.73,183.98,17679,1.000,False,nan,chrome-threadsafe.jsonl
chrome,threadsafe,sahpool_per_worker,False,own_connection,fts,True,3200,16,7,73.79,66.59,78.75,43363,2.453,False,nan,chrome-threadsafe.jsonl
chrome,threadsafe,sahpool_per_worker,False,own_connection,fts,True,3200,2,7,101.29,99.43,101.62,31591,1.787,False,nan,chrome-threadsafe.jsonl
chrome,threadsafe,sahpool_per_worker,False,own_connection,fts,True,3200,32,7,86.13,85.55,87.32,37153,2.102,False,nan,chrome-threadsafe.jsonl
chrome,threadsafe,sahpool_per_worker,False,own_connection,fts,True,3200,4,7,55.56,51.64,65.22,57600,3.258,False,nan,chrome-threadsafe.jsonl
chrome,threadsafe,sahpool_per_worker,False,own_connection,fts,True,3200,8,7,44.78,40.65,51.89,71468,4.043,False,nan,chrome-threadsafe.jsonl
chrome,threadsafe,sahpool_per_worker,False,own_connection,insert,False,256,1,7,4954.83,4902.74,13123.47,52,1.000,True,nan,chrome-threadsafe-sahpool-writes.jsonl
chrome,threadsafe,sahpool_per_worker,False,own_connection,insert,False,256,16,7,629.71,627.92,644.61,407,7.868,False,nan,chrome-threadsafe-sahpool-writes.jsonl
chrome,threadsafe,sahpool_per_worker,False,own_connection,insert,False,256,2,7,4721.09,4643.73,4764.73,54,1.050,False,nan,chrome-threadsafe-sahpool-writes.jsonl
chrome,threadsafe,sahpool_per_worker,False,own_connection,insert,False,256,32,7,553.81,538.18,558.38,462,8.947,False,nan,chrome-threadsafe-sahpool-writes.jsonl
chrome,threadsafe,sahpool_per_worker,False,own_connection,insert,False,256,4,7,9619.00,5691.67,10049.68,27,0.515,False,nan,chrome-threadsafe-sahpool-writes.jsonl
chrome,threadsafe,sahpool_per_worker,False,own_connection,insert,False,256,8,7,1230.20,1212.54,1235.79,208,4.028,False,nan,chrome-threadsafe-sahpool-writes.jsonl
chrome,threadsafe,sahpool_per_worker,False,own_connection,mix,False,3200,1,7,22472.64,14344.98,33749.26,142,1.000,True,nan,chrome-threadsafe-sahpool-writes.jsonl
chrome,threadsafe,sahpool_per_worker,False,own_connection,mix,False,3200,16,7,1916.32,1206.69,3975.02,1670,11.727,True,nan,chrome-threadsafe-sahpool-writes.jsonl
chrome,threadsafe,sahpool_per_worker,False,own_connection,mix,False,3200,2,7,23796.12,6028.83,25967.61,134,0.944,True,nan,chrome-threadsafe-sahpool-writes.jsonl
chrome,threadsafe,sahpool_per_worker,False,own_connection,mix,False,3200,32,7,594.56,589.33,696.35,5382,37.797,False,nan,chrome-threadsafe-sahpool-writes.jsonl
chrome,threadsafe,sahpool_per_worker,False,own_connection,mix,False,3200,4,7,4069.24,3567.38,4225.98,786,5.523,False,nan,chrome-threadsafe-sahpool-writes.jsonl
chrome,threadsafe,sahpool_per_worker,False,own_connection,mix,False,3200,8,7,4431.30,1775.87,6515.13,722,5.071,True,nan,chrome-threadsafe-sahpool-writes.jsonl
chrome,threadsafe,sahpool_per_worker,False,own_connection,point,False,256000,1,7,908.80,905.49,958.95,281690,1.000,False,nan,chrome-threadsafe.jsonl
chrome,threadsafe,sahpool_per_worker,False,own_connection,point,False,256000,16,7,165.99,163.27,168.40,1542307,5.475,False,nan,chrome-threadsafe.jsonl
chrome,threadsafe,sahpool_per_worker,False,own_connection,point,False,256000,2,7,496.41,461.56,515.69,515698,1.831,False,nan,chrome-threadsafe.jsonl
chrome,threadsafe,sahpool_per_worker,False,own_connection,point,False,256000,32,7,185.20,183.08,196.58,1382292,4.907,False,nan,chrome-threadsafe.jsonl
chrome,threadsafe,sahpool_per_worker,False,own_connection,point,False,256000,4,7,260.18,256.80,278.06,983953,3.493,False,nan,chrome-threadsafe.jsonl
chrome,threadsafe,sahpool_per_worker,False,own_connection,point,False,256000,8,7,170.48,152.93,180.98,1501686,5.331,False,nan,chrome-threadsafe.jsonl
chrome,threadsafe,sahpool_per_worker,False,own_connection,point,True,256000,1,7,119.86,119.12,121.38,2135736,1.000,False,nan,chrome-threadsafe.jsonl
chrome,threadsafe,sahpool_per_worker,False,own_connection,point,True,256000,16,7,13.17,12.72,13.40,19445442,9.105,False,nan,chrome-threadsafe.jsonl
chrome,threadsafe,sahpool_per_worker,False,own_connection,point,True,256000,2,7,61.50,60.59,66.01,4162602,1.949,False,nan,chrome-threadsafe.jsonl
chrome,threadsafe,sahpool_per_worker,False,own_connection,point,True,256000,32,7,7.94,7.45,8.62,32261892,15.106,False,nan,chrome-threadsafe.jsonl
chrome,threadsafe,sahpool_per_worker,False,own_connection,point,True,256000,4,7,38.76,36.79,39.30,6605578,3.093,False,nan,chrome-threadsafe.jsonl
chrome,threadsafe,sahpool_per_worker,False,own_connection,point,True,256000,8,7,19.31,18.85,19.40,13260693,6.209,False,nan,chrome-threadsafe.jsonl
chrome,threadsafe,sahpool_per_worker,False,own_connection,range,False,4800,1,7,279.58,278.04,282.82,17169,1.000,False,nan,chrome-threadsafe.jsonl
chrome,threadsafe,sahpool_per_worker,False,own_connection,range,False,4800,16,7,25.54,24.94,28.20,187976,10.949,False,nan,chrome-threadsafe.jsonl
chrome,threadsafe,sahpool_per_worker,False,own_connection,range,False,4800,2,7,155.30,140.58,157.98,30909,1.800,False,nan,chrome-threadsafe.jsonl
chrome,threadsafe,sahpool_per_worker,False,own_connection,range,False,4800,32,7,15.39,14.89,15.86,311888,18.166,False,nan,chrome-threadsafe.jsonl
chrome,threadsafe,sahpool_per_worker,False,own_connection,range,False,4800,4,7,84.28,80.11,88.92,56950,3.317,False,nan,chrome-threadsafe.jsonl
chrome,threadsafe,sahpool_per_worker,False,own_connection,range,False,4800,8,7,47.83,46.67,48.22,100355,5.845,False,nan,chrome-threadsafe.jsonl
chrome,threadsafe,sahpool_per_worker,False,own_connection,range,True,4800,1,7,265.85,264.89,268.92,18055,1.000,False,nan,chrome-threadsafe.jsonl
chrome,threadsafe,sahpool_per_worker,False,own_connection,range,True,4800,16,7,24.14,21.01,27.16,198879,11.015,False,nan,chrome-threadsafe.jsonl
chrome,threadsafe,sahpool_per_worker,False,own_connection,range,True,4800,2,7,137.49,134.22,140.76,34912,1.934,False,nan,chrome-threadsafe.jsonl
chrome,threadsafe,sahpool_per_worker,False,own_connection,range,True,4800,32,7,14.65,14.07,15.80,327756,18.153,False,nan,chrome-threadsafe.jsonl
chrome,threadsafe,sahpool_per_worker,False,own_connection,range,True,4800,4,7,70.69,67.81,74.57,67907,3.761,False,nan,chrome-threadsafe.jsonl
chrome,threadsafe,sahpool_per_worker,False,own_connection,range,True,4800,8,7,42.06,40.58,45.02,114123,6.321,False,nan,chrome-threadsafe.jsonl
chrome,threadsafe,sahpool_per_worker,False,own_connection,scan,False,32,1,7,1170.43,1159.57,1179.95,27,1.000,False,nan,chrome-threadsafe.jsonl
chrome,threadsafe,sahpool_per_worker,False,own_connection,scan,False,32,16,7,2949.43,2785.21,3087.03,11,0.397,False,nan,chrome-threadsafe.jsonl
chrome,threadsafe,sahpool_per_worker,False,own_connection,scan,False,32,2,7,1429.96,1381.93,1458.99,22,0.819,False,nan,chrome-threadsafe.jsonl
chrome,threadsafe,sahpool_per_worker,False,own_connection,scan,False,32,32,7,3913.84,3823.91,3985.96,8,0.299,False,nan,chrome-threadsafe.jsonl
chrome,threadsafe,sahpool_per_worker,False,own_connection,scan,False,32,4,7,1235.62,1177.56,1420.89,26,0.947,False,nan,chrome-threadsafe.jsonl
chrome,threadsafe,sahpool_per_worker,False,own_connection,scan,False,32,8,7,2269.01,2085.39,2496.77,14,0.516,False,nan,chrome-threadsafe.jsonl
chrome,threadsafe,sahpool_per_worker,False,own_connection,sort,False,3200,1,7,553.96,549.15,566.18,5777,1.000,False,nan,chrome-threadsafe.jsonl
chrome,threadsafe,sahpool_per_worker,False,own_connection,sort,False,3200,16,7,61.55,60.23,62.57,51990,9.000,False,nan,chrome-threadsafe.jsonl
chrome,threadsafe,sahpool_per_worker,False,own_connection,sort,False,3200,2,7,285.01,281.23,288.42,11228,1.944,False,nan,chrome-threadsafe.jsonl
chrome,threadsafe,sahpool_per_worker,False,own_connection,sort,False,3200,32,7,52.17,52.02,53.01,61344,10.619,False,nan,chrome-threadsafe.jsonl
chrome,threadsafe,sahpool_per_worker,False,own_connection,sort,False,3200,4,7,149.77,146.20,150.23,21366,3.699,False,nan,chrome-threadsafe.jsonl
chrome,threadsafe,sahpool_per_worker,False,own_connection,sort,False,3200,8,7,88.84,84.56,92.72,36018,6.235,False,nan,chrome-threadsafe.jsonl
chrome,threadsafe,sahpool_per_worker,False,own_connection,sort,True,3200,1,7,541.80,535.62,548.08,5906,1.000,False,nan,chrome-threadsafe.jsonl
chrome,threadsafe,sahpool_per_worker,False,own_connection,sort,True,3200,16,7,56.66,53.34,60.83,56482,9.563,False,nan,chrome-threadsafe.jsonl
chrome,threadsafe,sahpool_per_worker,False,own_connection,sort,True,3200,2,7,272.47,267.57,278.05,11744,1.988,False,nan,chrome-threadsafe.jsonl
chrome,threadsafe,sahpool_per_worker,False,own_connection,sort,True,3200,32,7,46.95,46.21,47.72,68158,11.540,False,nan,chrome-threadsafe.jsonl
chrome,threadsafe,sahpool_per_worker,False,own_connection,sort,True,3200,4,7,143.20,138.59,144.75,22346,3.784,False,nan,chrome-threadsafe.jsonl
chrome,threadsafe,sahpool_per_worker,False,own_connection,sort,True,3200,8,7,87.98,79.35,91.80,36372,6.158,False,nan,chrome-threadsafe.jsonl
firefox,cipher,cipher_per_worker,False,own_connection,fts,False,3200,1,7,329.62,261.12,335.58,9708,1.000,False,18.2,firefox-cipher.jsonl
firefox,cipher,cipher_per_worker,False,own_connection,fts,False,3200,16,7,162.38,151.32,167.34,19707,2.030,False,19.7,firefox-cipher.jsonl
firefox,cipher,cipher_per_worker,False,own_connection,fts,False,3200,2,7,168.66,162.84,205.28,18973,1.954,False,19.7,firefox-cipher.jsonl
firefox,cipher,cipher_per_worker,False,own_connection,fts,False,3200,32,7,176.74,172.70,182.34,18106,1.865,False,20.6,firefox-cipher.jsonl
firefox,cipher,cipher_per_worker,False,own_connection,fts,False,3200,4,7,160.30,157.14,165.18,19963,2.056,False,19.7,firefox-cipher.jsonl
firefox,cipher,cipher_per_worker,False,own_connection,fts,False,3200,8,7,154.52,150.38,156.24,20709,2.133,False,19.7,firefox-cipher.jsonl
firefox,cipher,cipher_per_worker,False,own_connection,fts,True,3200,1,7,159.64,151.22,163.56,20045,1.000,False,20.6,firefox-cipher.jsonl
firefox,cipher,cipher_per_worker,False,own_connection,fts,True,3200,16,7,171.42,165.86,172.92,18668,0.931,False,19.5,firefox-cipher.jsonl
firefox,cipher,cipher_per_worker,False,own_connection,fts,True,3200,2,7,106.98,98.56,115.10,29912,1.492,False,20.6,firefox-cipher.jsonl
firefox,cipher,cipher_per_worker,False,own_connection,fts,True,3200,32,7,182.20,180.20,182.56,17563,0.876,False,19.5,firefox-cipher.jsonl
firefox,cipher,cipher_per_worker,False,own_connection,fts,True,3200,4,7,98.36,92.74,122.80,32534,1.623,False,20.6,firefox-cipher.jsonl
firefox,cipher,cipher_per_worker,False,own_connection,fts,True,3200,8,7,138.40,131.10,149.80,23121,1.153,False,19.5,firefox-cipher.jsonl
firefox,cipher,cipher_per_worker,False,own_connection,insert,False,9600,1,7,1887.12,1874.62,1895.00,5087,1.000,False,17.2,firefox-cipher.jsonl
firefox,cipher,cipher_per_worker,False,own_connection,insert,False,9600,16,7,325.56,323.54,337.56,29488,5.797,False,13.7,firefox-cipher.jsonl
firefox,cipher,cipher_per_worker,False,own_connection,insert,False,9600,2,7,950.40,945.92,968.46,10101,1.986,False,15.1,firefox-cipher.jsonl
firefox,cipher,cipher_per_worker,False,own_connection,insert,False,9600,32,7,386.14,385.02,396.74,24861,4.887,False,13.7,firefox-cipher.jsonl
firefox,cipher,cipher_per_worker,False,own_connection,insert,False,9600,4,7,517.66,515.28,543.40,18545,3.645,False,14.2,firefox-cipher.jsonl
firefox,cipher,cipher_per_worker,False,own_connection,insert,False,9600,8,7,320.68,315.70,332.28,29936,5.885,False,13.6,firefox-cipher.jsonl
firefox,cipher,cipher_per_worker,False,own_connection,mix,False,160000,1,7,6661.90,6601.72,6691.50,24017,1.000,False,9.0,firefox-cipher.jsonl
firefox,cipher,cipher_per_worker,False,own_connection,mix,False,160000,16,7,709.54,698.28,711.34,225498,9.389,False,6.3,firefox-cipher.jsonl
firefox,cipher,cipher_per_worker,False,own_connection,mix,False,160000,2,7,3424.86,3373.74,3431.44,46717,1.945,False,5.7,firefox-cipher.jsonl
firefox,cipher,cipher_per_worker,False,own_connection,mix,False,160000,32,7,693.90,676.34,697.84,230581,9.601,False,7.9,firefox-cipher.jsonl
firefox,cipher,cipher_per_worker,False,own_connection,mix,False,160000,4,7,1764.02,1742.90,1779.72,90702,3.777,False,5.2,firefox-cipher.jsonl
firefox,cipher,cipher_per_worker,False,own_connection,mix,False,160000,8,7,983.86,912.96,1010.12,162625,6.771,False,5.3,firefox-cipher.jsonl
firefox,cipher,cipher_per_worker,False,own_connection,point,False,256000,1,7,7950.92,7903.54,8097.76,32198,1.000,False,10.3,firefox-cipher.jsonl
firefox,cipher,cipher_per_worker,False,own_connection,point,False,256000,16,7,669.26,637.76,737.28,382512,11.880,False,14.5,firefox-cipher.jsonl
firefox,cipher,cipher_per_worker,False,own_connection,point,False,256000,2,7,4005.98,3994.88,4064.38,63904,1.985,False,12.8,firefox-cipher.jsonl
firefox,cipher,cipher_per_worker,False,own_connection,point,False,256000,32,7,576.78,547.14,608.88,443843,13.785,False,16.3,firefox-cipher.jsonl
firefox,cipher,cipher_per_worker,False,own_connection,point,False,256000,4,7,2021.48,1986.26,2060.38,126640,3.933,False,12.4,firefox-cipher.jsonl
firefox,cipher,cipher_per_worker,False,own_connection,point,False,256000,8,7,1059.96,1052.96,1067.94,241519,7.501,False,13.0,firefox-cipher.jsonl
firefox,cipher,cipher_per_worker,False,own_connection,point,True,256000,1,7,209.64,205.66,223.22,1221142,1.000,False,18.6,firefox-cipher.jsonl
firefox,cipher,cipher_per_worker,False,own_connection,point,True,256000,16,7,21.54,21.06,23.44,11884709,9.732,False,18.6,firefox-cipher.jsonl
firefox,cipher,cipher_per_worker,False,own_connection,point,True,256000,2,7,109.50,105.04,111.54,2337900,1.915,False,18.6,firefox-cipher.jsonl
firefox,cipher,cipher_per_worker,False,own_connection,point,True,256000,32,7,12.54,12.24,13.30,20414609,16.718,False,18.6,firefox-cipher.jsonl
firefox,cipher,cipher_per_worker,False,own_connection,point,True,256000,4,7,56.50,55.18,60.30,4530973,3.710,False,18.6,firefox-cipher.jsonl
firefox,cipher,cipher_per_worker,False,own_connection,point,True,256000,8,7,31.44,29.32,32.84,8142446,6.668,False,18.6,firefox-cipher.jsonl
firefox,cipher,cipher_per_worker,False,own_connection,range,False,4800,1,7,457.92,453.84,466.80,10482,1.000,False,18.4,firefox-cipher.jsonl
firefox,cipher,cipher_per_worker,False,own_connection,range,False,4800,16,7,42.60,35.98,45.56,112676,10.749,False,17.8,firefox-cipher.jsonl
firefox,cipher,cipher_per_worker,False,own_connection,range,False,4800,2,7,229.46,227.74,236.98,20919,1.996,False,18.4,firefox-cipher.jsonl
firefox,cipher,cipher_per_worker,False,own_connection,range,False,4800,32,7,27.36,25.50,31.20,175438,16.737,False,17.8,firefox-cipher.jsonl
firefox,cipher,cipher_per_worker,False,own_connection,range,False,4800,4,7,115.68,115.44,120.28,41494,3.959,False,17.8,firefox-cipher.jsonl
firefox,cipher,cipher_per_worker,False,own_connection,range,False,4800,8,7,65.48,64.84,69.64,73305,6.993,False,17.8,firefox-cipher.jsonl
firefox,cipher,cipher_per_worker,False,own_connection,range,True,4800,1,7,326.88,308.18,400.34,14684,1.000,False,17.8,firefox-cipher.jsonl
firefox,cipher,cipher_per_worker,False,own_connection,range,True,4800,16,7,28.50,25.88,32.70,168421,11.469,False,17.0,firefox-cipher.jsonl
firefox,cipher,cipher_per_worker,False,own_connection,range,True,4800,2,7,162.12,155.80,164.70,29608,2.016,False,17.0,firefox-cipher.jsonl
firefox,cipher,cipher_per_worker,False,own_connection,range,True,4800,32,7,16.58,15.86,17.24,289504,19.715,False,17.0,firefox-cipher.jsonl
firefox,cipher,cipher_per_worker,False,own_connection,range,True,4800,4,7,86.00,80.44,89.66,55814,3.801,False,17.0,firefox-cipher.jsonl
firefox,cipher,cipher_per_worker,False,own_connection,range,True,4800,8,7,52.56,51.04,56.82,91325,6.219,False,17.0,firefox-cipher.jsonl
firefox,cipher,cipher_per_worker,False,own_connection,scan,False,32,1,7,2433.96,2363.76,2653.10,13,1.000,False,18.0,firefox-cipher.jsonl
firefox,cipher,cipher_per_worker,False,own_connection,scan,False,32,16,7,6040.86,5872.44,6315.58,5,0.403,False,12.2,firefox-cipher.jsonl
firefox,cipher,cipher_per_worker,False,own_connection,scan,False,32,2,7,3153.26,2882.40,3484.66,10,0.772,False,15.9,firefox-cipher.jsonl
firefox,cipher,cipher_per_worker,False,own_connection,scan,False,32,32,7,6816.28,6786.36,6902.98,5,0.357,False,15.0,firefox-cipher.jsonl
firefox,cipher,cipher_per_worker,False,own_connection,scan,False,32,4,7,4818.44,4733.40,4932.58,7,0.505,False,15.6,firefox-cipher.jsonl
firefox,cipher,cipher_per_worker,False,own_connection,scan,False,32,8,7,5400.84,5330.00,5605.02,6,0.451,False,14.0,firefox-cipher.jsonl
firefox,cipher,cipher_per_worker,False,own_connection,sort,False,3200,1,7,956.92,942.86,975.46,3344,1.000,False,15.7,firefox-cipher.jsonl
firefox,cipher,cipher_per_worker,False,own_connection,sort,False,3200,16,7,90.62,89.22,108.06,35312,10.560,False,17.0,firefox-cipher.jsonl
firefox,cipher,cipher_per_worker,False,own_connection,sort,False,3200,2,7,491.62,481.68,503.26,6509,1.946,False,15.7,firefox-cipher.jsonl
firefox,cipher,cipher_per_worker,False,own_connection,sort,False,3200,32,7,85.12,82.86,86.06,37594,11.242,False,17.0,firefox-cipher.jsonl
firefox,cipher,cipher_per_worker,False,own_connection,sort,False,3200,4,7,254.38,248.34,260.58,12580,3.762,False,15.7,firefox-cipher.jsonl
firefox,cipher,cipher_per_worker,False,own_connection,sort,False,3200,8,7,134.30,132.20,139.14,23827,7.125,False,15.7,firefox-cipher.jsonl
firefox,cipher,cipher_per_worker,False,own_connection,sort,True,3200,1,7,825.34,822.62,834.56,3877,1.000,False,16.0,firefox-cipher.jsonl
firefox,cipher,cipher_per_worker,False,own_connection,sort,True,3200,16,7,120.88,111.68,124.44,26473,6.828,False,18.2,firefox-cipher.jsonl
firefox,cipher,cipher_per_worker,False,own_connection,sort,True,3200,2,7,437.54,431.46,445.54,7314,1.886,False,15.2,firefox-cipher.jsonl
firefox,cipher,cipher_per_worker,False,own_connection,sort,True,3200,32,7,138.74,137.50,141.08,23065,5.949,False,18.2,firefox-cipher.jsonl
firefox,cipher,cipher_per_worker,False,own_connection,sort,True,3200,4,7,300.90,294.50,309.76,10635,2.743,False,15.2,firefox-cipher.jsonl
firefox,cipher,cipher_per_worker,False,own_connection,sort,True,3200,8,7,151.24,145.84,160.06,21158,5.457,False,15.2,firefox-cipher.jsonl
firefox,cipher,cipher_shared,False,own_connection,fts,False,3200,1,7,257.90,253.74,269.70,12408,1.000,False,12.1,firefox-cipher.jsonl
firefox,cipher,cipher_shared,False,own_connection,fts,False,3200,16,7,176.82,168.58,180.30,18097,1.459,False,14.1,firefox-cipher.jsonl
firefox,cipher,cipher_shared,False,own_connection,fts,False,3200,2,7,232.02,221.78,249.90,13792,1.112,False,12.1,firefox-cipher.jsonl
firefox,cipher,cipher_shared,False,own_connection,fts,False,3200,32,7,175.48,171.92,187.68,18236,1.470,False,15.8,firefox-cipher.jsonl
firefox,cipher,cipher_shared,False,own_connection,fts,False,3200,4,7,187.54,122.80,187.96,17063,1.375,False,14.1,firefox-cipher.jsonl
firefox,cipher,cipher_shared,False,own_connection,fts,False,3200,8,7,174.10,170.18,179.52,18380,1.481,False,14.1,firefox-cipher.jsonl
firefox,cipher,cipher_shared,False,own_connection,fts,True,3200,1,7,156.78,152.82,158.12,20411,1.000,False,15.8,firefox-cipher.jsonl
firefox,cipher,cipher_shared,False,own_connection,fts,True,3200,16,7,135.02,126.28,150.30,23700,1.161,False,15.3,firefox-cipher.jsonl
firefox,cipher,cipher_shared,False,own_connection,fts,True,3200,2,7,101.24,95.06,107.66,31608,1.549,False,15.8,firefox-cipher.jsonl
firefox,cipher,cipher_shared,False,own_connection,fts,True,3200,32,7,165.36,163.66,166.02,19352,0.948,False,15.3,firefox-cipher.jsonl
firefox,cipher,cipher_shared,False,own_connection,fts,True,3200,4,7,80.78,73.78,87.62,39614,1.941,False,15.8,firefox-cipher.jsonl
firefox,cipher,cipher_shared,False,own_connection,fts,True,3200,8,7,124.46,105.26,137.48,25711,1.260,False,15.8,firefox-cipher.jsonl
firefox,cipher,cipher_shared,False,own_connection,insert,False,9600,1,7,1873.94,1865.20,1894.12,5123,1.000,False,13.8,firefox-cipher.jsonl
firefox,cipher,cipher_shared,False,own_connection,insert,False,9600,16,7,3061.06,3058.74,3068.34,3136,0.612,False,7.9,firefox-cipher.jsonl
firefox,cipher,cipher_shared,False,own_connection,insert,False,9600,2,7,1958.72,1863.02,1971.38,4901,0.957,False,16.8,firefox-cipher.jsonl
firefox,cipher,cipher_shared,False,own_connection,insert,False,9600,32,7,3201.94,3201.08,3205.42,2998,0.585,False,6.6,firefox-cipher.jsonl
firefox,cipher,cipher_shared,False,own_connection,insert,False,9600,4,7,2024.16,2012.52,2126.76,4743,0.926,False,13.8,firefox-cipher.jsonl
firefox,cipher,cipher_shared,False,own_connection,insert,False,9600,8,7,2379.54,2366.88,2381.30,4034,0.788,False,10.6,firefox-cipher.jsonl
firefox,cipher,cipher_shared,False,own_connection,mix,False,160000,1,7,6871.02,6857.16,6895.24,23286,1.000,False,5.5,firefox-cipher.jsonl
firefox,cipher,cipher_shared,False,own_connection,mix,False,160000,16,7,62806.18,61498.66,64619.08,2548,0.109,False,3.3,firefox-cipher.jsonl
firefox,cipher,cipher_shared,False,own_connection,mix,False,160000,2,7,16144.40,14989.42,16479.42,9911,0.426,False,3.9,firefox-cipher.jsonl
firefox,cipher,cipher_shared,False,own_connection,mix,False,160000,32,7,105549.18,99457.62,106197.48,1516,0.065,False,11.3,firefox-cipher.jsonl
firefox,cipher,cipher_shared,False,own_connection,mix,False,160000,4,7,24591.68,24397.90,26069.66,6506,0.279,False,4.3,firefox-cipher.jsonl
firefox,cipher,cipher_shared,False,own_connection,mix,False,160000,8,7,39342.36,38883.80,40184.20,4067,0.175,False,4.3,firefox-cipher.jsonl
firefox,cipher,cipher_shared,False,own_connection,point,False,256000,1,7,8012.34,7916.16,8225.58,31951,1.000,False,14.9,firefox-cipher.jsonl
firefox,cipher,cipher_shared,False,own_connection,point,False,256000,16,7,1009.96,1000.30,1063.56,253475,7.933,False,16.6,firefox-cipher.jsonl
firefox,cipher,cipher_shared,False,own_connection,point,False,256000,2,7,4091.12,4010.46,4555.24,62575,1.958,False,16.3,firefox-cipher.jsonl
firefox,cipher,cipher_shared,False,own_connection,point,False,256000,32,7,1098.20,1092.42,1102.22,233109,7.296,False,18.6,firefox-cipher.jsonl
firefox,cipher,cipher_shared,False,own_connection,point,False,256000,4,7,2082.32,2047.50,2106.90,122940,3.848,False,16.9,firefox-cipher.jsonl
firefox,cipher,cipher_shared,False,own_connection,point,False,256000,8,7,1136.86,1126.84,1163.00,225182,7.048,False,16.3,firefox-cipher.jsonl
firefox,cipher,cipher_shared,False,own_connection,point,True,256000,1,7,214.02,208.88,229.52,1196150,1.000,False,18.6,firefox-cipher.jsonl
firefox,cipher,cipher_shared,False,own_connection,point,True,256000,16,7,16.66,14.84,19.98,15366228,12.846,False,18.2,firefox-cipher.jsonl
firefox,cipher,cipher_shared,False,own_connection,point,True,256000,2,7,114.76,111.12,119.10,2230742,1.865,False,18.2,firefox-cipher.jsonl
firefox,cipher,cipher_shared,False,own_connection,point,True,256000,32,7,13.36,12.58,13.68,19161873,16.020,False,18.2,firefox-cipher.jsonl
firefox,cipher,cipher_shared,False,own_connection,point,True,256000,4,7,60.68,59.92,62.82,4218858,3.527,False,18.2,firefox-cipher.jsonl
firefox,cipher,cipher_shared,False,own_connection,point,True,256000,8,7,34.58,29.24,36.94,7403106,6.189,False,18.2,firefox-cipher.jsonl
firefox,cipher,cipher_shared,False,own_connection,range,False,4800,1,7,460.62,452.52,463.68,10421,1.000,False,18.2,firefox-cipher.jsonl
firefox,cipher,cipher_shared,False,own_connection,range,False,4800,16,7,37.32,35.18,41.52,128616,12.342,False,18.1,firefox-cipher.jsonl
firefox,cipher,cipher_shared,False,own_connection,range,False,4800,2,7,238.72,237.20,268.14,20107,1.930,False,18.1,firefox-cipher.jsonl
firefox,cipher,cipher_shared,False,own_connection,range,False,4800,32,7,25.44,25.06,26.02,188678,18.106,False,19.2,firefox-cipher.jsonl
firefox,cipher,cipher_shared,False,own_connection,range,False,4800,4,7,120.14,117.42,125.82,39953,3.834,False,18.1,firefox-cipher.jsonl
firefox,cipher,cipher_shared,False,own_connection,range,False,4800,8,7,66.54,65.36,69.08,72137,6.922,False,18.1,firefox-cipher.jsonl
firefox,cipher,cipher_shared,False,own_connection,range,True,4800,1,7,304.56,302.90,309.30,15760,1.000,False,19.2,firefox-cipher.jsonl
firefox,cipher,cipher_shared,False,own_connection,range,True,4800,16,7,23.68,21.44,27.32,202703,12.862,False,19.1,firefox-cipher.jsonl
firefox,cipher,cipher_shared,False,own_connection,range,True,4800,2,7,156.70,154.92,158.32,30632,1.944,False,19.2,firefox-cipher.jsonl
firefox,cipher,cipher_shared,False,own_connection,range,True,4800,32,7,15.98,15.80,16.58,300376,19.059,False,19.1,firefox-cipher.jsonl
firefox,cipher,cipher_shared,False,own_connection,range,True,4800,4,7,81.52,79.80,84.30,58881,3.736,False,19.2,firefox-cipher.jsonl
firefox,cipher,cipher_shared,False,own_connection,range,True,4800,8,7,44.62,41.92,49.36,107575,6.826,False,19.2,firefox-cipher.jsonl
firefox,cipher,cipher_shared,False,own_connection,scan,False,32,1,7,1965.88,1880.20,1980.00,16,1.000,False,17.5,firefox-cipher.jsonl
firefox,cipher,cipher_shared,False,own_connection,scan,False,32,16,7,5908.62,5784.50,6093.34,5,0.333,False,13.1,firefox-cipher.jsonl
firefox,cipher,cipher_shared,False,own_connection,scan,False,32,2,7,2764.46,2712.48,2908.96,12,0.711,False,14.8,firefox-cipher.jsonl
firefox,cipher,cipher_shared,False,own_connection,scan,False,32,32,7,6708.04,6635.32,6754.30,5,0.293,False,11.3,firefox-cipher.jsonl
firefox,cipher,cipher_shared,False,own_connection,scan,False,32,4,7,4405.92,4196.16,4545.70,7,0.446,False,12.3,firefox-cipher.jsonl
firefox,cipher,cipher_shared,False,own_connection,scan,False,32,8,7,5212.38,4897.74,5399.44,6,0.377,False,15.9,firefox-cipher.jsonl
firefox,cipher,cipher_shared,False,own_connection,sort,False,3200,1,7,930.74,920.30,932.02,3438,1.000,False,11.4,firefox-cipher.jsonl
firefox,cipher,cipher_shared,False,own_connection,sort,False,3200,16,7,91.28,89.60,92.24,35057,10.197,False,11.1,firefox-cipher.jsonl
firefox,cipher,cipher_shared,False,own_connection,sort,False,3200,2,7,491.86,475.62,513.42,6506,1.892,False,11.0,firefox-cipher.jsonl
firefox,cipher,cipher_shared,False,own_connection,sort,False,3200,32,7,83.20,81.00,84.40,38461,11.187,False,11.1,firefox-cipher.jsonl
firefox,cipher,cipher_shared,False,own_connection,sort,False,3200,4,7,253.84,249.12,258.72,12606,3.667,False,11.0,firefox-cipher.jsonl
firefox,cipher,cipher_shared,False,own_connection,sort,False,3200,8,7,147.54,141.50,151.68,21689,6.308,False,11.0,firefox-cipher.jsonl
firefox,cipher,cipher_shared,False,own_connection,sort,True,3200,1,7,837.40,828.36,866.64,3821,1.000,False,10.6,firefox-cipher.jsonl
firefox,cipher,cipher_shared,False,own_connection,sort,True,3200,16,7,83.02,80.58,83.70,38545,10.087,False,12.1,firefox-cipher.jsonl
firefox,cipher,cipher_shared,False,own_connection,sort,True,3200,2,7,420.48,418.38,437.82,7610,1.992,False,11.6,firefox-cipher.jsonl
firefox,cipher,cipher_shared,False,own_connection,sort,True,3200,32,7,75.94,73.28,79.14,42138,11.027,False,12.1,firefox-cipher.jsonl
firefox,cipher,cipher_shared,False,own_connection,sort,True,3200,4,7,216.16,214.30,221.96,14804,3.874,False,11.6,firefox-cipher.jsonl
firefox,cipher,cipher_shared,False,own_connection,sort,True,3200,8,7,120.32,116.76,124.50,26596,6.960,False,11.6,firefox-cipher.jsonl
firefox,single,memory_per_worker,False,own_connection,fts,False,3200,1,7,151.82,147.14,159.10,21078,1.000,False,5.6,firefox-single.jsonl
firefox,single,memory_per_worker,False,own_connection,fts,True,3200,1,7,151.32,147.42,153.68,21147,1.000,False,5.9,firefox-single.jsonl
firefox,single,memory_per_worker,False,own_connection,insert,False,9600,1,7,226.46,225.14,231.46,42392,1.000,False,5.9,firefox-single.jsonl
firefox,single,memory_per_worker,False,own_connection,mix,False,160000,1,7,132.48,126.56,133.12,1207730,1.000,False,5.9,firefox-single.jsonl
firefox,single,memory_per_worker,False,own_connection,point,False,256000,1,7,152.80,151.58,158.02,1675392,1.000,False,5.2,firefox-single.jsonl
firefox,single,memory_per_worker,False,own_connection,point,True,256000,1,7,120.30,118.88,121.26,2128012,1.000,False,5.1,firefox-single.jsonl
firefox,single,memory_per_worker,False,own_connection,range,False,4800,1,7,302.70,294.58,308.02,15857,1.000,False,5.1,firefox-single.jsonl
firefox,single,memory_per_worker,False,own_connection,range,True,4800,1,7,303.88,299.62,305.26,15796,1.000,False,5.1,firefox-single.jsonl
firefox,single,memory_per_worker,False,own_connection,scan,False,32,1,7,1207.30,1191.86,1240.60,27,1.000,False,4.8,firefox-single.jsonl
firefox,single,memory_per_worker,False,own_connection,sort,False,3200,1,7,846.80,819.42,864.46,3779,1.000,False,5.2,firefox-single.jsonl
firefox,single,memory_per_worker,False,own_connection,sort,True,3200,1,7,816.86,812.86,852.88,3917,1.000,False,5.6,firefox-single.jsonl
firefox,single,memvfs_per_worker,False,own_connection,fts,False,3200,1,7,145.48,144.20,151.68,21996,1.000,False,5.3,firefox-single.jsonl
firefox,single,memvfs_per_worker,False,own_connection,fts,True,3200,1,7,139.90,139.22,140.20,22873,1.000,False,5.3,firefox-single.jsonl
firefox,single,memvfs_per_worker,False,own_connection,insert,False,9600,1,7,273.72,270.40,274.46,35072,1.000,False,5.2,firefox-single.jsonl
firefox,single,memvfs_per_worker,False,own_connection,mix,False,160000,1,7,249.02,246.98,258.46,642519,1.000,False,5.2,firefox-single.jsonl
firefox,single,memvfs_per_worker,False,own_connection,point,False,256000,1,7,227.24,225.40,228.20,1126562,1.000,False,5.9,firefox-single.jsonl
firefox,single,memvfs_per_worker,False,own_connection,point,True,256000,1,7,120.86,119.26,123.04,2118151,1.000,False,5.9,firefox-single.jsonl
firefox,single,memvfs_per_worker,False,own_connection,range,False,4800,1,7,318.00,306.88,329.92,15094,1.000,False,5.7,firefox-single.jsonl
firefox,single,memvfs_per_worker,False,own_connection,range,True,4800,1,7,323.20,317.84,330.60,14851,1.000,False,5.7,firefox-single.jsonl
firefox,single,memvfs_per_worker,False,own_connection,scan,False,32,1,7,1164.52,1161.02,1168.86,27,1.000,False,5.3,firefox-single.jsonl
firefox,single,memvfs_per_worker,False,own_connection,sort,False,3200,1,7,798.44,789.48,804.46,4008,1.000,False,5.3,firefox-single.jsonl
firefox,single,memvfs_per_worker,False,own_connection,sort,True,3200,1,7,793.02,786.88,796.56,4035,1.000,False,5.2,firefox-single.jsonl
firefox,single,memvfs_shared,False,own_connection,fts,False,3200,1,7,143.78,143.44,145.30,22256,1.000,False,6.2,firefox-single.jsonl
firefox,single,memvfs_shared,False,own_connection,fts,True,3200,1,7,139.44,139.06,141.24,22949,1.000,False,6.2,firefox-single.jsonl
firefox,single,memvfs_shared,False,own_connection,insert,False,9600,1,7,268.74,267.42,269.40,35722,1.000,False,6.2,firefox-single.jsonl
firefox,single,memvfs_shared,False,own_connection,mix,False,160000,1,7,233.88,231.16,234.78,684112,1.000,False,5.9,firefox-single.jsonl
firefox,single,memvfs_shared,False,own_connection,point,False,256000,1,7,230.90,224.86,232.20,1108706,1.000,False,7.1,firefox-single.jsonl
firefox,single,memvfs_shared,False,own_connection,point,True,256000,1,7,124.82,120.10,127.32,2050952,1.000,False,7.1,firefox-single.jsonl
firefox,single,memvfs_shared,False,own_connection,range,False,4800,1,7,309.32,304.72,318.36,15518,1.000,False,7.1,firefox-single.jsonl
firefox,single,memvfs_shared,False,own_connection,range,True,4800,1,7,299.56,296.78,312.12,16023,1.000,False,7.2,firefox-single.jsonl
firefox,single,memvfs_shared,False,own_connection,scan,False,32,1,7,1164.74,1158.92,1168.88,27,1.000,False,7.0,firefox-single.jsonl
firefox,single,memvfs_shared,False,own_connection,sort,False,3200,1,7,796.24,791.58,801.84,4019,1.000,False,6.5,firefox-single.jsonl
firefox,single,memvfs_shared,False,own_connection,sort,True,3200,1,7,785.84,776.50,785.94,4072,1.000,False,6.3,firefox-single.jsonl
firefox,single,sahpool_per_worker,False,own_connection,fts,False,3200,1,7,340.40,330.62,351.72,9401,1.000,False,15.6,firefox-single.jsonl
firefox,single,sahpool_per_worker,False,own_connection,fts,True,3200,1,7,145.66,143.10,156.82,21969,1.000,False,15.6,firefox-single.jsonl
firefox,single,sahpool_per_worker,False,own_connection,insert,False,256,1,7,5443.72,5429.44,5475.48,47,1.000,False,13.3,firefox-single.jsonl
firefox,single,sahpool_per_worker,False,own_connection,mix,False,3200,1,7,6917.36,6634.16,7350.06,463,1.000,False,10.1,firefox-single.jsonl
firefox,single,sahpool_per_worker,False,own_connection,point,False,256000,1,7,10442.58,10355.92,10644.56,24515,1.000,False,12.3,firefox-single.jsonl
firefox,single,sahpool_per_worker,False,own_connection,point,True,256000,1,7,134.86,133.28,138.76,1898267,1.000,False,17.1,firefox-single.jsonl
firefox,single,sahpool_per_worker,False,own_connection,range,False,4800,1,7,590.10,563.22,603.54,8134,1.000,False,17.5,firefox-single.jsonl
firefox,single,sahpool_per_worker,False,own_connection,range,True,4800,1,7,308.56,303.86,311.30,15556,1.000,False,17.5,firefox-single.jsonl
firefox,single,sahpool_per_worker,False,own_connection,scan,False,32,1,7,1400.94,1351.38,1425.24,23,1.000,False,17.1,firefox-single.jsonl
firefox,single,sahpool_per_worker,False,own_connection,sort,False,3200,1,7,1033.00,1031.96,1051.98,3098,1.000,False,16.4,firefox-single.jsonl
firefox,single,sahpool_per_worker,False,own_connection,sort,True,3200,1,7,812.08,804.26,813.72,3940,1.000,False,16.1,firefox-single.jsonl
firefox,sqlcipher,memvfs_shared,False,own_connection,cold_scan,False,64,1,7,489.42,486.74,493.34,131,1.000,False,20.6,firefox-sqlcipher-sqlcipher-tcache.jsonl
firefox,sqlcipher,memvfs_shared,False,own_connection,cold_scan,False,64,16,7,47.92,44.92,52.24,1336,10.213,False,19.4,firefox-sqlcipher-sqlcipher-tcache.jsonl
firefox,sqlcipher,memvfs_shared,False,own_connection,cold_scan,False,64,2,7,249.76,249.38,251.66,256,1.960,False,19.4,firefox-sqlcipher-sqlcipher-tcache.jsonl
firefox,sqlcipher,memvfs_shared,False,own_connection,cold_scan,False,64,32,7,34.46,34.20,35.44,1857,14.203,False,19.4,firefox-sqlcipher-sqlcipher-tcache.jsonl
firefox,sqlcipher,memvfs_shared,False,own_connection,cold_scan,False,64,4,7,130.20,126.62,134.22,492,3.759,False,19.4,firefox-sqlcipher-sqlcipher-tcache.jsonl
firefox,sqlcipher,memvfs_shared,False,own_connection,cold_scan,False,64,8,7,83.48,78.32,88.82,767,5.863,False,19.4,firefox-sqlcipher-sqlcipher-tcache.jsonl
firefox,sqlcipher,memvfs_shared,False,own_connection,keyed_open,False,32,1,3,2.74,2.74,2.76,11679,1.000,False,20.6,firefox-sqlcipher-sqlcipher-tcache.jsonl
firefox,sqlcipher,memvfs_shared,False,own_connection,keyed_open,False,32,16,3,13.10,12.74,13.28,2443,0.209,False,20.6,firefox-sqlcipher-sqlcipher-tcache.jsonl
firefox,sqlcipher,memvfs_shared,False,own_connection,keyed_open,False,32,2,3,5.98,5.86,6.80,5351,0.458,False,20.6,firefox-sqlcipher-sqlcipher-tcache.jsonl
firefox,sqlcipher,memvfs_shared,False,own_connection,keyed_open,False,32,32,3,13.66,13.36,14.06,2343,0.201,False,20.6,firefox-sqlcipher-sqlcipher-tcache.jsonl
firefox,sqlcipher,memvfs_shared,False,own_connection,keyed_open,False,32,4,3,10.68,8.92,11.24,2996,0.257,False,20.6,firefox-sqlcipher-sqlcipher-tcache.jsonl
firefox,sqlcipher,memvfs_shared,False,own_connection,keyed_open,False,32,8,3,12.40,11.80,12.44,2581,0.221,False,20.6,firefox-sqlcipher-sqlcipher-tcache.jsonl
firefox,sqlcipher,sqlcipher_shared,False,own_connection,cold_scan,False,64,1,7,2348.70,2333.36,2395.52,27,1.000,False,26.3,firefox-sqlcipher-sqlcipher-tcache.jsonl
firefox,sqlcipher,sqlcipher_shared,False,own_connection,cold_scan,False,64,16,7,182.00,169.80,188.82,352,12.905,False,19.2,firefox-sqlcipher-sqlcipher-tcache.jsonl
firefox,sqlcipher,sqlcipher_shared,False,own_connection,cold_scan,False,64,2,7,1197.20,1147.98,1206.24,53,1.962,False,21.1,firefox-sqlcipher-sqlcipher-tcache.jsonl
firefox,sqlcipher,sqlcipher_shared,False,own_connection,cold_scan,False,64,32,7,251.38,248.34,254.14,255,9.343,False,19.2,firefox-sqlcipher-sqlcipher-tcache.jsonl
firefox,sqlcipher,sqlcipher_shared,False,own_connection,cold_scan,False,64,4,7,607.94,599.02,622.96,105,3.863,False,19.9,firefox-sqlcipher-sqlcipher-tcache.jsonl
firefox,sqlcipher,sqlcipher_shared,False,own_connection,cold_scan,False,64,8,7,321.22,318.22,329.76,199,7.312,False,19.2,firefox-sqlcipher-sqlcipher-tcache.jsonl
firefox,sqlcipher,sqlcipher_shared,False,own_connection,keyed_open,False,32,1,3,21757.78,21731.66,21891.12,1,1.000,False,12.3,firefox-sqlcipher-sqlcipher-tcache.jsonl
firefox,sqlcipher,sqlcipher_shared,False,own_connection,keyed_open,False,32,16,3,42423.72,41268.66,42893.02,1,0.513,False,16.7,firefox-sqlcipher-sqlcipher-tcache.jsonl
firefox,sqlcipher,sqlcipher_shared,False,own_connection,keyed_open,False,32,2,3,12355.38,12279.84,12652.72,3,1.761,False,7.2,firefox-sqlcipher-sqlcipher-tcache.jsonl
firefox,sqlcipher,sqlcipher_shared,False,own_connection,keyed_open,False,32,32,3,72635.56,71961.92,72987.34,0,0.300,False,30.6,firefox-sqlcipher-sqlcipher-tcache.jsonl
firefox,sqlcipher,sqlcipher_shared,False,own_connection,keyed_open,False,32,4,3,8559.66,8258.14,9278.66,4,2.542,False,6.9,firefox-sqlcipher-sqlcipher-tcache.jsonl
firefox,sqlcipher,sqlcipher_shared,False,own_connection,keyed_open,False,32,8,3,18195.96,15997.70,21144.08,2,1.196,False,9.7,firefox-sqlcipher-sqlcipher-tcache.jsonl
firefox,sqlcipher-tcache,memvfs_shared,False,own_connection,cold_scan,False,64,1,7,509.30,502.88,516.42,126,1.000,False,7.5,firefox-sqlcipher-sqlcipher-tcache.jsonl
firefox,sqlcipher-tcache,memvfs_shared,False,own_connection,cold_scan,False,64,16,7,43.96,39.66,48.54,1456,11.585,False,7.2,firefox-sqlcipher-sqlcipher-tcache.jsonl
firefox,sqlcipher-tcache,memvfs_shared,False,own_connection,cold_scan,False,64,2,7,266.64,260.00,270.06,240,1.910,False,7.2,firefox-sqlcipher-sqlcipher-tcache.jsonl
firefox,sqlcipher-tcache,memvfs_shared,False,own_connection,cold_scan,False,64,32,7,32.34,31.96,33.06,1979,15.748,False,9.0,firefox-sqlcipher-sqlcipher-tcache.jsonl
firefox,sqlcipher-tcache,memvfs_shared,False,own_connection,cold_scan,False,64,4,7,138.24,137.24,138.54,463,3.684,False,7.2,firefox-sqlcipher-sqlcipher-tcache.jsonl
firefox,sqlcipher-tcache,memvfs_shared,False,own_connection,cold_scan,False,64,8,7,74.20,70.70,78.58,863,6.864,False,7.2,firefox-sqlcipher-sqlcipher-tcache.jsonl
firefox,sqlcipher-tcache,memvfs_shared,False,own_connection,keyed_open,False,32,1,3,3.66,3.62,3.92,8743,1.000,False,7.5,firefox-sqlcipher-sqlcipher-tcache.jsonl
firefox,sqlcipher-tcache,memvfs_shared,False,own_connection,keyed_open,False,32,16,3,6.56,6.48,6.58,4878,0.558,False,7.5,firefox-sqlcipher-sqlcipher-tcache.jsonl
firefox,sqlcipher-tcache,memvfs_shared,False,own_connection,keyed_open,False,32,2,3,3.28,3.28,3.56,9756,1.116,False,7.5,firefox-sqlcipher-sqlcipher-tcache.jsonl
firefox,sqlcipher-tcache,memvfs_shared,False,own_connection,keyed_open,False,32,32,3,6.82,6.68,8.58,4692,0.537,False,7.5,firefox-sqlcipher-sqlcipher-tcache.jsonl
firefox,sqlcipher-tcache,memvfs_shared,False,own_connection,keyed_open,False,32,4,3,5.16,5.04,5.40,6201,0.709,False,7.5,firefox-sqlcipher-sqlcipher-tcache.jsonl
firefox,sqlcipher-tcache,memvfs_shared,False,own_connection,keyed_open,False,32,8,3,5.66,5.64,6.08,5654,0.647,False,7.5,firefox-sqlcipher-sqlcipher-tcache.jsonl
firefox,sqlcipher-tcache,sqlcipher_shared,False,own_connection,cold_scan,False,64,1,7,2334.00,2320.90,2349.74,27,1.000,False,7.8,firefox-sqlcipher-sqlcipher-tcache.jsonl
firefox,sqlcipher-tcache,sqlcipher_shared,False,own_connection,cold_scan,False,64,16,7,169.78,163.20,176.92,377,13.747,False,6.8,firefox-sqlcipher-sqlcipher-tcache.jsonl
firefox,sqlcipher-tcache,sqlcipher_shared,False,own_connection,cold_scan,False,64,2,7,1253.18,1223.52,1266.00,51,1.862,False,7.0,firefox-sqlcipher-sqlcipher-tcache.jsonl
firefox,sqlcipher-tcache,sqlcipher_shared,False,own_connection,cold_scan,False,64,32,7,117.54,116.14,119.16,544,19.857,False,7.5,firefox-sqlcipher-sqlcipher-tcache.jsonl
firefox,sqlcipher-tcache,sqlcipher_shared,False,own_connection,cold_scan,False,64,4,7,611.68,585.52,618.36,105,3.816,False,6.9,firefox-sqlcipher-sqlcipher-tcache.jsonl
firefox,sqlcipher-tcache,sqlcipher_shared,False,own_connection,cold_scan,False,64,8,7,328.16,318.32,332.02,195,7.112,False,6.8,firefox-sqlcipher-sqlcipher-tcache.jsonl
firefox,sqlcipher-tcache,sqlcipher_shared,False,own_connection,keyed_open,False,32,1,3,21387.82,21239.26,21439.60,1,1.000,False,8.4,firefox-sqlcipher-sqlcipher-tcache.jsonl
firefox,sqlcipher-tcache,sqlcipher_shared,False,own_connection,keyed_open,False,32,16,3,1390.80,1389.78,1524.98,23,15.378,False,6.7,firefox-sqlcipher-sqlcipher-tcache.jsonl
firefox,sqlcipher-tcache,sqlcipher_shared,False,own_connection,keyed_open,False,32,2,3,10636.56,10619.16,10721.22,3,2.011,False,6.5,firefox-sqlcipher-sqlcipher-tcache.jsonl
firefox,sqlcipher-tcache,sqlcipher_shared,False,own_connection,keyed_open,False,32,32,3,790.50,771.06,879.46,40,27.056,False,8.8,firefox-sqlcipher-sqlcipher-tcache.jsonl
firefox,sqlcipher-tcache,sqlcipher_shared,False,own_connection,keyed_open,False,32,4,3,5581.76,5469.54,5626.76,6,3.832,False,5.7,firefox-sqlcipher-sqlcipher-tcache.jsonl
firefox,sqlcipher-tcache,sqlcipher_shared,False,own_connection,keyed_open,False,32,8,3,2762.84,2717.98,2794.34,12,7.741,False,5.8,firefox-sqlcipher-sqlcipher-tcache.jsonl
firefox,tcache,memory_per_worker,False,own_connection,fts,False,3200,1,7,155.92,155.34,156.08,20523,1.000,False,11.8,firefox-tcache.jsonl
firefox,tcache,memory_per_worker,False,own_connection,fts,False,3200,16,7,65.48,63.56,67.66,48870,2.381,False,11.8,firefox-tcache.jsonl
firefox,tcache,memory_per_worker,False,own_connection,fts,False,3200,2,7,89.78,86.14,94.44,35643,1.737,False,11.8,firefox-tcache.jsonl
firefox,tcache,memory_per_worker,False,own_connection,fts,False,3200,32,7,80.84,80.08,82.20,39584,1.929,False,11.8,firefox-tcache.jsonl
firefox,tcache,memory_per_worker,False,own_connection,fts,False,3200,4,7,60.34,53.64,61.66,53033,2.584,False,11.8,firefox-tcache.jsonl
firefox,tcache,memory_per_worker,False,own_connection,fts,False,3200,8,7,63.24,61.92,66.94,50601,2.466,False,11.8,firefox-tcache.jsonl
firefox,tcache,memory_per_worker,False,own_connection,fts,True,3200,1,7,159.88,152.52,165.18,20015,1.000,False,11.9,firefox-tcache.jsonl
firefox,tcache,memory_per_worker,False,own_connection,fts,True,3200,16,7,68.66,67.10,70.64,46607,2.329,False,11.9,firefox-tcache.jsonl
firefox,tcache,memory_per_worker,False,own_connection,fts,True,3200,2,7,94.68,83.74,106.76,33798,1.689,False,11.9,firefox-tcache.jsonl
firefox,tcache,memory_per_worker,False,own_connection,fts,True,3200,32,7,80.66,78.80,81.50,39673,1.982,False,11.9,firefox-tcache.jsonl
firefox,tcache,memory_per_worker,False,own_connection,fts,True,3200,4,7,64.10,58.82,66.50,49922,2.494,False,11.9,firefox-tcache.jsonl
firefox,tcache,memory_per_worker,False,own_connection,fts,True,3200,8,7,60.08,55.82,67.16,53262,2.661,False,11.9,firefox-tcache.jsonl
firefox,tcache,memory_per_worker,False,own_connection,insert,False,9600,1,7,364.44,357.86,367.18,26342,1.000,False,11.7,firefox-tcache.jsonl
firefox,tcache,memory_per_worker,False,own_connection,insert,False,9600,16,7,97.60,92.14,101.54,98360,3.734,False,11.7,firefox-tcache.jsonl
firefox,tcache,memory_per_worker,False,own_connection,insert,False,9600,2,7,178.52,178.16,181.48,53775,2.041,False,11.7,firefox-tcache.jsonl
firefox,tcache,memory_per_worker,False,own_connection,insert,False,9600,32,7,120.50,115.74,122.06,79668,3.024,False,11.7,firefox-tcache.jsonl
firefox,tcache,memory_per_worker,False,own_connection,insert,False,9600,4,7,106.84,103.56,117.10,89854,3.411,False,11.7,firefox-tcache.jsonl
firefox,tcache,memory_per_worker,False,own_connection,insert,False,9600,8,7,86.64,80.52,90.26,110803,4.206,False,11.7,firefox-tcache.jsonl
firefox,tcache,memory_per_worker,False,own_connection,mix,False,160000,1,7,201.78,199.36,202.96,792944,1.000,False,11.7,firefox-tcache.jsonl
firefox,tcache,memory_per_worker,False,own_connection,mix,False,160000,16,7,166.06,157.66,177.02,963507,1.215,False,11.4,firefox-tcache.jsonl
firefox,tcache,memory_per_worker,False,own_connection,mix,False,160000,2,7,123.26,118.34,134.10,1298069,1.637,False,11.7,firefox-tcache.jsonl
firefox,tcache,memory_per_worker,False,own_connection,mix,False,160000,32,7,199.10,195.52,201.30,803616,1.013,False,11.4,firefox-tcache.jsonl
firefox,tcache,memory_per_worker,False,own_connection,mix,False,160000,4,7,116.10,111.36,124.36,1378121,1.738,False,11.4,firefox-tcache.jsonl
firefox,tcache,memory_per_worker,False,own_connection,mix,False,160000,8,7,145.88,130.66,157.38,1096791,1.383,False,11.4,firefox-tcache.jsonl
firefox,tcache,memory_per_worker,False,own_connection,point,False,256000,1,7,274.92,272.36,286.04,931180,1.000,False,62.9,firefox-tcache.jsonl
firefox,tcache,memory_per_worker,False,own_connection,point,False,256000,16,7,122.88,121.32,123.98,2083331,2.237,False,59.9,firefox-tcache.jsonl
firefox,tcache,memory_per_worker,False,own_connection,point,False,256000,2,7,153.12,149.80,160.52,1671890,1.795,False,59.9,firefox-tcache.jsonl
firefox,tcache,memory_per_worker,False,own_connection,point,False,256000,32,7,129.30,128.02,131.42,1979891,2.126,False,59.9,firefox-tcache.jsonl
firefox,tcache,memory_per_worker,False,own_connection,point,False,256000,4,7,105.92,97.66,108.98,2416915,2.596,False,59.9,firefox-tcache.jsonl
firefox,tcache,memory_per_worker,False,own_connection,point,False,256000,8,7,116.36,113.12,117.56,2200067,2.363,False,59.9,firefox-tcache.jsonl
firefox,tcache,memory_per_worker,False,own_connection,point,True,256000,1,7,219.46,194.32,222.90,1166500,1.000,False,57.0,firefox-tcache.jsonl
firefox,tcache,memory_per_worker,False,own_connection,point,True,256000,16,7,22.22,21.38,22.80,11521167,9.877,False,57.0,firefox-tcache.jsonl
firefox,tcache,memory_per_worker,False,own_connection,point,True,256000,2,7,103.12,101.78,104.46,2482548,2.128,False,57.0,firefox-tcache.jsonl
firefox,tcache,memory_per_worker,False,own_connection,point,True,256000,32,7,14.62,13.58,15.60,17510120,15.011,False,57.0,firefox-tcache.jsonl
firefox,tcache,memory_per_worker,False,own_connection,point,True,256000,4,7,57.78,56.24,72.80,4430597,3.798,False,57.0,firefox-tcache.jsonl
firefox,tcache,memory_per_worker,False,own_connection,point,True,256000,8,7,29.28,28.52,35.18,8743161,7.495,False,57.0,firefox-tcache.jsonl
firefox,tcache,memory_per_worker,False,own_connection,range,False,4800,1,7,330.74,323.78,341.76,14513,1.000,False,57.0,firefox-tcache.jsonl
firefox,tcache,memory_per_worker,False,own_connection,range,False,4800,16,7,30.74,30.02,31.26,156148,10.759,False,53.9,firefox-tcache.jsonl
firefox,tcache,memory_per_worker,False,own_connection,range,False,4800,2,7,169.90,166.76,170.56,28252,1.947,False,53.9,firefox-tcache.jsonl
firefox,tcache,memory_per_worker,False,own_connection,range,False,4800,32,7,16.52,16.04,19.00,290557,20.021,False,53.9,firefox-tcache.jsonl
firefox,tcache,memory_per_worker,False,own_connection,range,False,4800,4,7,89.22,85.34,89.72,53800,3.707,False,53.9,firefox-tcache.jsonl
firefox,tcache,memory_per_worker,False,own_connection,range,False,4800,8,7,46.30,44.60,51.92,103672,7.143,False,53.9,firefox-tcache.jsonl
firefox,tcache,memory_per_worker,False,own_connection,range,True,4800,1,7,328.70,328.14,329.10,14603,1.000,False,51.0,firefox-tcache.jsonl
firefox,tcache,memory_per_worker,False,own_connection,range,True,4800,16,7,24.64,23.40,27.24,194806,13.340,False,51.0,firefox-tcache.jsonl
firefox,tcache,memory_per_worker,False,own_connection,range,True,4800,2,7,167.68,164.86,168.10,28626,1.960,False,51.0,firefox-tcache.jsonl
firefox,tcache,memory_per_worker,False,own_connection,range,True,4800,32,7,19.12,17.30,20.30,251044,17.191,False,51.0,firefox-tcache.jsonl
firefox,tcache,memory_per_worker,False,own_connection,range,True,4800,4,7,83.90,82.48,86.84,57211,3.918,False,51.0,firefox-tcache.jsonl
firefox,tcache,memory_per_worker,False,own_connection,range,True,4800,8,7,43.08,42.38,44.36,111420,7.630,False,51.0,firefox-tcache.jsonl
firefox,tcache,memory_per_worker,False,own_connection,scan,False,32,1,7,3493.54,3298.38,3527.66,9,1.000,False,43.0,firefox-tcache.jsonl
firefox,tcache,memory_per_worker,False,own_connection,scan,False,32,16,7,6863.68,6789.38,7085.90,5,0.509,False,14.3,firefox-tcache.jsonl
firefox,tcache,memory_per_worker,False,own_connection,scan,False,32,2,7,3889.66,3666.50,3991.94,8,0.898,False,30.2,firefox-tcache.jsonl
firefox,tcache,memory_per_worker,False,own_connection,scan,False,32,32,7,7571.76,7447.72,7589.54,4,0.461,False,14.8,firefox-tcache.jsonl
firefox,tcache,memory_per_worker,False,own_connection,scan,False,32,4,7,6262.12,5959.78,6933.36,5,0.558,False,24.3,firefox-tcache.jsonl
firefox,tcache,memory_per_worker,False,own_connection,scan,False,32,8,7,6374.56,6207.08,6533.20,5,0.548,False,19.1,firefox-tcache.jsonl
firefox,tcache,memory_per_worker,False,own_connection,sort,False,3200,1,7,868.34,863.62,880.72,3685,1.000,False,12.2,firefox-tcache.jsonl
firefox,tcache,memory_per_worker,False,own_connection,sort,False,3200,16,7,73.10,71.16,74.10,43776,11.879,False,11.7,firefox-tcache.jsonl
firefox,tcache,memory_per_worker,False,own_connection,sort,False,3200,2,7,451.28,444.16,453.20,7091,1.924,False,11.6,firefox-tcache.jsonl
firefox,tcache,memory_per_worker,False,own_connection,sort,False,3200,32,7,41.30,40.92,42.00,77482,21.025,False,11.7,firefox-tcache.jsonl
firefox,tcache,memory_per_worker,False,own_connection,sort,False,3200,4,7,234.08,232.50,247.16,13671,3.710,False,11.6,firefox-tcache.jsonl
firefox,tcache,memory_per_worker,False,own_connection,sort,False,3200,8,7,124.22,121.48,124.90,25761,6.990,False,11.6,firefox-tcache.jsonl
firefox,tcache,memory_per_worker,False,own_connection,sort,True,3200,1,7,875.98,862.00,899.50,3653,1.000,False,11.1,firefox-tcache.jsonl
firefox,tcache,memory_per_worker,False,own_connection,sort,True,3200,16,7,68.82,68.20,74.18,46498,12.729,False,11.8,firefox-tcache.jsonl
firefox,tcache,memory_per_worker,False,own_connection,sort,True,3200,2,7,451.10,445.44,457.36,7094,1.942,False,10.9,firefox-tcache.jsonl
firefox,tcache,memory_per_worker,False,own_connection,sort,True,3200,32,7,41.12,40.64,42.08,77821,21.303,False,11.8,firefox-tcache.jsonl
firefox,tcache,memory_per_worker,False,own_connection,sort,True,3200,4,7,232.86,231.46,238.56,13742,3.762,False,10.9,firefox-tcache.jsonl
firefox,tcache,memory_per_worker,False,own_connection,sort,True,3200,8,7,124.40,123.50,129.78,25723,7.042,False,10.9,firefox-tcache.jsonl
firefox,tcache,memvfs_per_worker,False,own_connection,fts,False,3200,1,7,233.68,168.76,278.74,13694,1.000,False,78.0,firefox-tcache.jsonl
firefox,tcache,memvfs_per_worker,False,own_connection,fts,False,3200,16,7,76.38,74.42,78.44,41896,3.059,False,78.0,firefox-tcache.jsonl
firefox,tcache,memvfs_per_worker,False,own_connection,fts,False,3200,2,7,98.28,87.44,136.54,32560,2.378,False,78.0,firefox-tcache.jsonl
firefox,tcache,memvfs_per_worker,False,own_connection,fts,False,3200,32,7,86.96,84.54,87.80,36799,2.687,False,78.0,firefox-tcache.jsonl
firefox,tcache,memvfs_per_worker,False,own_connection,fts,False,3200,4,7,86.86,86.24,86.98,36841,2.690,False,78.0,firefox-tcache.jsonl
firefox,tcache,memvfs_per_worker,False,own_connection,fts,False,3200,8,7,72.56,66.50,75.82,44101,3.221,False,78.0,firefox-tcache.jsonl
firefox,tcache,memvfs_per_worker,False,own_connection,fts,True,3200,1,7,153.96,151.28,156.60,20785,1.000,False,74.8,firefox-tcache.jsonl
firefox,tcache,memvfs_per_worker,False,own_connection,fts,True,3200,16,7,73.44,71.76,75.68,43573,2.096,False,74.8,firefox-tcache.jsonl
firefox,tcache,memvfs_per_worker,False,own_connection,fts,True,3200,2,7,83.28,78.30,88.58,38425,1.849,False,74.8,firefox-tcache.jsonl
firefox,tcache,memvfs_per_worker,False,own_connection,fts,True,3200,32,7,82.32,80.76,84.04,38873,1.870,False,74.8,firefox-tcache.jsonl
firefox,tcache,memvfs_per_worker,False,own_connection,fts,True,3200,4,7,64.02,63.10,64.32,49984,2.405,False,74.8,firefox-tcache.jsonl
firefox,tcache,memvfs_per_worker,False,own_connection,fts,True,3200,8,7,63.26,60.62,65.26,50585,2.434,False,74.8,firefox-tcache.jsonl
firefox,tcache,memvfs_per_worker,False,own_connection,insert,False,9600,1,7,450.60,407.96,645.84,21305,1.000,False,70.4,firefox-tcache.jsonl
firefox,tcache,memvfs_per_worker,False,own_connection,insert,False,9600,16,7,70.60,68.04,72.74,135977,6.382,False,67.0,firefox-tcache.jsonl
firefox,tcache,memvfs_per_worker,False,own_connection,insert,False,9600,2,7,211.94,209.62,223.56,45296,2.126,False,70.4,firefox-tcache.jsonl
firefox,tcache,memvfs_per_worker,False,own_connection,insert,False,9600,32,7,85.26,83.72,87.32,112597,5.285,False,67.0,firefox-tcache.jsonl
firefox,tcache,memvfs_per_worker,False,own_connection,insert,False,9600,4,7,108.48,108.26,129.48,88496,4.154,False,67.0,firefox-tcache.jsonl
firefox,tcache,memvfs_per_worker,False,own_connection,insert,False,9600,8,7,71.38,68.68,75.04,134491,6.313,False,67.0,firefox-tcache.jsonl
firefox,tcache,memvfs_per_worker,False,own_connection,mix,False,160000,1,7,435.88,412.90,440.84,367073,1.000,False,63.3,firefox-tcache.jsonl
firefox,tcache,memvfs_per_worker,False,own_connection,mix,False,160000,16,7,336.44,314.60,345.58,475568,1.296,False,60.1,firefox-tcache.jsonl
firefox,tcache,memvfs_per_worker,False,own_connection,mix,False,160000,2,7,240.66,228.72,311.42,664838,1.811,False,63.3,firefox-tcache.jsonl
firefox,tcache,memvfs_per_worker,False,own_connection,mix,False,160000,32,7,364.02,360.70,371.08,439536,1.197,False,56.8,firefox-tcache.jsonl
firefox,tcache,memvfs_per_worker,False,own_connection,mix,False,160000,4,7,261.72,174.02,268.64,611340,1.665,False,63.3,firefox-tcache.jsonl
firefox,tcache,memvfs_per_worker,False,own_connection,mix,False,160000,8,7,272.96,269.68,287.02,586167,1.597,False,60.1,firefox-tcache.jsonl
firefox,tcache,memvfs_per_worker,False,own_connection,point,False,256000,1,7,476.60,471.68,486.74,537138,1.000,False,16.8,firefox-tcache.jsonl
firefox,tcache,memvfs_per_worker,False,own_connection,point,False,256000,16,7,324.08,315.66,328.08,789928,1.471,False,17.6,firefox-tcache.jsonl
firefox,tcache,memvfs_per_worker,False,own_connection,point,False,256000,2,7,309.52,297.56,314.66,827087,1.540,False,16.8,firefox-tcache.jsonl
firefox,tcache,memvfs_per_worker,False,own_connection,point,False,256000,32,7,363.92,360.24,366.28,703451,1.310,False,17.6,firefox-tcache.jsonl
firefox,tcache,memvfs_per_worker,False,own_connection,point,False,256000,4,7,260.68,252.82,274.36,982047,1.828,False,17.1,firefox-tcache.jsonl
firefox,tcache,memvfs_per_worker,False,own_connection,point,False,256000,8,7,295.08,277.50,315.54,867562,1.615,False,17.1,firefox-tcache.jsonl
firefox,tcache,memvfs_per_worker,False,own_connection,point,True,256000,1,7,222.30,219.84,223.88,1151597,1.000,False,17.2,firefox-tcache.jsonl
firefox,tcache,memvfs_per_worker,False,own_connection,point,True,256000,16,7,19.10,18.68,20.08,13403073,11.639,False,17.2,firefox-tcache.jsonl
firefox,tcache,memvfs_per_worker,False,own_connection,point,True,256000,2,7,117.06,112.70,118.52,2186912,1.899,False,17.2,firefox-tcache.jsonl
firefox,tcache,memvfs_per_worker,False,own_connection,point,True,256000,32,7,12.68,12.54,13.14,20188995,17.531,False,17.2,firefox-tcache.jsonl
firefox,tcache,memvfs_per_worker,False,own_connection,point,True,256000,4,7,61.02,56.76,63.84,4195344,3.643,False,17.2,firefox-tcache.jsonl
firefox,tcache,memvfs_per_worker,False,own_connection,point,True,256000,8,7,30.20,28.24,34.16,8476835,7.361,False,17.2,firefox-tcache.jsonl
firefox,tcache,memvfs_per_worker,False,own_connection,range,False,4800,1,7,306.20,305.24,316.26,15676,1.000,False,16.6,firefox-tcache.jsonl
firefox,tcache,memvfs_per_worker,False,own_connection,range,False,4800,16,7,29.28,27.56,30.74,163934,10.458,False,16.6,firefox-tcache.jsonl
firefox,tcache,memvfs_per_worker,False,own_connection,range,False,4800,2,7,171.30,162.90,175.90,28021,1.788,False,16.6,firefox-tcache.jsonl
firefox,tcache,memvfs_per_worker,False,own_connection,range,False,4800,32,7,16.10,15.90,17.34,298135,19.019,False,16.6,firefox-tcache.jsonl
firefox,tcache,memvfs_per_worker,False,own_connection,range,False,4800,4,7,85.58,81.78,89.22,56088,3.578,False,16.6,firefox-tcache.jsonl
firefox,tcache,memvfs_per_worker,False,own_connection,range,False,4800,8,7,45.06,44.20,48.56,106524,6.795,False,16.6,firefox-tcache.jsonl
firefox,tcache,memvfs_per_worker,False,own_connection,range,True,4800,1,7,309.82,308.58,313.88,15493,1.000,False,16.3,firefox-tcache.jsonl
firefox,tcache,memvfs_per_worker,False,own_connection,range,True,4800,16,7,28.60,28.36,29.92,167832,10.833,False,16.3,firefox-tcache.jsonl
firefox,tcache,memvfs_per_worker,False,own_connection,range,True,4800,2,7,157.88,154.86,160.14,30403,1.962,False,16.3,firefox-tcache.jsonl
firefox,tcache,memvfs_per_worker,False,own_connection,range,True,4800,32,7,16.96,16.14,18.28,283020,18.268,False,17.5,firefox-tcache.jsonl
firefox,tcache,memvfs_per_worker,False,own_connection,range,True,4800,4,7,86.70,78.58,96.64,55363,3.573,False,16.3,firefox-tcache.jsonl
firefox,tcache,memvfs_per_worker,False,own_connection,range,True,4800,8,7,51.80,49.64,55.38,92664,5.981,False,16.3,firefox-tcache.jsonl
firefox,tcache,memvfs_per_worker,False,own_connection,scan,False,32,1,7,3015.70,2931.56,3195.52,11,1.000,False,15.9,firefox-tcache.jsonl
firefox,tcache,memvfs_per_worker,False,own_connection,scan,False,32,16,7,6698.34,6664.74,6996.26,5,0.450,False,10.8,firefox-tcache.jsonl
firefox,tcache,memvfs_per_worker,False,own_connection,scan,False,32,2,7,4296.34,4089.30,4365.08,7,0.702,False,13.7,firefox-tcache.jsonl
firefox,tcache,memvfs_per_worker,False,own_connection,scan,False,32,32,7,7303.46,7269.32,7411.30,4,0.413,False,12.4,firefox-tcache.jsonl
firefox,tcache,memvfs_per_worker,False,own_connection,scan,False,32,4,7,5909.98,5762.16,6035.42,5,0.510,False,11.1,firefox-tcache.jsonl
firefox,tcache,memvfs_per_worker,False,own_connection,scan,False,32,8,7,6255.70,5912.54,6509.72,5,0.482,False,11.8,firefox-tcache.jsonl
firefox,tcache,memvfs_per_worker,False,own_connection,sort,False,3200,1,7,1187.48,1148.30,1243.20,2695,1.000,False,67.5,firefox-tcache.jsonl
firefox,tcache,memvfs_per_worker,False,own_connection,sort,False,3200,16,7,162.14,150.42,180.92,19736,7.324,False,89.4,firefox-tcache.jsonl
firefox,tcache,memvfs_per_worker,False,own_connection,sort,False,3200,2,7,610.52,599.94,624.98,5241,1.945,False,80.2,firefox-tcache.jsonl
firefox,tcache,memvfs_per_worker,False,own_connection,sort,False,3200,32,7,150.38,149.18,183.52,21279,7.897,False,89.4,firefox-tcache.jsonl
firefox,tcache,memvfs_per_worker,False,own_connection,sort,False,3200,4,7,323.06,319.78,342.52,9905,3.676,False,86.9,firefox-tcache.jsonl
firefox,tcache,memvfs_per_worker,False,own_connection,sort,False,3200,8,7,243.96,231.32,250.84,13117,4.868,False,89.4,firefox-tcache.jsonl
firefox,tcache,memvfs_per_worker,False,own_connection,sort,True,3200,1,7,1239.68,1187.96,1257.54,2581,1.000,False,86.6,firefox-tcache.jsonl
firefox,tcache,memvfs_per_worker,False,own_connection,sort,True,3200,16,7,87.88,84.18,90.16,36413,14.106,False,81.7,firefox-tcache.jsonl
firefox,tcache,memvfs_per_worker,False,own_connection,sort,True,3200,2,7,633.10,630.34,649.32,5054,1.958,False,84.2,firefox-tcache.jsonl
firefox,tcache,memvfs_per_worker,False,own_connection,sort,True,3200,32,7,65.10,63.40,68.52,49155,19.043,False,81.7,firefox-tcache.jsonl
firefox,tcache,memvfs_per_worker,False,own_connection,sort,True,3200,4,7,314.92,313.38,317.88,10161,3.936,False,81.7,firefox-tcache.jsonl
firefox,tcache,memvfs_per_worker,False,own_connection,sort,True,3200,8,7,162.50,161.26,164.34,19692,7.629,False,81.7,firefox-tcache.jsonl
firefox,tcache,memvfs_shared,False,own_connection,fts,False,3200,1,7,158.74,157.82,159.60,20159,1.000,False,9.7,firefox-tcache.jsonl
firefox,tcache,memvfs_shared,False,own_connection,fts,False,3200,16,7,69.14,68.54,72.82,46283,2.296,False,9.5,firefox-tcache.jsonl
firefox,tcache,memvfs_shared,False,own_connection,fts,False,3200,2,7,89.20,82.92,94.30,35874,1.780,False,9.5,firefox-tcache.jsonl
firefox,tcache,memvfs_shared,False,own_connection,fts,False,3200,32,7,87.28,83.04,95.44,36663,1.819,False,9.5,firefox-tcache.jsonl
firefox,tcache,memvfs_shared,False,own_connection,fts,False,3200,4,7,62.44,58.76,62.70,51249,2.542,False,9.5,firefox-tcache.jsonl
firefox,tcache,memvfs_shared,False,own_connection,fts,False,3200,8,7,64.84,62.68,65.94,49352,2.448,False,9.5,firefox-tcache.jsonl
firefox,tcache,memvfs_shared,False,own_connection,fts,True,3200,1,7,163.80,157.78,167.16,19536,1.000,False,9.5,firefox-tcache.jsonl
firefox,tcache,memvfs_shared,False,own_connection,fts,True,3200,16,7,64.80,60.46,66.78,49383,2.528,False,9.2,firefox-tcache.jsonl
firefox,tcache,memvfs_shared,False,own_connection,fts,True,3200,2,7,81.62,79.70,83.22,39206,2.007,False,9.5,firefox-tcache.jsonl
firefox,tcache,memvfs_shared,False,own_connection,fts,True,3200,32,7,79.80,78.08,83.24,40100,2.053,False,9.2,firefox-tcache.jsonl
firefox,tcache,memvfs_shared,False,own_connection,fts,True,3200,4,7,60.88,55.70,63.28,52562,2.691,False,9.2,firefox-tcache.jsonl
firefox,tcache,memvfs_shared,False,own_connection,fts,True,3200,8,7,58.20,57.44,60.88,54983,2.814,False,9.2,firefox-tcache.jsonl
firefox,tcache,memvfs_shared,False,own_connection,insert,False,9600,1,7,409.90,408.02,415.98,23420,1.000,False,9.2,firefox-tcache.jsonl
firefox,tcache,memvfs_shared,False,own_connection,insert,False,9600,16,7,1262.00,1260.84,1361.38,7607,0.325,False,14.0,firefox-tcache.jsonl
firefox,tcache,memvfs_shared,False,own_connection,insert,False,9600,2,7,437.02,428.58,437.34,21967,0.938,False,8.8,firefox-tcache.jsonl
firefox,tcache,memvfs_shared,False,own_connection,insert,False,9600,32,7,2648.26,2547.18,2648.92,3625,0.155,False,16.6,firefox-tcache.jsonl
firefox,tcache,memvfs_shared,False,own_connection,insert,False,9600,4,7,630.42,543.00,631.92,15228,0.650,False,8.5,firefox-tcache.jsonl
firefox,tcache,memvfs_shared,False,own_connection,insert,False,9600,8,7,786.34,784.76,791.46,12208,0.521,False,8.0,firefox-tcache.jsonl
firefox,tcache,memvfs_shared,False,own_connection,mix,False,160000,1,7,409.98,403.26,416.04,390263,1.000,False,16.2,firefox-tcache.jsonl
firefox,tcache,memvfs_shared,False,own_connection,mix,False,160000,16,7,2203.34,1963.66,2469.78,72617,0.186,False,14.8,firefox-tcache.jsonl
firefox,tcache,memvfs_shared,False,own_connection,mix,False,160000,2,7,796.42,719.78,834.92,200899,0.515,False,16.6,firefox-tcache.jsonl
firefox,tcache,memvfs_shared,False,own_connection,mix,False,160000,32,7,4086.52,3325.96,4279.76,39153,0.100,False,16.0,firefox-tcache.jsonl
firefox,tcache,memvfs_shared,False,own_connection,mix,False,160000,4,7,983.32,945.62,1099.56,162714,0.417,False,16.2,firefox-tcache.jsonl
firefox,tcache,memvfs_shared,False,own_connection,mix,False,160000,8,7,1528.84,1192.22,1659.20,104655,0.268,False,16.0,firefox-tcache.jsonl
firefox,tcache,memvfs_shared,False,own_connection,point,False,256000,1,7,467.16,456.88,471.88,547992,1.000,False,11.1,firefox-tcache.jsonl
firefox,tcache,memvfs_shared,False,own_connection,point,False,256000,16,7,624.80,578.28,637.62,409731,0.748,False,12.1,firefox-tcache.jsonl
firefox,tcache,memvfs_shared,False,own_connection,point,False,256000,2,7,347.20,327.44,508.84,737327,1.346,False,11.1,firefox-tcache.jsonl
firefox,tcache,memvfs_shared,False,own_connection,point,False,256000,32,7,678.50,675.62,687.40,377303,0.689,False,13.0,firefox-tcache.jsonl
firefox,tcache,memvfs_shared,False,own_connection,point,False,256000,4,7,377.88,280.08,426.06,677464,1.236,False,11.5,firefox-tcache.jsonl
firefox,tcache,memvfs_shared,False,own_connection,point,False,256000,8,7,516.44,435.68,526.96,495701,0.905,False,11.8,firefox-tcache.jsonl
firefox,tcache,memvfs_shared,False,own_connection,point,True,256000,1,7,226.68,211.48,235.78,1129346,1.000,False,13.0,firefox-tcache.jsonl
firefox,tcache,memvfs_shared,False,own_connection,point,True,256000,16,7,19.86,18.42,23.54,12890162,11.414,False,13.0,firefox-tcache.jsonl
firefox,tcache,memvfs_shared,False,own_connection,point,True,256000,2,7,110.74,109.38,113.14,2311721,2.047,False,13.0,firefox-tcache.jsonl
firefox,tcache,memvfs_shared,False,own_connection,point,True,256000,32,7,12.12,11.42,12.92,21121908,18.703,False,13.0,firefox-tcache.jsonl
firefox,tcache,memvfs_shared,False,own_connection,point,True,256000,4,7,59.50,57.12,60.58,4302521,3.810,False,13.0,firefox-tcache.jsonl
firefox,tcache,memvfs_shared,False,own_connection,point,True,256000,8,7,36.14,31.34,37.86,7083585,6.272,False,13.0,firefox-tcache.jsonl
firefox,tcache,memvfs_shared,False,own_connection,range,False,4800,1,7,315.54,304.74,320.68,15212,1.000,False,13.0,firefox-tcache.jsonl
firefox,tcache,memvfs_shared,False,own_connection,range,False,4800,16,7,30.04,29.40,30.52,159788,10.504,False,13.4,firefox-tcache.jsonl
firefox,tcache,memvfs_shared,False,own_connection,range,False,4800,2,7,161.76,158.22,167.22,29674,1.951,False,13.4,firefox-tcache.jsonl
firefox,tcache,memvfs_shared,False,own_connection,range,False,4800,32,7,17.24,16.86,18.16,278418,18.303,False,13.4,firefox-tcache.jsonl
firefox,tcache,memvfs_shared,False,own_connection,range,False,4800,4,7,97.38,88.64,99.08,49291,3.240,False,13.4,firefox-tcache.jsonl
firefox,tcache,memvfs_shared,False,own_connection,range,False,4800,8,7,53.94,50.80,57.84,88987,5.850,False,13.4,firefox-tcache.jsonl
firefox,tcache,memvfs_shared,False,own_connection,range,True,4800,1,7,319.18,307.48,329.38,15039,1.000,False,13.4,firefox-tcache.jsonl
firefox,tcache,memvfs_shared,False,own_connection,range,True,4800,16,7,30.08,28.32,30.42,159574,10.611,False,13.2,firefox-tcache.jsonl
firefox,tcache,memvfs_shared,False,own_connection,range,True,4800,2,7,159.18,155.00,164.34,30155,2.005,False,13.2,firefox-tcache.jsonl
firefox,tcache,memvfs_shared,False,own_connection,range,True,4800,32,7,16.38,16.06,17.16,293038,19.486,False,13.2,firefox-tcache.jsonl
firefox,tcache,memvfs_shared,False,own_connection,range,True,4800,4,7,93.50,86.56,97.14,51337,3.414,False,13.2,firefox-tcache.jsonl
firefox,tcache,memvfs_shared,False,own_connection,range,True,4800,8,7,47.92,46.64,51.20,100167,6.661,False,13.2,firefox-tcache.jsonl
firefox,tcache,memvfs_shared,False,own_connection,scan,False,32,1,7,2204.86,2186.00,2235.96,15,1.000,False,12.5,firefox-tcache.jsonl
firefox,tcache,memvfs_shared,False,own_connection,scan,False,32,16,7,6774.14,6477.66,6907.44,5,0.325,False,13.1,firefox-tcache.jsonl
firefox,tcache,memvfs_shared,False,own_connection,scan,False,32,2,7,3650.36,3538.84,3760.06,9,0.604,False,10.7,firefox-tcache.jsonl
firefox,tcache,memvfs_shared,False,own_connection,scan,False,32,32,7,7247.58,7113.20,7342.50,4,0.304,False,11.7,firefox-tcache.jsonl
firefox,tcache,memvfs_shared,False,own_connection,scan,False,32,4,7,5368.86,5018.52,5471.12,6,0.411,False,9.4,firefox-tcache.jsonl
firefox,tcache,memvfs_shared,False,own_connection,scan,False,32,8,7,5866.66,5702.60,5958.58,5,0.376,False,9.5,firefox-tcache.jsonl
firefox,tcache,memvfs_shared,False,own_connection,sort,False,3200,1,7,851.12,843.86,855.04,3760,1.000,False,11.4,firefox-tcache.jsonl
firefox,tcache,memvfs_shared,False,own_connection,sort,False,3200,16,7,64.58,61.32,70.70,49551,13.179,False,10.9,firefox-tcache.jsonl
firefox,tcache,memvfs_shared,False,own_connection,sort,False,3200,2,7,442.78,425.02,458.30,7227,1.922,False,11.2,firefox-tcache.jsonl
firefox,tcache,memvfs_shared,False,own_connection,sort,False,3200,32,7,44.32,42.62,47.12,72202,19.204,False,10.9,firefox-tcache.jsonl
firefox,tcache,memvfs_shared,False,own_connection,sort,False,3200,4,7,224.02,219.72,225.94,14284,3.799,False,10.9,firefox-tcache.jsonl
firefox,tcache,memvfs_shared,False,own_connection,sort,False,3200,8,7,118.86,116.48,124.34,26922,7.161,False,10.9,firefox-tcache.jsonl
firefox,tcache,memvfs_shared,False,own_connection,sort,True,3200,1,7,838.34,836.60,878.18,3817,1.000,False,10.5,firefox-tcache.jsonl
firefox,tcache,memvfs_shared,False,own_connection,sort,True,3200,16,7,66.02,59.28,68.84,48470,12.698,False,9.7,firefox-tcache.jsonl
firefox,tcache,memvfs_shared,False,own_connection,sort,True,3200,2,7,429.80,422.40,435.56,7445,1.951,False,10.1,firefox-tcache.jsonl
firefox,tcache,memvfs_shared,False,own_connection,sort,True,3200,32,7,41.92,40.72,42.44,76336,19.999,False,9.7,firefox-tcache.jsonl
firefox,tcache,memvfs_shared,False,own_connection,sort,True,3200,4,7,225.40,214.42,230.76,14197,3.719,False,9.7,firefox-tcache.jsonl
firefox,tcache,memvfs_shared,False,own_connection,sort,True,3200,8,7,117.64,112.92,118.72,27202,7.126,False,9.7,firefox-tcache.jsonl
firefox,threadsafe,memory_per_worker,False,own_connection,fts,False,3200,1,7,161.36,159.22,164.86,19831,1.000,False,12.5,firefox-threadsafe-a.jsonl
firefox,threadsafe,memory_per_worker,False,own_connection,fts,False,3200,16,7,130.92,126.04,139.68,24442,1.233,False,12.6,firefox-threadsafe-a.jsonl
firefox,threadsafe,memory_per_worker,False,own_connection,fts,False,3200,2,7,93.48,92.74,113.54,34232,1.726,False,12.5,firefox-threadsafe-a.jsonl
firefox,threadsafe,memory_per_worker,False,own_connection,fts,False,3200,32,7,157.78,154.94,159.18,20281,1.023,False,12.6,firefox-threadsafe-a.jsonl
firefox,threadsafe,memory_per_worker,False,own_connection,fts,False,3200,4,7,91.02,73.10,117.78,35157,1.773,False,12.5,firefox-threadsafe-a.jsonl
firefox,threadsafe,memory_per_worker,False,own_connection,fts,False,3200,8,7,115.34,105.48,118.26,27744,1.399,False,12.6,firefox-threadsafe-a.jsonl
firefox,threadsafe,memory_per_worker,False,own_connection,fts,True,3200,1,7,166.58,157.42,172.64,19210,1.000,False,12.6,firefox-threadsafe-a.jsonl
firefox,threadsafe,memory_per_worker,False,own_connection,fts,True,3200,16,7,125.00,119.62,131.96,25600,1.333,False,12.6,firefox-threadsafe-a.jsonl
firefox,threadsafe,memory_per_worker,False,own_connection,fts,True,3200,2,7,98.06,89.48,113.90,32633,1.699,False,12.6,firefox-threadsafe-a.jsonl
firefox,threadsafe,memory_per_worker,False,own_connection,fts,True,3200,32,7,156.92,152.80,158.72,20393,1.062,False,12.6,firefox-threadsafe-a.jsonl
firefox,threadsafe,memory_per_worker,False,own_connection,fts,True,3200,4,7,116.70,74.84,120.46,27421,1.427,False,12.6,firefox-threadsafe-a.jsonl
firefox,threadsafe,memory_per_worker,False,own_connection,fts,True,3200,8,7,120.20,115.68,126.76,26622,1.386,False,12.6,firefox-threadsafe-a.jsonl
firefox,threadsafe,memory_per_worker,False,own_connection,insert,False,9600,1,7,372.24,361.56,381.10,25790,1.000,False,12.7,firefox-threadsafe-a.jsonl
firefox,threadsafe,memory_per_worker,False,own_connection,insert,False,9600,16,7,193.16,179.26,199.38,49700,1.927,False,12.8,firefox-threadsafe-a.jsonl
firefox,threadsafe,memory_per_worker,False,own_connection,insert,False,9600,2,7,205.10,194.00,217.92,46806,1.815,False,12.7,firefox-threadsafe-a.jsonl
firefox,threadsafe,memory_per_worker,False,own_connection,insert,False,9600,32,7,235.80,231.80,238.20,40712,1.579,False,12.8,firefox-threadsafe-a.jsonl
firefox,threadsafe,memory_per_worker,False,own_connection,insert,False,9600,4,7,156.10,151.78,168.60,61499,2.385,False,12.7,firefox-threadsafe-a.jsonl
firefox,threadsafe,memory_per_worker,False,own_connection,insert,False,9600,8,7,192.08,177.72,197.22,49979,1.938,False,12.8,firefox-threadsafe-a.jsonl
firefox,threadsafe,memory_per_worker,False,own_connection,mix,False,160000,1,7,234.20,230.28,237.12,683176,1.000,False,15.6,firefox-threadsafe-a.jsonl
firefox,threadsafe,memory_per_worker,False,own_connection,mix,False,160000,16,7,302.66,278.64,310.76,528645,0.774,False,15.2,firefox-threadsafe-a.jsonl
firefox,threadsafe,memory_per_worker,False,own_connection,mix,False,160000,2,7,164.92,157.62,190.36,970168,1.420,False,15.6,firefox-threadsafe-a.jsonl
firefox,threadsafe,memory_per_worker,False,own_connection,mix,False,160000,32,7,351.74,342.36,354.20,454881,0.666,False,15.3,firefox-threadsafe-a.jsonl
firefox,threadsafe,memory_per_worker,False,own_connection,mix,False,160000,4,7,232.72,210.70,264.00,687522,1.006,False,15.6,firefox-threadsafe-a.jsonl
firefox,threadsafe,memory_per_worker,False,own_connection,mix,False,160000,8,7,302.40,284.98,310.02,529101,0.774,False,15.2,firefox-threadsafe-a.jsonl
firefox,threadsafe,memory_per_worker,False,own_connection,point,False,256000,1,7,260.64,259.40,267.76,982197,1.000,False,10.9,firefox-threadsafe-a.jsonl
firefox,threadsafe,memory_per_worker,False,own_connection,point,False,256000,16,7,113.86,108.40,114.88,2248373,2.289,False,10.6,firefox-threadsafe-a.jsonl
firefox,threadsafe,memory_per_worker,False,own_connection,point,False,256000,2,7,145.00,140.38,145.08,1765517,1.798,False,10.9,firefox-threadsafe-a.jsonl
firefox,threadsafe,memory_per_worker,False,own_connection,point,False,256000,32,7,132.64,129.14,140.30,1930034,1.965,False,10.6,firefox-threadsafe-a.jsonl
firefox,threadsafe,memory_per_worker,False,own_connection,point,False,256000,4,7,90.34,85.52,91.28,2833736,2.885,False,10.6,firefox-threadsafe-a.jsonl
firefox,threadsafe,memory_per_worker,False,own_connection,point,False,256000,8,7,102.12,94.88,103.76,2506858,2.552,False,10.6,firefox-threadsafe-a.jsonl
firefox,threadsafe,memory_per_worker,False,own_connection,point,True,256000,1,7,207.10,202.92,210.72,1236117,1.000,False,10.6,firefox-threadsafe-a.jsonl
firefox,threadsafe,memory_per_worker,False,own_connection,point,True,256000,16,7,18.86,18.46,19.44,13573799,10.981,False,10.3,firefox-threadsafe-a.jsonl
firefox,threadsafe,memory_per_worker,False,own_connection,point,True,256000,2,7,102.80,101.96,106.38,2490271,2.015,False,10.3,firefox-threadsafe-a.jsonl
firefox,threadsafe,memory_per_worker,False,own_connection,point,True,256000,32,7,11.70,11.22,12.24,21880433,17.701,False,10.3,firefox-threadsafe-a.jsonl
firefox,threadsafe,memory_per_worker,False,own_connection,point,True,256000,4,7,55.18,53.86,61.48,4639347,3.753,False,10.3,firefox-threadsafe-a.jsonl
firefox,threadsafe,memory_per_worker,False,own_connection,point,True,256000,8,7,29.62,28.12,33.34,8642846,6.992,False,10.3,firefox-threadsafe-a.jsonl
firefox,threadsafe,memory_per_worker,False,own_connection,range,False,4800,1,7,318.98,306.26,333.04,15048,1.000,False,10.3,firefox-threadsafe-a.jsonl
firefox,threadsafe,memory_per_worker,False,own_connection,range,False,4800,16,7,29.56,28.90,31.22,162381,10.791,False,10.1,firefox-threadsafe-a.jsonl
firefox,threadsafe,memory_per_worker,False,own_connection,range,False,4800,2,7,166.60,162.22,168.56,28812,1.915,False,10.1,firefox-threadsafe-a.jsonl
firefox,threadsafe,memory_per_worker,False,own_connection,range,False,4800,32,7,17.28,16.44,18.44,277773,18.459,False,10.1,firefox-threadsafe-a.jsonl
firefox,threadsafe,memory_per_worker,False,own_connection,range,False,4800,4,7,85.90,84.26,90.76,55879,3.713,False,10.1,firefox-threadsafe-a.jsonl
firefox,threadsafe,memory_per_worker,False,own_connection,range,False,4800,8,7,46.90,44.82,47.28,102346,6.801,False,10.1,firefox-threadsafe-a.jsonl
firefox,threadsafe,memory_per_worker,False,own_connection,range,True,4800,1,7,304.10,302.60,306.62,15784,1.000,False,10.1,firefox-threadsafe-a.jsonl
firefox,threadsafe,memory_per_worker,False,own_connection,range,True,4800,16,7,28.94,28.18,30.10,165859,10.508,False,9.7,firefox-threadsafe-a.jsonl
firefox,threadsafe,memory_per_worker,False,own_connection,range,True,4800,2,7,154.20,151.04,160.12,31128,1.972,False,9.7,firefox-threadsafe-a.jsonl
firefox,threadsafe,memory_per_worker,False,own_connection,range,True,4800,32,7,15.70,15.22,16.10,305729,19.369,False,9.7,firefox-threadsafe-a.jsonl
firefox,threadsafe,memory_per_worker,False,own_connection,range,True,4800,4,7,83.84,80.24,86.74,57252,3.627,False,9.7,firefox-threadsafe-a.jsonl
firefox,threadsafe,memory_per_worker,False,own_connection,range,True,4800,8,7,43.76,42.88,45.58,109689,6.949,False,9.7,firefox-threadsafe-a.jsonl
firefox,threadsafe,memory_per_worker,False,own_connection,scan,False,32,1,7,2070.52,1946.46,2121.18,15,1.000,False,9.2,firefox-threadsafe-a.jsonl
firefox,threadsafe,memory_per_worker,False,own_connection,scan,False,32,16,7,5816.88,5792.60,5892.32,6,0.356,False,10.1,firefox-threadsafe-a.jsonl
firefox,threadsafe,memory_per_worker,False,own_connection,scan,False,32,2,7,3026.36,2900.30,3173.16,11,0.684,False,8.6,firefox-threadsafe-a.jsonl
firefox,threadsafe,memory_per_worker,False,own_connection,scan,False,32,32,7,6283.70,6224.52,6355.82,5,0.330,False,10.1,firefox-threadsafe-a.jsonl
firefox,threadsafe,memory_per_worker,False,own_connection,scan,False,32,4,7,4397.46,4053.86,4638.34,7,0.471,False,8.3,firefox-threadsafe-a.jsonl
firefox,threadsafe,memory_per_worker,False,own_connection,scan,False,32,8,7,5070.70,5053.48,5329.92,6,0.408,False,8.9,firefox-threadsafe-a.jsonl
firefox,threadsafe,memory_per_worker,False,own_connection,sort,False,3200,1,7,871.36,864.36,897.94,3672,1.000,False,9.8,firefox-threadsafe-a.jsonl
firefox,threadsafe,memory_per_worker,False,own_connection,sort,False,3200,16,7,84.56,81.50,85.62,37843,10.305,False,10.7,firefox-threadsafe-a.jsonl
firefox,threadsafe,memory_per_worker,False,own_connection,sort,False,3200,2,7,445.60,433.60,453.08,7181,1.955,False,10.2,firefox-threadsafe-a.jsonl
firefox,threadsafe,memory_per_worker,False,own_connection,sort,False,3200,32,7,83.88,80.52,84.56,38150,10.388,False,10.7,firefox-threadsafe-a.jsonl
firefox,threadsafe,memory_per_worker,False,own_connection,sort,False,3200,4,7,236.96,229.62,249.44,13504,3.677,False,10.2,firefox-threadsafe-a.jsonl
firefox,threadsafe,memory_per_worker,False,own_connection,sort,False,3200,8,7,129.90,127.02,131.22,24634,6.708,False,10.7,firefox-threadsafe-a.jsonl
firefox,threadsafe,memory_per_worker,False,own_connection,sort,True,3200,1,7,857.28,851.52,859.20,3733,1.000,False,11.6,firefox-threadsafe-a.jsonl
firefox,threadsafe,memory_per_worker,False,own_connection,sort,True,3200,16,7,78.22,74.58,78.26,40910,10.960,False,12.5,firefox-threadsafe-a.jsonl
firefox,threadsafe,memory_per_worker,False,own_connection,sort,True,3200,2,7,440.92,434.12,458.18,7258,1.944,False,12.1,firefox-threadsafe-a.jsonl
firefox,threadsafe,memory_per_worker,False,own_connection,sort,True,3200,32,7,86.24,84.86,88.02,37106,9.941,False,12.5,firefox-threadsafe-a.jsonl
firefox,threadsafe,memory_per_worker,False,own_connection,sort,True,3200,4,7,236.44,228.84,241.24,13534,3.626,False,12.1,firefox-threadsafe-a.jsonl
firefox,threadsafe,memory_per_worker,False,own_connection,sort,True,3200,8,7,128.00,125.84,130.62,25000,6.697,False,12.1,firefox-threadsafe-a.jsonl
firefox,threadsafe,memory_per_worker,True,own_connection,fts,False,3200,1,7,157.70,157.14,159.88,20292,1.000,False,18.3,firefox-threadsafe-b.jsonl
firefox,threadsafe,memory_per_worker,True,own_connection,fts,False,3200,16,7,132.12,128.20,145.96,24220,1.194,False,17.6,firefox-threadsafe-b.jsonl
firefox,threadsafe,memory_per_worker,True,own_connection,fts,False,3200,2,7,107.58,98.34,119.74,29745,1.466,False,18.3,firefox-threadsafe-b.jsonl
firefox,threadsafe,memory_per_worker,True,own_connection,fts,False,3200,32,7,158.26,151.38,158.64,20220,0.996,False,17.6,firefox-threadsafe-b.jsonl
firefox,threadsafe,memory_per_worker,True,own_connection,fts,False,3200,4,7,101.24,77.90,117.24,31608,1.558,False,17.6,firefox-threadsafe-b.jsonl
firefox,threadsafe,memory_per_worker,True,own_connection,fts,False,3200,8,7,126.14,125.42,133.14,25369,1.250,False,17.6,firefox-threadsafe-b.jsonl
firefox,threadsafe,memory_per_worker,True,own_connection,fts,True,3200,1,7,164.28,157.10,168.10,19479,1.000,False,16.7,firefox-threadsafe-b.jsonl
firefox,threadsafe,memory_per_worker,True,own_connection,fts,True,3200,16,7,148.20,146.00,150.24,21592,1.109,False,16.7,firefox-threadsafe-b.jsonl
firefox,threadsafe,memory_per_worker,True,own_connection,fts,True,3200,2,7,108.62,87.94,120.32,29460,1.512,False,16.7,firefox-threadsafe-b.jsonl
firefox,threadsafe,memory_per_worker,True,own_connection,fts,True,3200,32,7,158.42,155.18,162.68,20199,1.037,False,16.4,firefox-threadsafe-b.jsonl
firefox,threadsafe,memory_per_worker,True,own_connection,fts,True,3200,4,7,118.46,82.26,125.40,27013,1.387,False,16.7,firefox-threadsafe-b.jsonl
firefox,threadsafe,memory_per_worker,True,own_connection,fts,True,3200,8,7,138.98,131.68,142.00,23025,1.182,False,16.7,firefox-threadsafe-b.jsonl
firefox,threadsafe,memory_per_worker,True,own_connection,insert,False,9600,1,7,253.82,251.18,254.94,37822,1.000,False,16.4,firefox-threadsafe-b.jsonl
firefox,threadsafe,memory_per_worker,True,own_connection,insert,False,9600,16,7,198.44,190.28,205.78,48377,1.279,False,16.3,firefox-threadsafe-b.jsonl
firefox,threadsafe,memory_per_worker,True,own_connection,insert,False,9600,2,7,169.52,136.50,173.30,56630,1.497,False,16.4,firefox-threadsafe-b.jsonl
firefox,threadsafe,memory_per_worker,True,own_connection,insert,False,9600,32,7,230.18,221.76,234.28,41706,1.103,False,16.1,firefox-threadsafe-b.jsonl
firefox,threadsafe,memory_per_worker,True,own_connection,insert,False,9600,4,7,131.50,107.12,161.14,73004,1.930,False,16.3,firefox-threadsafe-b.jsonl
firefox,threadsafe,memory_per_worker,True,own_connection,insert,False,9600,8,7,190.70,188.60,195.56,50341,1.331,False,16.3,firefox-threadsafe-b.jsonl
firefox,threadsafe,memory_per_worker,True,own_connection,mix,False,160000,1,7,184.06,181.92,189.46,869283,1.000,False,16.1,firefox-threadsafe-b.jsonl
firefox,threadsafe,memory_per_worker,True,own_connection,mix,False,160000,16,7,320.20,305.74,335.36,499688,0.575,False,15.6,firefox-threadsafe-b.jsonl
firefox,threadsafe,memory_per_worker,True,own_connection,mix,False,160000,2,7,164.00,147.50,175.78,975610,1.122,False,16.1,firefox-threadsafe-b.jsonl
firefox,threadsafe,memory_per_worker,True,own_connection,mix,False,160000,32,7,360.64,353.76,361.30,443655,0.510,False,15.4,firefox-threadsafe-b.jsonl
firefox,threadsafe,memory_per_worker,True,own_connection,mix,False,160000,4,7,245.24,233.12,264.84,652423,0.751,False,16.1,firefox-threadsafe-b.jsonl
firefox,threadsafe,memory_per_worker,True,own_connection,mix,False,160000,8,7,291.92,276.60,360.98,548095,0.631,False,15.6,firefox-threadsafe-b.jsonl
firefox,threadsafe,memory_per_worker,True,own_connection,point,False,256000,1,7,188.92,186.82,190.70,1355071,1.000,False,6.9,firefox-threadsafe-b.jsonl
firefox,threadsafe,memory_per_worker,True,own_connection,point,False,256000,16,7,132.56,122.02,137.68,1931197,1.425,False,7.0,firefox-threadsafe-b.jsonl
firefox,threadsafe,memory_per_worker,True,own_connection,point,False,256000,2,7,112.26,102.24,115.78,2280420,1.683,False,6.9,firefox-threadsafe-b.jsonl
firefox,threadsafe,memory_per_worker,True,own_connection,point,False,256000,32,7,146.56,144.48,149.16,1746724,1.289,False,7.0,firefox-threadsafe-b.jsonl
firefox,threadsafe,memory_per_worker,True,own_connection,point,False,256000,4,7,85.54,63.46,99.32,2992751,2.209,False,7.0,firefox-threadsafe-b.jsonl
firefox,threadsafe,memory_per_worker,True,own_connection,point,False,256000,8,7,114.54,112.58,115.32,2235022,1.649,False,7.0,firefox-threadsafe-b.jsonl
firefox,threadsafe,memory_per_worker,True,own_connection,point,True,256000,1,7,129.36,125.14,136.94,1978972,1.000,False,7.0,firefox-threadsafe-b.jsonl
firefox,threadsafe,memory_per_worker,True,own_connection,point,True,256000,16,7,10.10,9.76,10.60,25346290,12.808,False,7.0,firefox-threadsafe-b.jsonl
firefox,threadsafe,memory_per_worker,True,own_connection,point,True,256000,2,7,67.22,64.84,71.32,3808406,1.924,False,7.0,firefox-threadsafe-b.jsonl
firefox,threadsafe,memory_per_worker,True,own_connection,point,True,256000,32,7,8.94,7.76,9.74,28634752,14.470,False,7.0,firefox-threadsafe-b.jsonl
firefox,threadsafe,memory_per_worker,True,own_connection,point,True,256000,4,7,36.72,35.56,37.24,6971683,3.523,False,7.0,firefox-threadsafe-b.jsonl
firefox,threadsafe,memory_per_worker,True,own_connection,point,True,256000,8,7,19.72,17.48,20.02,12981764,6.560,False,7.0,firefox-threadsafe-b.jsonl
firefox,threadsafe,memory_per_worker,True,own_connection,range,False,4800,1,7,305.66,301.16,311.66,15704,1.000,False,7.0,firefox-threadsafe-b.jsonl
firefox,threadsafe,memory_per_worker,True,own_connection,range,False,4800,16,7,22.68,21.70,27.62,211639,13.477,False,7.3,firefox-threadsafe-b.jsonl
firefox,threadsafe,memory_per_worker,True,own_connection,range,False,4800,2,7,154.24,150.22,157.24,31120,1.982,False,7.0,firefox-threadsafe-b.jsonl
firefox,threadsafe,memory_per_worker,True,own_connection,range,False,4800,32,7,16.00,15.48,16.22,299995,19.103,False,7.3,firefox-threadsafe-b.jsonl
firefox,threadsafe,memory_per_worker,True,own_connection,range,False,4800,4,7,90.88,90.44,93.00,52817,3.363,False,7.3,firefox-threadsafe-b.jsonl
firefox,threadsafe,memory_per_worker,True,own_connection,range,False,4800,8,7,42.40,40.08,47.34,113208,7.209,False,7.3,firefox-threadsafe-b.jsonl
firefox,threadsafe,memory_per_worker,True,own_connection,range,True,4800,1,7,306.14,305.66,309.00,15679,1.000,False,7.3,firefox-threadsafe-b.jsonl
firefox,threadsafe,memory_per_worker,True,own_connection,range,True,4800,16,7,28.38,27.34,28.70,169134,10.787,False,7.5,firefox-threadsafe-b.jsonl
firefox,threadsafe,memory_per_worker,True,own_connection,range,True,4800,2,7,154.76,150.84,158.60,31016,1.978,False,7.3,firefox-threadsafe-b.jsonl
firefox,threadsafe,memory_per_worker,True,own_connection,range,True,4800,32,7,18.36,17.24,20.80,261436,16.674,False,7.5,firefox-threadsafe-b.jsonl
firefox,threadsafe,memory_per_worker,True,own_connection,range,True,4800,4,7,90.82,90.48,101.22,52852,3.371,False,7.5,firefox-threadsafe-b.jsonl
firefox,threadsafe,memory_per_worker,True,own_connection,range,True,4800,8,7,43.10,42.66,43.86,111369,7.103,False,7.5,firefox-threadsafe-b.jsonl
firefox,threadsafe,memory_per_worker,True,own_connection,scan,False,32,1,7,2124.22,2039.94,2243.50,15,1.000,False,7.3,firefox-threadsafe-b.jsonl
firefox,threadsafe,memory_per_worker,True,own_connection,scan,False,32,16,7,5944.82,5659.02,5964.12,5,0.357,False,11.5,firefox-threadsafe-b.jsonl
firefox,threadsafe,memory_per_worker,True,own_connection,scan,False,32,2,7,3146.62,2989.04,3269.26,10,0.675,False,7.2,firefox-threadsafe-b.jsonl
firefox,threadsafe,memory_per_worker,True,own_connection,scan,False,32,32,7,6392.16,6344.04,6411.50,5,0.332,False,14.1,firefox-threadsafe-b.jsonl
firefox,threadsafe,memory_per_worker,True,own_connection,scan,False,32,4,7,4628.22,4435.46,4643.38,7,0.459,False,7.8,firefox-threadsafe-b.jsonl
firefox,threadsafe,memory_per_worker,True,own_connection,scan,False,32,8,7,5165.18,4677.88,5304.00,6,0.411,False,9.1,firefox-threadsafe-b.jsonl
firefox,threadsafe,memory_per_worker,True,own_connection,sort,False,3200,1,7,876.96,847.80,934.28,3649,1.000,False,21.9,firefox-threadsafe-b.jsonl
firefox,threadsafe,memory_per_worker,True,own_connection,sort,False,3200,16,7,75.50,73.78,81.64,42384,11.615,False,21.0,firefox-threadsafe-b.jsonl
firefox,threadsafe,memory_per_worker,True,own_connection,sort,False,3200,2,7,439.94,427.14,448.16,7274,1.993,False,21.7,firefox-threadsafe-b.jsonl
firefox,threadsafe,memory_per_worker,True,own_connection,sort,False,3200,32,7,79.50,77.92,83.76,40252,11.031,False,21.0,firefox-threadsafe-b.jsonl
firefox,threadsafe,memory_per_worker,True,own_connection,sort,False,3200,4,7,223.42,215.92,233.98,14323,3.925,False,21.0,firefox-threadsafe-b.jsonl
firefox,threadsafe,memory_per_worker,True,own_connection,sort,False,3200,8,7,120.58,118.36,126.78,26538,7.273,False,21.0,firefox-threadsafe-b.jsonl
firefox,threadsafe,memory_per_worker,True,own_connection,sort,True,3200,1,7,817.48,814.54,819.36,3914,1.000,False,19.9,firefox-threadsafe-b.jsonl
firefox,threadsafe,memory_per_worker,True,own_connection,sort,True,3200,16,7,76.20,73.80,79.44,41995,10.728,False,18.3,firefox-threadsafe-b.jsonl
firefox,threadsafe,memory_per_worker,True,own_connection,sort,True,3200,2,7,430.50,421.82,436.96,7433,1.899,False,18.9,firefox-threadsafe-b.jsonl
firefox,threadsafe,memory_per_worker,True,own_connection,sort,True,3200,32,7,79.02,78.22,80.16,40496,10.345,False,18.3,firefox-threadsafe-b.jsonl
firefox,threadsafe,memory_per_worker,True,own_connection,sort,True,3200,4,7,224.20,220.94,230.74,14273,3.646,False,18.3,firefox-threadsafe-b.jsonl
firefox,threadsafe,memory_per_worker,True,own_connection,sort,True,3200,8,7,125.56,116.62,129.84,25486,6.511,False,18.3,firefox-threadsafe-b.jsonl
firefox,threadsafe,memvfs_per_worker,False,own_connection,fts,False,3200,1,7,162.76,158.26,166.00,19661,1.000,False,9.3,firefox-threadsafe-a.jsonl
firefox,threadsafe,memvfs_per_worker,False,own_connection,fts,False,3200,16,7,121.42,116.58,129.46,26355,1.340,False,9.3,firefox-threadsafe-a.jsonl
firefox,threadsafe,memvfs_per_worker,False,own_connection,fts,False,3200,2,7,94.50,88.30,99.92,33862,1.722,False,9.3,firefox-threadsafe-a.jsonl
firefox,threadsafe,memvfs_per_worker,False,own_connection,fts,False,3200,32,7,158.70,155.88,160.98,20164,1.026,False,9.3,firefox-threadsafe-a.jsonl
firefox,threadsafe,memvfs_per_worker,False,own_connection,fts,False,3200,4,7,92.50,87.90,109.34,34595,1.760,False,9.3,firefox-threadsafe-a.jsonl
firefox,threadsafe,memvfs_per_worker,False,own_connection,fts,False,3200,8,7,120.62,118.12,120.98,26530,1.349,False,9.3,firefox-threadsafe-a.jsonl
firefox,threadsafe,memvfs_per_worker,False,own_connection,fts,True,3200,1,7,165.80,159.28,172.46,19300,1.000,False,9.3,firefox-threadsafe-a.jsonl
firefox,threadsafe,memvfs_per_worker,False,own_connection,fts,True,3200,16,7,124.52,122.54,127.52,25699,1.332,False,9.5,firefox-threadsafe-a.jsonl
firefox,threadsafe,memvfs_per_worker,False,own_connection,fts,True,3200,2,7,95.92,86.40,97.16,33361,1.729,False,9.3,firefox-threadsafe-a.jsonl
firefox,threadsafe,memvfs_per_worker,False,own_connection,fts,True,3200,32,7,153.82,151.08,156.04,20804,1.078,False,9.5,firefox-threadsafe-a.jsonl
firefox,threadsafe,memvfs_per_worker,False,own_connection,fts,True,3200,4,7,79.24,64.94,89.82,40384,2.092,False,9.3,firefox-threadsafe-a.jsonl
firefox,threadsafe,memvfs_per_worker,False,own_connection,fts,True,3200,8,7,112.58,111.78,117.00,28424,1.473,False,9.3,firefox-threadsafe-a.jsonl
firefox,threadsafe,memvfs_per_worker,False,own_connection,insert,False,9600,1,7,435.54,427.90,454.04,22042,1.000,False,9.5,firefox-threadsafe-a.jsonl
firefox,threadsafe,memvfs_per_worker,False,own_connection,insert,False,9600,16,7,242.42,227.56,257.52,39601,1.797,False,9.8,firefox-threadsafe-a.jsonl
firefox,threadsafe,memvfs_per_worker,False,own_connection,insert,False,9600,2,7,230.18,228.00,241.68,41706,1.892,False,9.6,firefox-threadsafe-a.jsonl
firefox,threadsafe,memvfs_per_worker,False,own_connection,insert,False,9600,32,7,348.42,306.62,378.40,27553,1.250,False,9.8,firefox-threadsafe-a.jsonl
firefox,threadsafe,memvfs_per_worker,False,own_connection,insert,False,9600,4,7,158.22,155.08,164.44,60675,2.753,False,9.6,firefox-threadsafe-a.jsonl
firefox,threadsafe,memvfs_per_worker,False,own_connection,insert,False,9600,8,7,186.30,174.80,216.02,51530,2.338,False,9.6,firefox-threadsafe-a.jsonl
firefox,threadsafe,memvfs_per_worker,False,own_connection,mix,False,160000,1,7,435.62,430.90,440.52,367292,1.000,False,9.9,firefox-threadsafe-a.jsonl
firefox,threadsafe,memvfs_per_worker,False,own_connection,mix,False,160000,16,7,494.68,482.16,521.34,323441,0.881,False,10.3,firefox-threadsafe-a.jsonl
firefox,threadsafe,memvfs_per_worker,False,own_connection,mix,False,160000,2,7,363.04,322.88,384.26,440723,1.200,False,9.8,firefox-threadsafe-a.jsonl
firefox,threadsafe,memvfs_per_worker,False,own_connection,mix,False,160000,32,7,648.38,628.96,652.92,246769,0.672,False,10.8,firefox-threadsafe-a.jsonl
firefox,threadsafe,memvfs_per_worker,False,own_connection,mix,False,160000,4,7,377.94,344.64,396.76,423347,1.153,False,9.8,firefox-threadsafe-a.jsonl
firefox,threadsafe,memvfs_per_worker,False,own_connection,mix,False,160000,8,7,401.02,372.88,442.52,398982,1.086,False,10.0,firefox-threadsafe-a.jsonl
firefox,threadsafe,memvfs_per_worker,False,own_connection,point,False,256000,1,7,454.04,448.02,468.14,563827,1.000,False,14.6,firefox-threadsafe-a.jsonl
firefox,threadsafe,memvfs_per_worker,False,own_connection,point,False,256000,16,7,346.86,338.90,358.56,738050,1.309,False,13.7,firefox-threadsafe-a.jsonl
firefox,threadsafe,memvfs_per_worker,False,own_connection,point,False,256000,2,7,281.36,268.40,299.66,909866,1.614,False,14.1,firefox-threadsafe-a.jsonl
firefox,threadsafe,memvfs_per_worker,False,own_connection,point,False,256000,32,7,421.26,417.08,422.16,607700,1.078,False,13.8,firefox-threadsafe-a.jsonl
firefox,threadsafe,memvfs_per_worker,False,own_connection,point,False,256000,4,7,228.88,210.92,282.64,1118489,1.984,False,14.1,firefox-threadsafe-a.jsonl
firefox,threadsafe,memvfs_per_worker,False,own_connection,point,False,256000,8,7,307.78,296.66,316.08,831764,1.475,False,14.1,firefox-threadsafe-a.jsonl
firefox,threadsafe,memvfs_per_worker,False,own_connection,point,True,256000,1,7,203.42,202.66,216.58,1258479,1.000,False,13.8,firefox-threadsafe-a.jsonl
firefox,threadsafe,memvfs_per_worker,False,own_connection,point,True,256000,16,7,19.08,18.64,21.38,13417136,10.661,False,13.6,firefox-threadsafe-a.jsonl
firefox,threadsafe,memvfs_per_worker,False,own_connection,point,True,256000,2,7,109.98,105.30,116.56,2327696,1.850,False,13.8,firefox-threadsafe-a.jsonl
firefox,threadsafe,memvfs_per_worker,False,own_connection,point,True,256000,32,7,12.38,11.98,12.80,20678302,16.431,False,13.6,firefox-threadsafe-a.jsonl
firefox,threadsafe,memvfs_per_worker,False,own_connection,point,True,256000,4,7,62.42,57.12,64.64,4101255,3.259,False,13.8,firefox-threadsafe-a.jsonl
firefox,threadsafe,memvfs_per_worker,False,own_connection,point,True,256000,8,7,30.42,29.46,30.74,8415538,6.687,False,13.6,firefox-threadsafe-a.jsonl
firefox,threadsafe,memvfs_per_worker,False,own_connection,range,False,4800,1,7,306.86,306.42,310.84,15642,1.000,False,13.6,firefox-threadsafe-a.jsonl
firefox,threadsafe,memvfs_per_worker,False,own_connection,range,False,4800,16,7,25.54,23.24,29.04,187940,12.015,False,13.4,firefox-threadsafe-a.jsonl
firefox,threadsafe,memvfs_per_worker,False,own_connection,range,False,4800,2,7,166.72,159.48,169.38,28791,1.841,False,13.6,firefox-threadsafe-a.jsonl
firefox,threadsafe,memvfs_per_worker,False,own_connection,range,False,4800,32,7,16.58,15.88,16.72,289504,18.508,False,13.4,firefox-threadsafe-a.jsonl
firefox,threadsafe,memvfs_per_worker,False,own_connection,range,False,4800,4,7,85.52,84.04,87.34,56127,3.588,False,13.6,firefox-threadsafe-a.jsonl
firefox,threadsafe,memvfs_per_worker,False,own_connection,range,False,4800,8,7,46.10,44.82,47.78,104122,6.656,False,13.4,firefox-threadsafe-a.jsonl
firefox,threadsafe,memvfs_per_worker,False,own_connection,range,True,4800,1,7,304.86,303.62,307.82,15745,1.000,False,13.4,firefox-threadsafe-a.jsonl
firefox,threadsafe,memvfs_per_worker,False,own_connection,range,True,4800,16,7,24.12,21.90,27.76,199004,12.639,False,13.3,firefox-threadsafe-a.jsonl
firefox,threadsafe,memvfs_per_worker,False,own_connection,range,True,4800,2,7,156.62,153.02,173.40,30647,1.946,False,13.4,firefox-threadsafe-a.jsonl
firefox,threadsafe,memvfs_per_worker,False,own_connection,range,True,4800,32,7,16.08,15.64,16.24,298501,18.959,False,13.3,firefox-threadsafe-a.jsonl
firefox,threadsafe,memvfs_per_worker,False,own_connection,range,True,4800,4,7,86.14,81.36,87.24,55723,3.539,False,13.3,firefox-threadsafe-a.jsonl
firefox,threadsafe,memvfs_per_worker,False,own_connection,range,True,4800,8,7,48.18,46.52,50.34,99627,6.328,False,13.3,firefox-threadsafe-a.jsonl
firefox,threadsafe,memvfs_per_worker,False,own_connection,scan,False,32,1,7,2015.42,1889.48,2033.90,16,1.000,False,13.1,firefox-threadsafe-a.jsonl
firefox,threadsafe,memvfs_per_worker,False,own_connection,scan,False,32,16,7,5744.90,5441.22,5804.00,6,0.351,False,11.7,firefox-threadsafe-a.jsonl
firefox,threadsafe,memvfs_per_worker,False,own_connection,scan,False,32,2,7,3027.16,2959.82,3220.38,11,0.666,False,12.1,firefox-threadsafe-a.jsonl
firefox,threadsafe,memvfs_per_worker,False,own_connection,scan,False,32,32,7,6329.32,6298.28,6381.48,5,0.318,False,10.9,firefox-threadsafe-a.jsonl
firefox,threadsafe,memvfs_per_worker,False,own_connection,scan,False,32,4,7,4298.34,4274.34,4466.16,7,0.469,False,11.5,firefox-threadsafe-a.jsonl
firefox,threadsafe,memvfs_per_worker,False,own_connection,scan,False,32,8,7,5242.46,5179.86,5327.10,6,0.384,False,11.8,firefox-threadsafe-a.jsonl
firefox,threadsafe,memvfs_per_worker,False,own_connection,sort,False,3200,1,7,881.46,857.06,892.02,3630,1.000,False,10.2,firefox-threadsafe-a.jsonl
firefox,threadsafe,memvfs_per_worker,False,own_connection,sort,False,3200,16,7,81.40,79.50,82.54,39312,10.829,False,9.5,firefox-threadsafe-a.jsonl
firefox,threadsafe,memvfs_per_worker,False,own_connection,sort,False,3200,2,7,448.48,440.34,451.92,7135,1.965,False,9.8,firefox-threadsafe-a.jsonl
firefox,threadsafe,memvfs_per_worker,False,own_connection,sort,False,3200,32,7,80.24,78.34,81.00,39880,10.985,False,9.5,firefox-threadsafe-a.jsonl
firefox,threadsafe,memvfs_per_worker,False,own_connection,sort,False,3200,4,7,230.70,228.32,240.60,13871,3.821,False,9.5,firefox-threadsafe-a.jsonl
firefox,threadsafe,memvfs_per_worker,False,own_connection,sort,False,3200,8,7,127.02,125.52,129.70,25193,6.940,False,9.5,firefox-threadsafe-a.jsonl
firefox,threadsafe,memvfs_per_worker,False,own_connection,sort,True,3200,1,7,855.16,850.96,867.78,3742,1.000,False,10.1,firefox-threadsafe-a.jsonl
firefox,threadsafe,memvfs_per_worker,False,own_connection,sort,True,3200,16,7,79.58,78.16,81.14,40211,10.746,False,9.4,firefox-threadsafe-a.jsonl
firefox,threadsafe,memvfs_per_worker,False,own_connection,sort,True,3200,2,7,447.38,441.94,452.48,7153,1.911,False,9.7,firefox-threadsafe-a.jsonl
firefox,threadsafe,memvfs_per_worker,False,own_connection,sort,True,3200,32,7,77.02,75.98,78.26,41548,11.103,False,9.4,firefox-threadsafe-a.jsonl
firefox,threadsafe,memvfs_per_worker,False,own_connection,sort,True,3200,4,7,229.96,227.66,243.58,13915,3.719,False,9.4,firefox-threadsafe-a.jsonl
firefox,threadsafe,memvfs_per_worker,False,own_connection,sort,True,3200,8,7,124.42,120.08,126.60,25719,6.873,False,9.4,firefox-threadsafe-a.jsonl
firefox,threadsafe,memvfs_shared,False,one_server_worker,point,False,256000,1,7,33136.48,32406.76,36757.54,7726,1.000,False,12.9,firefox-threadsafe-a.jsonl
firefox,threadsafe,memvfs_shared,False,one_server_worker,point,False,256000,16,7,9145.42,8294.58,9662.10,27992,3.623,False,26.7,firefox-threadsafe-a.jsonl
firefox,threadsafe,memvfs_shared,False,one_server_worker,point,False,256000,2,7,18760.92,16185.24,22292.14,13645,1.766,False,45.4,firefox-threadsafe-a.jsonl
firefox,threadsafe,memvfs_shared,False,one_server_worker,point,False,256000,32,7,8123.28,7359.66,8504.04,31514,4.079,False,18.2,firefox-threadsafe-a.jsonl
firefox,threadsafe,memvfs_shared,False,one_server_worker,point,False,256000,4,7,8859.48,8794.30,11388.48,28896,3.740,False,26.5,firefox-threadsafe-a.jsonl
firefox,threadsafe,memvfs_shared,False,one_server_worker,point,False,256000,8,7,8035.76,7992.42,8313.18,31858,4.124,False,21.3,firefox-threadsafe-a.jsonl
firefox,threadsafe,memvfs_shared,False,one_server_worker,range,False,4800,1,7,1136.32,1088.40,1258.34,4224,1.000,False,16.1,firefox-threadsafe-a.jsonl
firefox,threadsafe,memvfs_shared,False,one_server_worker,range,False,4800,16,7,426.48,418.22,435.70,11255,2.664,False,14.9,firefox-threadsafe-a.jsonl
firefox,threadsafe,memvfs_shared,False,one_server_worker,range,False,4800,2,7,510.90,497.76,533.18,9395,2.224,False,16.0,firefox-threadsafe-a.jsonl
firefox,threadsafe,memvfs_shared,False,one_server_worker,range,False,4800,32,7,441.72,430.74,444.14,10867,2.572,False,14.9,firefox-threadsafe-a.jsonl
firefox,threadsafe,memvfs_shared,False,one_server_worker,range,False,4800,4,7,427.18,425.26,437.04,11236,2.660,False,15.8,firefox-threadsafe-a.jsonl
firefox,threadsafe,memvfs_shared,False,one_server_worker,range,False,4800,8,7,414.76,403.08,430.76,11573,2.740,False,15.4,firefox-threadsafe-a.jsonl
firefox,threadsafe,memvfs_shared,False,own_connection,fts,False,3200,1,7,160.16,157.90,161.76,19980,1.000,False,16.3,firefox-threadsafe-a.jsonl
firefox,threadsafe,memvfs_shared,False,own_connection,fts,False,3200,16,7,135.92,134.78,137.16,23543,1.178,False,16.3,firefox-threadsafe-a.jsonl
firefox,threadsafe,memvfs_shared,False,own_connection,fts,False,3200,2,7,91.80,87.80,102.80,34858,1.745,False,16.3,firefox-threadsafe-a.jsonl
firefox,threadsafe,memvfs_shared,False,own_connection,fts,False,3200,32,7,155.60,152.90,157.44,20566,1.029,False,15.9,firefox-threadsafe-a.jsonl
firefox,threadsafe,memvfs_shared,False,own_connection,fts,False,3200,4,7,89.26,76.18,97.94,35850,1.794,False,16.3,firefox-threadsafe-a.jsonl
firefox,threadsafe,memvfs_shared,False,own_connection,fts,False,3200,8,7,121.62,105.74,122.58,26311,1.317,False,16.3,firefox-threadsafe-a.jsonl
firefox,threadsafe,memvfs_shared,False,own_connection,fts,True,3200,1,7,164.38,158.40,171.22,19467,1.000,False,15.9,firefox-threadsafe-a.jsonl
firefox,threadsafe,memvfs_shared,False,own_connection,fts,True,3200,16,7,127.78,127.52,132.20,25043,1.286,False,16.0,firefox-threadsafe-a.jsonl
firefox,threadsafe,memvfs_shared,False,own_connection,fts,True,3200,2,7,93.98,81.42,104.14,34050,1.749,False,15.9,firefox-threadsafe-a.jsonl
firefox,threadsafe,memvfs_shared,False,own_connection,fts,True,3200,32,7,149.46,147.54,155.22,21410,1.100,False,16.0,firefox-threadsafe-a.jsonl
firefox,threadsafe,memvfs_shared,False,own_connection,fts,True,3200,4,7,92.66,67.42,108.00,34535,1.774,False,15.9,firefox-threadsafe-a.jsonl
firefox,threadsafe,memvfs_shared,False,own_connection,fts,True,3200,8,7,127.20,119.98,132.00,25157,1.292,False,15.9,firefox-threadsafe-a.jsonl
firefox,threadsafe,memvfs_shared,False,own_connection,insert,False,9600,1,7,421.56,414.64,422.98,22773,1.000,False,16.0,firefox-threadsafe-a.jsonl
firefox,threadsafe,memvfs_shared,False,own_connection,insert,False,9600,16,7,1361.98,1361.12,1365.38,7049,0.310,False,16.4,firefox-threadsafe-a.jsonl
firefox,threadsafe,memvfs_shared,False,own_connection,insert,False,9600,2,7,443.30,438.90,446.70,21656,0.951,False,16.4,firefox-threadsafe-a.jsonl
firefox,threadsafe,memvfs_shared,False,own_connection,insert,False,9600,32,7,2555.14,2548.60,2749.66,3757,0.165,False,15.9,firefox-threadsafe-a.jsonl
firefox,threadsafe,memvfs_shared,False,own_connection,insert,False,9600,4,7,636.90,634.66,640.40,15073,0.662,False,15.9,firefox-threadsafe-a.jsonl
firefox,threadsafe,memvfs_shared,False,own_connection,insert,False,9600,8,7,786.58,689.20,792.30,12205,0.536,False,17.2,firefox-threadsafe-a.jsonl
firefox,threadsafe,memvfs_shared,False,own_connection,mix,False,160000,1,7,422.46,417.00,432.26,378734,1.000,False,16.6,firefox-threadsafe-a.jsonl
firefox,threadsafe,memvfs_shared,False,own_connection,mix,False,160000,16,7,2667.88,1921.44,2870.38,59973,0.158,False,12.2,firefox-threadsafe-a.jsonl
firefox,threadsafe,memvfs_shared,False,own_connection,mix,False,160000,2,7,668.08,637.82,701.00,239492,0.632,False,15.5,firefox-threadsafe-a.jsonl
firefox,threadsafe,memvfs_shared,False,own_connection,mix,False,160000,32,7,3754.96,3426.74,4023.24,42610,0.113,False,11.9,firefox-threadsafe-a.jsonl
firefox,threadsafe,memvfs_shared,False,own_connection,mix,False,160000,4,7,1049.24,903.64,1201.10,152491,0.403,False,13.8,firefox-threadsafe-a.jsonl
firefox,threadsafe,memvfs_shared,False,own_connection,mix,False,160000,8,7,1789.30,1610.78,1839.12,89420,0.236,False,13.1,firefox-threadsafe-a.jsonl
firefox,threadsafe,memvfs_shared,False,own_connection,point,False,256000,1,7,662.00,481.64,712.18,386707,1.000,False,18.1,firefox-threadsafe-a.jsonl
firefox,threadsafe,memvfs_shared,False,own_connection,point,False,256000,16,7,597.02,591.96,599.36,428796,1.109,False,22.9,firefox-threadsafe-a.jsonl
firefox,threadsafe,memvfs_shared,False,own_connection,point,False,256000,2,7,426.36,353.56,448.08,600431,1.553,False,18.1,firefox-threadsafe-a.jsonl
firefox,threadsafe,memvfs_shared,False,own_connection,point,False,256000,32,7,685.98,674.24,688.22,373189,0.965,False,22.4,firefox-threadsafe-a.jsonl
firefox,threadsafe,memvfs_shared,False,own_connection,point,False,256000,4,7,457.40,306.94,513.88,559685,1.447,False,22.9,firefox-threadsafe-a.jsonl
firefox,threadsafe,memvfs_shared,False,own_connection,point,False,256000,8,7,558.92,481.46,580.44,458026,1.184,False,23.3,firefox-threadsafe-a.jsonl
firefox,threadsafe,memvfs_shared,False,own_connection,point,True,256000,1,7,212.92,207.22,238.94,1202330,1.000,False,21.5,firefox-threadsafe-a.jsonl
firefox,threadsafe,memvfs_shared,False,own_connection,point,True,256000,16,7,20.52,18.88,21.40,12475622,10.376,False,21.5,firefox-threadsafe-a.jsonl
firefox,threadsafe,memvfs_shared,False,own_connection,point,True,256000,2,7,118.70,111.68,121.34,2156698,1.794,False,21.5,firefox-threadsafe-a.jsonl
firefox,threadsafe,memvfs_shared,False,own_connection,point,True,256000,32,7,13.82,13.30,15.10,18523460,15.406,False,21.5,firefox-threadsafe-a.jsonl
firefox,threadsafe,memvfs_shared,False,own_connection,point,True,256000,4,7,59.22,56.10,60.52,4322866,3.595,False,21.5,firefox-threadsafe-a.jsonl
firefox,threadsafe,memvfs_shared,False,own_connection,point,True,256000,8,7,38.06,34.80,39.34,6726211,5.594,False,21.5,firefox-threadsafe-a.jsonl
firefox,threadsafe,memvfs_shared,False,own_connection,range,False,4800,1,7,331.04,320.76,339.22,14500,1.000,False,21.5,firefox-threadsafe-a.jsonl
firefox,threadsafe,memvfs_shared,False,own_connection,range,False,4800,16,7,32.16,31.30,33.06,149254,10.294,False,20.6,firefox-threadsafe-a.jsonl
firefox,threadsafe,memvfs_shared,False,own_connection,range,False,4800,2,7,162.10,156.70,168.10,29611,2.042,False,20.6,firefox-threadsafe-a.jsonl
firefox,threadsafe,memvfs_shared,False,own_connection,range,False,4800,32,7,17.76,17.30,19.52,270270,18.640,False,20.6,firefox-threadsafe-a.jsonl
firefox,threadsafe,memvfs_shared,False,own_connection,range,False,4800,4,7,86.02,82.36,86.64,55801,3.848,False,20.6,firefox-threadsafe-a.jsonl
firefox,threadsafe,memvfs_shared,False,own_connection,range,False,4800,8,7,46.36,46.00,52.82,103538,7.141,False,20.6,firefox-threadsafe-a.jsonl
firefox,threadsafe,memvfs_shared,False,own_connection,range,True,4800,1,7,321.02,318.26,459.34,14952,1.000,False,19.8,firefox-threadsafe-a.jsonl
firefox,threadsafe,memvfs_shared,False,own_connection,range,True,4800,16,7,30.26,29.96,31.48,158625,10.609,False,19.8,firefox-threadsafe-a.jsonl
firefox,threadsafe,memvfs_shared,False,own_connection,range,True,4800,2,7,157.22,155.22,160.28,30530,2.042,False,19.8,firefox-threadsafe-a.jsonl
firefox,threadsafe,memvfs_shared,False,own_connection,range,True,4800,32,7,17.08,16.76,17.40,281029,18.795,False,21.9,firefox-threadsafe-a.jsonl
firefox,threadsafe,memvfs_shared,False,own_connection,range,True,4800,4,7,89.80,81.48,90.92,53452,3.575,False,19.8,firefox-threadsafe-a.jsonl
firefox,threadsafe,memvfs_shared,False,own_connection,range,True,4800,8,7,47.14,42.64,51.30,101825,6.810,False,19.8,firefox-threadsafe-a.jsonl
firefox,threadsafe,memvfs_shared,False,own_connection,scan,False,32,1,7,1964.82,1954.50,2139.56,16,1.000,False,21.3,firefox-threadsafe-a.jsonl
firefox,threadsafe,memvfs_shared,False,own_connection,scan,False,32,16,7,5792.02,5473.50,6156.76,6,0.339,False,13.7,firefox-threadsafe-a.jsonl
firefox,threadsafe,memvfs_shared,False,own_connection,scan,False,32,2,7,2800.46,2654.78,3022.10,11,0.702,False,19.1,firefox-threadsafe-a.jsonl
firefox,threadsafe,memvfs_shared,False,own_connection,scan,False,32,32,7,6333.44,6289.30,6367.66,5,0.310,False,15.7,firefox-threadsafe-a.jsonl
firefox,threadsafe,memvfs_shared,False,own_connection,scan,False,32,4,7,4273.14,3980.42,4423.52,7,0.460,False,15.4,firefox-threadsafe-a.jsonl
firefox,threadsafe,memvfs_shared,False,own_connection,scan,False,32,8,7,4954.08,4771.60,4983.78,6,0.397,False,13.0,firefox-threadsafe-a.jsonl
firefox,threadsafe,memvfs_shared,False,own_connection,sort,False,3200,1,7,880.92,847.54,996.50,3633,1.000,False,13.6,firefox-threadsafe-a.jsonl
firefox,threadsafe,memvfs_shared,False,own_connection,sort,False,3200,16,7,80.74,78.38,81.18,39633,10.911,False,17.9,firefox-threadsafe-a.jsonl
firefox,threadsafe,memvfs_shared,False,own_connection,sort,False,3200,2,7,440.02,431.46,511.74,7272,2.002,False,18.6,firefox-threadsafe-a.jsonl
firefox,threadsafe,memvfs_shared,False,own_connection,sort,False,3200,32,7,74.20,73.58,75.36,43127,11.872,False,18.9,firefox-threadsafe-a.jsonl
firefox,threadsafe,memvfs_shared,False,own_connection,sort,False,3200,4,7,226.42,222.16,236.88,14133,3.891,False,17.9,firefox-threadsafe-a.jsonl
firefox,threadsafe,memvfs_shared,False,own_connection,sort,False,3200,8,7,178.98,154.76,200.72,17879,4.922,False,17.9,firefox-threadsafe-a.jsonl
firefox,threadsafe,memvfs_shared,False,own_connection,sort,True,3200,1,7,839.52,839.40,839.98,3812,1.000,False,18.9,firefox-threadsafe-a.jsonl
firefox,threadsafe,memvfs_shared,False,own_connection,sort,True,3200,16,7,78.94,74.90,82.70,40537,10.635,False,17.2,firefox-threadsafe-a.jsonl
firefox,threadsafe,memvfs_shared,False,own_connection,sort,True,3200,2,7,437.12,434.06,454.44,7321,1.921,False,18.0,firefox-threadsafe-a.jsonl
firefox,threadsafe,memvfs_shared,False,own_connection,sort,True,3200,32,7,72.90,72.44,73.26,43896,11.516,False,17.2,firefox-threadsafe-a.jsonl
firefox,threadsafe,memvfs_shared,False,own_connection,sort,True,3200,4,7,218.96,215.58,228.46,14615,3.834,False,17.2,firefox-threadsafe-a.jsonl
firefox,threadsafe,memvfs_shared,False,own_connection,sort,True,3200,8,7,124.50,120.14,125.58,25703,6.743,False,17.2,firefox-threadsafe-a.jsonl
firefox,threadsafe,memvfs_shared,True,own_connection,fts,False,3200,1,7,162.14,156.56,170.96,19736,1.000,False,11.2,firefox-threadsafe-b.jsonl
firefox,threadsafe,memvfs_shared,True,own_connection,fts,False,3200,16,7,135.20,126.30,144.82,23669,1.199,False,11.2,firefox-threadsafe-b.jsonl
firefox,threadsafe,memvfs_shared,True,own_connection,fts,False,3200,2,7,119.34,88.54,123.90,26814,1.359,False,11.2,firefox-threadsafe-b.jsonl
firefox,threadsafe,memvfs_shared,True,own_connection,fts,False,3200,32,7,161.08,160.50,163.54,19866,1.007,False,11.3,firefox-threadsafe-b.jsonl
firefox,threadsafe,memvfs_shared,True,own_connection,fts,False,3200,4,7,117.60,106.66,119.50,27211,1.379,False,11.2,firefox-threadsafe-b.jsonl
firefox,threadsafe,memvfs_shared,True,own_connection,fts,False,3200,8,7,124.24,120.40,126.40,25757,1.305,False,11.2,firefox-threadsafe-b.jsonl
firefox,threadsafe,memvfs_shared,True,own_connection,fts,True,3200,1,7,152.48,150.88,158.50,20986,1.000,False,11.3,firefox-threadsafe-b.jsonl
firefox,threadsafe,memvfs_shared,True,own_connection,fts,True,3200,16,7,129.56,113.78,141.28,24699,1.177,False,11.5,firefox-threadsafe-b.jsonl
firefox,threadsafe,memvfs_shared,True,own_connection,fts,True,3200,2,7,95.56,87.06,101.92,33487,1.596,False,11.3,firefox-threadsafe-b.jsonl
firefox,threadsafe,memvfs_shared,True,own_connection,fts,True,3200,32,7,153.76,153.26,157.26,20812,0.992,False,11.5,firefox-threadsafe-b.jsonl
firefox,threadsafe,memvfs_shared,True,own_connection,fts,True,3200,4,7,98.44,61.08,115.40,32507,1.549,False,11.3,firefox-threadsafe-b.jsonl
firefox,threadsafe,memvfs_shared,True,own_connection,fts,True,3200,8,7,112.82,93.96,122.54,28364,1.352,False,11.3,firefox-threadsafe-b.jsonl
firefox,threadsafe,memvfs_shared,True,own_connection,insert,False,9600,1,7,307.30,306.30,309.64,31240,1.000,False,11.5,firefox-threadsafe-b.jsonl
firefox,threadsafe,memvfs_shared,True,own_connection,insert,False,9600,16,7,1153.86,1152.04,1156.92,8320,0.266,False,9.9,firefox-threadsafe-b.jsonl
firefox,threadsafe,memvfs_shared,True,own_connection,insert,False,9600,2,7,337.82,333.92,339.46,28418,0.910,False,11.0,firefox-threadsafe-b.jsonl
firefox,threadsafe,memvfs_shared,True,own_connection,insert,False,9600,32,7,2544.56,2444.90,2545.32,3773,0.121,False,9.0,firefox-threadsafe-b.jsonl
firefox,threadsafe,memvfs_shared,True,own_connection,insert,False,9600,4,7,410.92,409.14,417.82,23362,0.748,False,11.0,firefox-threadsafe-b.jsonl
firefox,threadsafe,memvfs_shared,True,own_connection,insert,False,9600,8,7,573.50,572.08,579.54,16739,0.536,False,10.6,firefox-threadsafe-b.jsonl
firefox,threadsafe,memvfs_shared,True,own_connection,mix,False,160000,1,7,356.32,352.40,370.32,449034,1.000,False,8.7,firefox-threadsafe-b.jsonl
firefox,threadsafe,memvfs_shared,True,own_connection,mix,False,160000,16,7,1600.04,1446.76,2081.46,99997,0.223,False,7.3,firefox-threadsafe-b.jsonl
firefox,threadsafe,memvfs_shared,True,own_connection,mix,False,160000,2,7,617.32,589.40,661.10,259185,0.577,False,8.5,firefox-threadsafe-b.jsonl
firefox,threadsafe,memvfs_shared,True,own_connection,mix,False,160000,32,7,3320.40,3014.72,4124.44,48187,0.107,False,6.1,firefox-threadsafe-b.jsonl
firefox,threadsafe,memvfs_shared,True,own_connection,mix,False,160000,4,7,840.76,802.02,898.32,190304,0.424,False,8.2,firefox-threadsafe-b.jsonl
firefox,threadsafe,memvfs_shared,True,own_connection,mix,False,160000,8,7,1291.80,1199.94,1493.58,123858,0.276,False,7.6,firefox-threadsafe-b.jsonl
firefox,threadsafe,memvfs_shared,True,own_connection,point,False,256000,1,7,348.90,347.56,360.38,733734,1.000,False,22.3,firefox-threadsafe-b.jsonl
firefox,threadsafe,memvfs_shared,True,own_connection,point,False,256000,16,7,526.98,463.90,554.92,485787,0.662,False,19.1,firefox-threadsafe-b.jsonl
firefox,threadsafe,memvfs_shared,True,own_connection,point,False,256000,2,7,258.54,235.20,290.32,990175,1.350,False,20.9,firefox-threadsafe-b.jsonl
firefox,threadsafe,memvfs_shared,True,own_connection,point,False,256000,32,7,654.40,646.88,666.22,391198,0.533,False,18.2,firefox-threadsafe-b.jsonl
firefox,threadsafe,memvfs_shared,True,own_connection,point,False,256000,4,7,463.80,360.44,491.42,551962,0.752,False,19.9,firefox-threadsafe-b.jsonl
firefox,threadsafe,memvfs_shared,True,own_connection,point,False,256000,8,7,437.52,365.90,449.84,585116,0.797,False,19.9,firefox-threadsafe-b.jsonl
firefox,threadsafe,memvfs_shared,True,own_connection,point,True,256000,1,7,131.52,130.18,131.92,1946475,1.000,False,18.2,firefox-threadsafe-b.jsonl
firefox,threadsafe,memvfs_shared,True,own_connection,point,True,256000,16,7,10.36,9.98,10.76,24710168,12.695,False,17.5,firefox-threadsafe-b.jsonl
firefox,threadsafe,memvfs_shared,True,own_connection,point,True,256000,2,7,71.92,69.90,73.74,3559514,1.829,False,17.5,firefox-threadsafe-b.jsonl
firefox,threadsafe,memvfs_shared,True,own_connection,point,True,256000,32,7,7.62,7.52,8.22,33595284,17.260,False,17.5,firefox-threadsafe-b.jsonl
firefox,threadsafe,memvfs_shared,True,own_connection,point,True,256000,4,7,38.44,36.56,40.10,6659740,3.421,False,17.5,firefox-threadsafe-b.jsonl
firefox,threadsafe,memvfs_shared,True,own_connection,point,True,256000,8,7,19.68,18.80,24.30,13008175,6.683,False,17.5,firefox-threadsafe-b.jsonl
firefox,threadsafe,memvfs_shared,True,own_connection,range,False,4800,1,7,297.12,296.50,301.22,16155,1.000,False,17.5,firefox-threadsafe-b.jsonl
firefox,threadsafe,memvfs_shared,True,own_connection,range,False,4800,16,7,29.70,27.86,30.90,161615,10.004,False,16.7,firefox-threadsafe-b.jsonl
firefox,threadsafe,memvfs_shared,True,own_connection,range,False,4800,2,7,155.44,153.80,164.62,30880,1.911,False,17.5,firefox-threadsafe-b.jsonl
firefox,threadsafe,memvfs_shared,True,own_connection,range,False,4800,32,7,16.66,16.30,16.72,288113,17.834,False,16.7,firefox-threadsafe-b.jsonl
firefox,threadsafe,memvfs_shared,True,own_connection,range,False,4800,4,7,86.34,80.86,97.60,55594,3.441,False,16.7,firefox-threadsafe-b.jsonl
firefox,threadsafe,memvfs_shared,True,own_connection,range,False,4800,8,7,43.50,41.20,46.78,110345,6.830,False,16.7,firefox-threadsafe-b.jsonl
firefox,threadsafe,memvfs_shared,True,own_connection,range,True,4800,1,7,301.22,292.62,308.76,15935,1.000,False,16.7,firefox-threadsafe-b.jsonl
firefox,threadsafe,memvfs_shared,True,own_connection,range,True,4800,16,7,22.72,22.50,26.06,211266,13.258,False,15.9,firefox-threadsafe-b.jsonl
firefox,threadsafe,memvfs_shared,True,own_connection,range,True,4800,2,7,158.82,153.86,164.10,30223,1.897,False,15.9,firefox-threadsafe-b.jsonl
firefox,threadsafe,memvfs_shared,True,own_connection,range,True,4800,32,7,15.98,15.58,16.42,300380,18.850,False,15.9,firefox-threadsafe-b.jsonl
firefox,threadsafe,memvfs_shared,True,own_connection,range,True,4800,4,7,82.34,80.74,83.84,58295,3.658,False,15.9,firefox-threadsafe-b.jsonl
firefox,threadsafe,memvfs_shared,True,own_connection,range,True,4800,8,7,42.26,39.76,43.10,113583,7.128,False,15.9,firefox-threadsafe-b.jsonl
firefox,threadsafe,memvfs_shared,True,own_connection,scan,False,32,1,7,1649.08,1628.32,1679.18,19,1.000,False,14.3,firefox-threadsafe-b.jsonl
firefox,threadsafe,memvfs_shared,True,own_connection,scan,False,32,16,7,5442.98,5409.10,5664.32,6,0.303,False,10.1,firefox-threadsafe-b.jsonl
firefox,threadsafe,memvfs_shared,True,own_connection,scan,False,32,2,7,2513.88,2352.94,2531.22,13,0.656,False,12.4,firefox-threadsafe-b.jsonl
firefox,threadsafe,memvfs_shared,True,own_connection,scan,False,32,32,7,6245.82,6241.06,6320.86,5,0.264,False,10.4,firefox-threadsafe-b.jsonl
firefox,threadsafe,memvfs_shared,True,own_connection,scan,False,32,4,7,4340.68,3915.78,4435.02,7,0.380,False,11.2,firefox-threadsafe-b.jsonl
firefox,threadsafe,memvfs_shared,True,own_connection,scan,False,32,8,7,4927.78,4810.42,4993.34,6,0.335,False,9.8,firefox-threadsafe-b.jsonl
firefox,threadsafe,memvfs_shared,True,own_connection,sort,False,3200,1,7,812.40,805.74,815.00,3939,1.000,False,10.4,firefox-threadsafe-b.jsonl
firefox,threadsafe,memvfs_shared,True,own_connection,sort,False,3200,16,7,83.12,82.24,84.56,38499,9.774,False,10.3,firefox-threadsafe-b.jsonl
firefox,threadsafe,memvfs_shared,True,own_connection,sort,False,3200,2,7,423.84,413.68,425.80,7550,1.917,False,10.3,firefox-threadsafe-b.jsonl
firefox,threadsafe,memvfs_shared,True,own_connection,sort,False,3200,32,7,77.62,76.38,82.02,41226,10.466,False,12.1,firefox-threadsafe-b.jsonl
firefox,threadsafe,memvfs_shared,True,own_connection,sort,False,3200,4,7,218.58,208.00,224.80,14640,3.717,False,10.3,firefox-threadsafe-b.jsonl
firefox,threadsafe,memvfs_shared,True,own_connection,sort,False,3200,8,7,120.02,113.90,121.84,26662,6.769,False,10.3,firefox-threadsafe-b.jsonl
firefox,threadsafe,memvfs_shared,True,own_connection,sort,True,3200,1,7,810.22,800.06,813.28,3950,1.000,False,12.1,firefox-threadsafe-b.jsonl
firefox,threadsafe,memvfs_shared,True,own_connection,sort,True,3200,16,7,78.62,74.72,79.96,40702,10.306,False,11.6,firefox-threadsafe-b.jsonl
firefox,threadsafe,memvfs_shared,True,own_connection,sort,True,3200,2,7,412.58,411.56,426.98,7756,1.964,False,11.8,firefox-threadsafe-b.jsonl
firefox,threadsafe,memvfs_shared,True,own_connection,sort,True,3200,32,7,73.24,71.94,74.56,43692,11.063,False,11.6,firefox-threadsafe-b.jsonl
firefox,threadsafe,memvfs_shared,True,own_connection,sort,True,3200,4,7,221.74,220.50,223.34,14431,3.654,False,11.6,firefox-threadsafe-b.jsonl
firefox,threadsafe,memvfs_shared,True,own_connection,sort,True,3200,8,7,117.98,114.50,122.94,27123,6.867,False,11.6,firefox-threadsafe-b.jsonl
firefox,threadsafe,sahpool_per_worker,False,own_connection,fts,False,3200,1,7,379.82,370.56,385.54,8425,1.000,False,18.8,firefox-threadsafe-b.jsonl
firefox,threadsafe,sahpool_per_worker,False,own_connection,fts,False,3200,16,7,155.64,152.96,156.04,20560,2.440,False,18.9,firefox-threadsafe-b.jsonl
firefox,threadsafe,sahpool_per_worker,False,own_connection,fts,False,3200,2,7,217.56,212.72,220.70,14709,1.746,False,18.8,firefox-threadsafe-b.jsonl
firefox,threadsafe,sahpool_per_worker,False,own_connection,fts,False,3200,32,7,170.10,163.24,175.08,18812,2.233,False,18.9,firefox-threadsafe-b.jsonl
firefox,threadsafe,sahpool_per_worker,False,own_connection,fts,False,3200,4,7,156.60,153.02,159.98,20434,2.425,False,18.9,firefox-threadsafe-b.jsonl
firefox,threadsafe,sahpool_per_worker,False,own_connection,fts,False,3200,8,7,147.04,145.24,149.80,21763,2.583,False,18.9,firefox-threadsafe-b.jsonl
firefox,threadsafe,sahpool_per_worker,False,own_connection,fts,True,3200,1,7,166.42,159.34,172.92,19228,1.000,False,18.3,firefox-threadsafe-b.jsonl
firefox,threadsafe,sahpool_per_worker,False,own_connection,fts,True,3200,16,7,132.50,130.54,138.08,24151,1.256,False,18.3,firefox-threadsafe-b.jsonl
firefox,threadsafe,sahpool_per_worker,False,own_connection,fts,True,3200,2,7,108.94,99.28,110.38,29374,1.528,False,18.3,firefox-threadsafe-b.jsonl
firefox,threadsafe,sahpool_per_worker,False,own_connection,fts,True,3200,32,7,168.94,161.38,172.48,18942,0.985,False,18.6,firefox-threadsafe-b.jsonl
firefox,threadsafe,sahpool_per_worker,False,own_connection,fts,True,3200,4,7,98.28,92.22,116.18,32560,1.693,False,18.3,firefox-threadsafe-b.jsonl
firefox,threadsafe,sahpool_per_worker,False,own_connection,fts,True,3200,8,7,129.68,101.62,135.18,24676,1.283,False,18.3,firefox-threadsafe-b.jsonl
firefox,threadsafe,sahpool_per_worker,False,own_connection,insert,False,256,1,7,9775.48,8953.04,32455.22,26,1.000,True,12.7,firefox-threadsafe-b.jsonl
firefox,threadsafe,sahpool_per_worker,False,own_connection,insert,False,256,16,7,658.84,657.40,691.70,389,14.837,False,13.2,firefox-threadsafe-b.jsonl
firefox,threadsafe,sahpool_per_worker,False,own_connection,insert,False,256,2,7,5178.92,4979.54,18541.20,49,1.888,True,13.0,firefox-threadsafe-b.jsonl
firefox,threadsafe,sahpool_per_worker,False,own_connection,insert,False,256,32,7,481.12,473.12,484.26,532,20.318,False,14.7,firefox-threadsafe-b.jsonl
firefox,threadsafe,sahpool_per_worker,False,own_connection,insert,False,256,4,7,2553.02,2498.46,9700.20,100,3.829,True,11.7,firefox-threadsafe-b.jsonl
firefox,threadsafe,sahpool_per_worker,False,own_connection,insert,False,256,8,7,1327.94,1274.92,4844.42,193,7.361,True,12.5,firefox-threadsafe-b.jsonl
firefox,threadsafe,sahpool_per_worker,False,own_connection,mix,False,3200,1,7,36741.80,21204.50,54231.88,87,1.000,True,7.7,firefox-threadsafe-b.jsonl
firefox,threadsafe,sahpool_per_worker,False,own_connection,mix,False,3200,16,7,4806.66,4453.30,5093.82,666,7.644,False,12.6,firefox-threadsafe-b.jsonl
firefox,threadsafe,sahpool_per_worker,False,own_connection,mix,False,3200,2,7,5925.56,5781.52,19443.56,540,6.201,True,9.6,firefox-threadsafe-b.jsonl
firefox,threadsafe,sahpool_per_worker,False,own_connection,mix,False,3200,32,7,10255.78,6828.48,17262.56,312,3.583,True,21.2,firefox-threadsafe-b.jsonl
firefox,threadsafe,sahpool_per_worker,False,own_connection,mix,False,3200,4,7,3803.42,3470.38,17626.82,841,9.660,True,7.9,firefox-threadsafe-b.jsonl
firefox,threadsafe,sahpool_per_worker,False,own_connection,mix,False,3200,8,7,7350.78,1890.28,10054.12,435,4.998,True,8.8,firefox-threadsafe-b.jsonl
firefox,threadsafe,sahpool_per_worker,False,own_connection,point,False,256000,1,7,10075.94,10040.12,10085.36,25407,1.000,False,10.1,firefox-threadsafe-b.jsonl
firefox,threadsafe,sahpool_per_worker,False,own_connection,point,False,256000,16,7,9205.94,8922.28,9312.90,27808,1.095,False,19.0,firefox-threadsafe-b.jsonl
firefox,threadsafe,sahpool_per_worker,False,own_connection,point,False,256000,2,7,6303.48,5967.26,6692.50,40612,1.598,False,9.1,firefox-threadsafe-b.jsonl
firefox,threadsafe,sahpool_per_worker,False,own_connection,point,False,256000,32,7,10485.28,10445.22,10512.00,24415,0.961,False,35.2,firefox-threadsafe-b.jsonl
firefox,threadsafe,sahpool_per_worker,False,own_connection,point,False,256000,4,7,5340.90,5000.34,5542.68,47932,1.887,False,9.6,firefox-threadsafe-b.jsonl
firefox,threadsafe,sahpool_per_worker,False,own_connection,point,False,256000,8,7,6958.18,6917.52,7064.68,36791,1.448,False,12.4,firefox-threadsafe-b.jsonl
firefox,threadsafe,sahpool_per_worker,False,own_connection,point,True,256000,1,7,217.52,208.36,227.44,1176903,1.000,False,36.9,firefox-threadsafe-b.jsonl
firefox,threadsafe,sahpool_per_worker,False,own_connection,point,True,256000,16,7,17.56,17.38,18.84,14578539,12.387,False,36.9,firefox-threadsafe-b.jsonl
firefox,threadsafe,sahpool_per_worker,False,own_connection,point,True,256000,2,7,120.66,116.70,123.04,2121666,1.803,False,36.9,firefox-threadsafe-b.jsonl
firefox,threadsafe,sahpool_per_worker,False,own_connection,point,True,256000,32,7,12.36,12.04,12.90,20711794,17.599,False,36.9,firefox-threadsafe-b.jsonl
firefox,threadsafe,sahpool_per_worker,False,own_connection,point,True,256000,4,7,61.70,59.40,63.00,4149095,3.525,False,36.9,firefox-threadsafe-b.jsonl
firefox,threadsafe,sahpool_per_worker,False,own_connection,point,True,256000,8,7,32.40,31.52,34.64,7901199,6.714,False,36.9,firefox-threadsafe-b.jsonl
firefox,threadsafe,sahpool_per_worker,False,own_connection,range,False,4800,1,7,532.48,518.88,549.44,9014,1.000,False,34.7,firefox-threadsafe-b.jsonl
firefox,threadsafe,sahpool_per_worker,False,own_connection,range,False,4800,16,7,174.36,164.58,180.10,27529,3.054,False,32.9,firefox-threadsafe-b.jsonl
firefox,threadsafe,sahpool_per_worker,False,own_connection,range,False,4800,2,7,305.52,287.92,312.62,15711,1.743,False,34.7,firefox-threadsafe-b.jsonl
firefox,threadsafe,sahpool_per_worker,False,own_connection,range,False,4800,32,7,206.64,203.86,210.86,23229,2.577,False,34.0,firefox-threadsafe-b.jsonl
firefox,threadsafe,sahpool_per_worker,False,own_connection,range,False,4800,4,7,174.10,169.34,180.46,27570,3.058,False,32.9,firefox-threadsafe-b.jsonl
firefox,threadsafe,sahpool_per_worker,False,own_connection,range,False,4800,8,7,128.36,127.30,132.04,37395,4.148,False,32.9,firefox-threadsafe-b.jsonl
firefox,threadsafe,sahpool_per_worker,False,own_connection,range,True,4800,1,7,317.00,299.76,323.28,15142,1.000,False,34.0,firefox-threadsafe-b.jsonl
firefox,threadsafe,sahpool_per_worker,False,own_connection,range,True,4800,16,7,31.52,28.02,32.18,152284,10.057,False,32.1,firefox-threadsafe-b.jsonl
firefox,threadsafe,sahpool_per_worker,False,own_connection,range,True,4800,2,7,153.76,152.66,156.98,31217,2.062,False,34.0,firefox-threadsafe-b.jsonl
firefox,threadsafe,sahpool_per_worker,False,own_connection,range,True,4800,32,7,17.34,16.24,18.46,276811,18.281,False,32.1,firefox-threadsafe-b.jsonl
firefox,threadsafe,sahpool_per_worker,False,own_connection,range,True,4800,4,7,84.58,83.32,88.94,56751,3.748,False,32.1,firefox-threadsafe-b.jsonl
firefox,threadsafe,sahpool_per_worker,False,own_connection,range,True,4800,8,7,46.92,45.22,50.46,102302,6.756,False,32.1,firefox-threadsafe-b.jsonl
firefox,threadsafe,sahpool_per_worker,False,own_connection,scan,False,32,1,7,1852.50,1817.54,1906.86,17,1.000,False,28.2,firefox-threadsafe-b.jsonl
firefox,threadsafe,sahpool_per_worker,False,own_connection,scan,False,32,16,7,5572.38,5466.98,5664.22,6,0.332,False,17.7,firefox-threadsafe-b.jsonl
firefox,threadsafe,sahpool_per_worker,False,own_connection,scan,False,32,2,7,2743.90,2482.94,2903.02,12,0.675,False,22.7,firefox-threadsafe-b.jsonl
firefox,threadsafe,sahpool_per_worker,False,own_connection,scan,False,32,32,7,6102.66,6015.34,6350.76,5,0.304,False,21.5,firefox-threadsafe-b.jsonl
firefox,threadsafe,sahpool_per_worker,False,own_connection,scan,False,32,4,7,4509.14,4262.68,4722.38,7,0.411,False,17.9,firefox-threadsafe-b.jsonl
firefox,threadsafe,sahpool_per_worker,False,own_connection,scan,False,32,8,7,5024.68,4834.24,5198.16,6,0.369,False,15.5,firefox-threadsafe-b.jsonl
firefox,threadsafe,sahpool_per_worker,False,own_connection,sort,False,3200,1,7,1053.40,1026.52,1072.30,3038,1.000,False,17.6,firefox-threadsafe-b.jsonl
firefox,threadsafe,sahpool_per_worker,False,own_connection,sort,False,3200,16,7,107.94,107.02,111.84,29646,9.759,False,16.7,firefox-threadsafe-b.jsonl
firefox,threadsafe,sahpool_per_worker,False,own_connection,sort,False,3200,2,7,557.68,552.46,569.32,5738,1.889,False,16.8,firefox-threadsafe-b.jsonl
firefox,threadsafe,sahpool_per_worker,False,own_connection,sort,False,3200,32,7,134.48,134.04,135.58,23795,7.833,False,18.5,firefox-threadsafe-b.jsonl
firefox,threadsafe,sahpool_per_worker,False,own_connection,sort,False,3200,4,7,288.36,283.82,293.12,11097,3.653,False,16.7,firefox-threadsafe-b.jsonl
firefox,threadsafe,sahpool_per_worker,False,own_connection,sort,False,3200,8,7,161.08,159.72,163.92,19866,6.540,False,16.7,firefox-threadsafe-b.jsonl
firefox,threadsafe,sahpool_per_worker,False,own_connection,sort,True,3200,1,7,841.06,830.22,859.92,3805,1.000,False,18.5,firefox-threadsafe-b.jsonl
firefox,threadsafe,sahpool_per_worker,False,own_connection,sort,True,3200,16,7,84.62,82.30,88.78,37816,9.939,False,17.6,firefox-threadsafe-b.jsonl
firefox,threadsafe,sahpool_per_worker,False,own_connection,sort,True,3200,2,7,438.82,424.06,461.96,7292,1.917,False,18.0,firefox-threadsafe-b.jsonl
firefox,threadsafe,sahpool_per_worker,False,own_connection,sort,True,3200,32,7,79.46,79.00,80.56,40272,10.585,False,17.6,firefox-threadsafe-b.jsonl
firefox,threadsafe,sahpool_per_worker,False,own_connection,sort,True,3200,4,7,221.18,217.98,233.88,14468,3.803,False,17.6,firefox-threadsafe-b.jsonl
firefox,threadsafe,sahpool_per_worker,False,own_connection,sort,True,3200,8,7,125.96,123.82,130.58,25405,6.677,False,17.6,firefox-threadsafe-b.jsonl
node,cipher,cipher_per_worker,False,own_connection,fts,False,3200,1,7,259.91,239.90,268.85,12312,1.000,False,nan,node.jsonl
node,cipher,cipher_per_worker,False,own_connection,fts,False,3200,16,7,97.03,87.46,101.37,32980,2.679,False,nan,node.jsonl
node,cipher,cipher_per_worker,False,own_connection,fts,False,3200,2,7,126.94,119.02,138.47,25209,2.047,False,nan,node.jsonl
node,cipher,cipher_per_worker,False,own_connection,fts,False,3200,32,7,107.94,105.50,119.35,29646,2.408,False,nan,node.jsonl
node,cipher,cipher_per_worker,False,own_connection,fts,False,3200,4,7,81.37,78.16,87.81,39325,3.194,False,nan,node.jsonl
node,cipher,cipher_per_worker,False,own_connection,fts,False,3200,8,7,72.26,70.72,75.00,44284,3.597,False,nan,node.jsonl
node,cipher,cipher_per_worker,False,own_connection,fts,True,3200,1,7,173.08,167.84,175.70,18489,1.000,False,nan,node.jsonl
node,cipher,cipher_per_worker,False,own_connection,fts,True,3200,16,7,96.09,93.85,99.62,33301,1.801,False,nan,node.jsonl
node,cipher,cipher_per_worker,False,own_connection,fts,True,3200,2,7,96.15,92.36,98.91,33282,1.800,False,nan,node.jsonl
node,cipher,cipher_per_worker,False,own_connection,fts,True,3200,32,7,119.07,116.83,121.38,26875,1.454,False,nan,node.jsonl
node,cipher,cipher_per_worker,False,own_connection,fts,True,3200,4,7,68.26,57.46,70.93,46878,2.535,False,nan,node.jsonl
node,cipher,cipher_per_worker,False,own_connection,fts,True,3200,8,7,56.71,55.72,64.66,56428,3.052,False,nan,node.jsonl
node,cipher,cipher_per_worker,False,own_connection,insert,False,9600,1,7,1233.10,1229.29,1239.53,7785,1.000,False,nan,node.jsonl
node,cipher,cipher_per_worker,False,own_connection,insert,False,9600,16,7,265.79,261.89,275.11,36119,4.639,False,nan,node.jsonl
node,cipher,cipher_per_worker,False,own_connection,insert,False,9600,2,7,633.20,631.87,659.26,15161,1.947,False,nan,node.jsonl
node,cipher,cipher_per_worker,False,own_connection,insert,False,9600,32,7,321.37,314.07,328.27,29872,3.837,False,nan,node.jsonl
node,cipher,cipher_per_worker,False,own_connection,insert,False,9600,4,7,360.91,338.14,366.75,26600,3.417,False,nan,node.jsonl
node,cipher,cipher_per_worker,False,own_connection,insert,False,9600,8,7,242.12,239.85,249.19,39650,5.093,False,nan,node.jsonl
node,cipher,cipher_per_worker,False,own_connection,mix,False,160000,1,7,4761.41,4723.27,4898.02,33603,1.000,False,nan,node.jsonl
node,cipher,cipher_per_worker,False,own_connection,mix,False,160000,16,7,584.18,562.25,594.80,273887,8.151,False,nan,node.jsonl
node,cipher,cipher_per_worker,False,own_connection,mix,False,160000,2,7,2476.10,2448.47,2570.24,64618,1.923,False,nan,node.jsonl
node,cipher,cipher_per_worker,False,own_connection,mix,False,160000,32,7,606.79,598.68,607.69,263684,7.847,False,nan,node.jsonl
node,cipher,cipher_per_worker,False,own_connection,mix,False,160000,4,7,1290.90,1282.86,1349.82,123944,3.688,False,nan,node.jsonl
node,cipher,cipher_per_worker,False,own_connection,mix,False,160000,8,7,732.12,725.24,746.49,218544,6.504,False,nan,node.jsonl
node,cipher,cipher_per_worker,False,own_connection,point,False,256000,1,7,5096.39,5077.18,5238.45,50232,1.000,False,nan,node.jsonl
node,cipher,cipher_per_worker,False,own_connection,point,False,256000,16,7,401.89,399.94,419.44,636994,12.681,False,nan,node.jsonl
node,cipher,cipher_per_worker,False,own_connection,point,False,256000,2,7,2596.45,2589.07,2619.86,98596,1.963,False,nan,node.jsonl
node,cipher,cipher_per_worker,False,own_connection,point,False,256000,32,7,373.15,367.89,374.70,686047,13.658,False,nan,node.jsonl
node,cipher,cipher_per_worker,False,own_connection,point,False,256000,4,7,1349.77,1329.92,1383.85,189662,3.776,False,nan,node.jsonl
node,cipher,cipher_per_worker,False,own_connection,point,False,256000,8,7,711.77,708.37,726.16,359667,7.160,False,nan,node.jsonl
node,cipher,cipher_per_worker,False,own_connection,point,True,256000,1,7,118.51,118.18,123.15,2160097,1.000,False,nan,node.jsonl
node,cipher,cipher_per_worker,False,own_connection,point,True,256000,16,7,13.28,12.98,14.69,19271043,8.921,False,nan,node.jsonl
node,cipher,cipher_per_worker,False,own_connection,point,True,256000,2,7,60.95,59.10,62.98,4200066,1.944,False,nan,node.jsonl
node,cipher,cipher_per_worker,False,own_connection,point,True,256000,32,7,9.32,8.57,10.18,27474807,12.719,False,nan,node.jsonl
node,cipher,cipher_per_worker,False,own_connection,point,True,256000,4,7,30.21,30.16,31.54,8474917,3.923,False,nan,node.jsonl
node,cipher,cipher_per_worker,False,own_connection,point,True,256000,8,7,18.57,18.24,19.77,13788163,6.383,False,nan,node.jsonl
node,cipher,cipher_per_worker,False,own_connection,range,False,4800,1,7,348.20,346.58,350.42,13785,1.000,False,nan,node.jsonl
node,cipher,cipher_per_worker,False,own_connection,range,False,4800,16,7,35.25,33.02,38.20,136181,9.879,False,nan,node.jsonl
node,cipher,cipher_per_worker,False,own_connection,range,False,4800,2,7,179.85,176.41,188.03,26689,1.936,False,nan,node.jsonl
node,cipher,cipher_per_worker,False,own_connection,range,False,4800,32,7,20.03,19.32,20.34,239629,17.383,False,nan,node.jsonl
node,cipher,cipher_per_worker,False,own_connection,range,False,4800,4,7,101.88,99.68,103.55,47113,3.418,False,nan,node.jsonl
node,cipher,cipher_per_worker,False,own_connection,range,False,4800,8,7,54.37,49.13,55.36,88289,6.405,False,nan,node.jsonl
node,cipher,cipher_per_worker,False,own_connection,range,True,4800,1,7,253.73,252.62,254.68,18917,1.000,False,nan,node.jsonl
node,cipher,cipher_per_worker,False,own_connection,range,True,4800,16,7,23.40,19.47,24.23,205121,10.843,False,nan,node.jsonl
node,cipher,cipher_per_worker,False,own_connection,range,True,4800,2,7,130.66,128.92,134.85,36738,1.942,False,nan,node.jsonl
node,cipher,cipher_per_worker,False,own_connection,range,True,4800,32,7,14.21,13.85,14.75,337884,17.861,False,nan,node.jsonl
node,cipher,cipher_per_worker,False,own_connection,range,True,4800,4,7,72.12,69.57,78.13,66560,3.518,False,nan,node.jsonl
node,cipher,cipher_per_worker,False,own_connection,range,True,4800,8,7,40.71,38.82,41.68,117895,6.232,False,nan,node.jsonl
node,cipher,cipher_per_worker,False,own_connection,scan,False,32,1,7,1143.02,1134.34,1148.05,28,1.000,False,nan,node.jsonl
node,cipher,cipher_per_worker,False,own_connection,scan,False,32,16,7,3488.58,3400.69,3743.48,9,0.328,False,nan,node.jsonl
node,cipher,cipher_per_worker,False,own_connection,scan,False,32,2,7,1658.68,1477.18,1826.46,19,0.689,False,nan,node.jsonl
node,cipher,cipher_per_worker,False,own_connection,scan,False,32,32,7,4327.27,4292.27,4341.47,7,0.264,False,nan,node.jsonl
node,cipher,cipher_per_worker,False,own_connection,scan,False,32,4,7,1769.85,1443.21,1804.42,18,0.646,False,nan,node.jsonl
node,cipher,cipher_per_worker,False,own_connection,scan,False,32,8,7,2941.43,2859.41,3221.22,11,0.389,False,nan,node.jsonl
node,cipher,cipher_per_worker,False,own_connection,sort,False,3200,1,7,609.78,608.64,611.95,5248,1.000,False,nan,node.jsonl
node,cipher,cipher_per_worker,False,own_connection,sort,False,3200,16,7,71.49,70.64,71.73,44760,8.529,False,nan,node.jsonl
node,cipher,cipher_per_worker,False,own_connection,sort,False,3200,2,7,321.66,313.39,388.37,9948,1.896,False,nan,node.jsonl
node,cipher,cipher_per_worker,False,own_connection,sort,False,3200,32,7,70.53,68.67,71.00,45372,8.646,False,nan,node.jsonl
node,cipher,cipher_per_worker,False,own_connection,sort,False,3200,4,7,171.77,160.53,191.62,18629,3.550,False,nan,node.jsonl
node,cipher,cipher_per_worker,False,own_connection,sort,False,3200,8,7,98.12,92.62,102.55,32613,6.215,False,nan,node.jsonl
node,cipher,cipher_per_worker,False,own_connection,sort,True,3200,1,7,568.93,562.74,599.74,5625,1.000,False,nan,node.jsonl
node,cipher,cipher_per_worker,False,own_connection,sort,True,3200,16,7,51.59,48.24,55.78,62024,11.027,False,nan,node.jsonl
node,cipher,cipher_per_worker,False,own_connection,sort,True,3200,2,7,292.96,277.64,362.45,10923,1.942,False,nan,node.jsonl
node,cipher,cipher_per_worker,False,own_connection,sort,True,3200,32,7,55.17,53.51,57.73,58006,10.313,False,nan,node.jsonl
node,cipher,cipher_per_worker,False,own_connection,sort,True,3200,4,7,160.81,147.34,175.55,19899,3.538,False,nan,node.jsonl
node,cipher,cipher_per_worker,False,own_connection,sort,True,3200,8,7,89.19,86.21,98.91,35877,6.379,False,nan,node.jsonl
node,cipher,cipher_shared,False,own_connection,fts,False,3200,1,7,366.15,291.05,393.58,8740,1.000,False,nan,node.jsonl
node,cipher,cipher_shared,False,own_connection,fts,False,3200,16,7,116.80,114.38,119.06,27397,3.135,False,nan,node.jsonl
node,cipher,cipher_shared,False,own_connection,fts,False,3200,2,7,264.23,207.50,286.01,12110,1.386,False,nan,node.jsonl
node,cipher,cipher_shared,False,own_connection,fts,False,3200,32,7,133.55,132.42,134.15,23961,2.742,False,nan,node.jsonl
node,cipher,cipher_shared,False,own_connection,fts,False,3200,4,7,113.39,107.94,132.59,28221,3.229,False,nan,node.jsonl
node,cipher,cipher_shared,False,own_connection,fts,False,3200,8,7,84.66,80.87,99.83,37800,4.325,False,nan,node.jsonl
node,cipher,cipher_shared,False,own_connection,fts,True,3200,1,7,180.50,180.17,180.98,17728,1.000,False,nan,node.jsonl
node,cipher,cipher_shared,False,own_connection,fts,True,3200,16,7,92.12,91.01,108.94,34738,1.959,False,nan,node.jsonl
node,cipher,cipher_shared,False,own_connection,fts,True,3200,2,7,118.05,116.84,119.76,27108,1.529,False,nan,node.jsonl
node,cipher,cipher_shared,False,own_connection,fts,True,3200,32,7,112.46,111.57,117.76,28453,1.605,False,nan,node.jsonl
node,cipher,cipher_shared,False,own_connection,fts,True,3200,4,7,95.79,87.78,97.10,33405,1.884,False,nan,node.jsonl
node,cipher,cipher_shared,False,own_connection,fts,True,3200,8,7,89.61,88.71,91.60,35711,2.014,False,nan,node.jsonl
node,cipher,cipher_shared,False,own_connection,insert,False,9600,1,7,1271.28,1251.74,1599.72,7551,1.000,False,nan,node.jsonl
node,cipher,cipher_shared,False,own_connection,insert,False,9600,16,7,1616.07,1614.10,1622.90,5940,0.787,False,nan,node.jsonl
node,cipher,cipher_shared,False,own_connection,insert,False,9600,2,7,1366.83,1354.02,1689.41,7024,0.930,False,nan,node.jsonl
node,cipher,cipher_shared,False,own_connection,insert,False,9600,32,7,2980.02,2977.15,2981.30,3221,0.427,False,nan,node.jsonl
node,cipher,cipher_shared,False,own_connection,insert,False,9600,4,7,1543.98,1446.22,1935.13,6218,0.823,False,nan,node.jsonl
node,cipher,cipher_shared,False,own_connection,insert,False,9600,8,7,1590.77,1589.74,1595.90,6035,0.799,False,nan,node.jsonl
node,cipher,cipher_shared,False,own_connection,mix,False,160000,1,7,4760.52,4705.07,4818.67,33610,1.000,False,nan,node.jsonl
node,cipher,cipher_shared,False,own_connection,mix,False,160000,16,7,44308.92,42083.52,46399.47,3611,0.107,False,nan,node.jsonl
node,cipher,cipher_shared,False,own_connection,mix,False,160000,2,7,10930.30,10413.68,11088.71,14638,0.436,False,nan,node.jsonl
node,cipher,cipher_shared,False,own_connection,mix,False,160000,32,7,73346.67,71416.31,76462.85,2181,0.065,False,nan,node.jsonl
node,cipher,cipher_shared,False,own_connection,mix,False,160000,4,7,17963.00,17418.23,18653.28,8907,0.265,False,nan,node.jsonl
node,cipher,cipher_shared,False,own_connection,mix,False,160000,8,7,28402.17,26609.14,28693.15,5633,0.168,False,nan,node.jsonl
node,cipher,cipher_shared,False,own_connection,point,False,256000,1,7,5299.78,5282.35,5307.89,48304,1.000,False,nan,node.jsonl
node,cipher,cipher_shared,False,own_connection,point,False,256000,16,7,634.53,622.55,661.16,403445,8.352,False,nan,node.jsonl
node,cipher,cipher_shared,False,own_connection,point,False,256000,2,7,2762.31,2756.35,2821.80,92676,1.919,False,nan,node.jsonl
node,cipher,cipher_shared,False,own_connection,point,False,256000,32,7,703.48,689.18,708.05,363904,7.534,False,nan,node.jsonl
node,cipher,cipher_shared,False,own_connection,point,False,256000,4,7,1403.35,1377.96,1440.98,182421,3.777,False,nan,node.jsonl
node,cipher,cipher_shared,False,own_connection,point,False,256000,8,7,852.29,846.53,857.76,300367,6.218,False,nan,node.jsonl
node,cipher,cipher_shared,False,own_connection,point,True,256000,1,7,126.83,125.04,126.97,2018480,1.000,False,nan,node.jsonl
node,cipher,cipher_shared,False,own_connection,point,True,256000,16,7,10.08,9.58,11.84,25408321,12.588,False,nan,node.jsonl
node,cipher,cipher_shared,False,own_connection,point,True,256000,2,7,63.40,63.01,63.82,4037877,2.000,False,nan,node.jsonl
node,cipher,cipher_shared,False,own_connection,point,True,256000,32,7,7.69,7.49,7.83,33288127,16.492,False,nan,node.jsonl
node,cipher,cipher_shared,False,own_connection,point,True,256000,4,7,35.86,35.42,41.49,7139824,3.537,False,nan,node.jsonl
node,cipher,cipher_shared,False,own_connection,point,True,256000,8,7,22.32,20.56,24.47,11467367,5.681,False,nan,node.jsonl
node,cipher,cipher_shared,False,own_connection,range,False,4800,1,7,354.87,352.78,362.34,13526,1.000,False,nan,node.jsonl
node,cipher,cipher_shared,False,own_connection,range,False,4800,16,7,35.61,32.74,36.98,134783,9.965,False,nan,node.jsonl
node,cipher,cipher_shared,False,own_connection,range,False,4800,2,7,183.30,179.46,186.84,26186,1.936,False,nan,node.jsonl
node,cipher,cipher_shared,False,own_connection,range,False,4800,32,7,20.30,19.85,21.66,236416,17.479,False,nan,node.jsonl
node,cipher,cipher_shared,False,own_connection,range,False,4800,4,7,99.68,93.45,100.77,48153,3.560,False,nan,node.jsonl
node,cipher,cipher_shared,False,own_connection,range,False,4800,8,7,57.81,55.65,59.57,83034,6.139,False,nan,node.jsonl
node,cipher,cipher_shared,False,own_connection,range,True,4800,1,7,260.65,254.19,263.30,18415,1.000,False,nan,node.jsonl
node,cipher,cipher_shared,False,own_connection,range,True,4800,16,7,22.75,21.33,26.15,210953,11.455,False,nan,node.jsonl
node,cipher,cipher_shared,False,own_connection,range,True,4800,2,7,132.33,130.73,132.79,36272,1.970,False,nan,node.jsonl
node,cipher,cipher_shared,False,own_connection,range,True,4800,32,7,14.37,14.15,14.73,333964,18.135,False,nan,node.jsonl
node,cipher,cipher_shared,False,own_connection,range,True,4800,4,7,75.62,74.11,79.46,63475,3.447,False,nan,node.jsonl
node,cipher,cipher_shared,False,own_connection,range,True,4800,8,7,40.89,39.88,47.61,117397,6.375,False,nan,node.jsonl
node,cipher,cipher_shared,False,own_connection,scan,False,32,1,7,1061.25,1053.88,1076.55,30,1.000,False,nan,node.jsonl
node,cipher,cipher_shared,False,own_connection,scan,False,32,16,7,3633.17,3603.31,3646.17,9,0.292,False,nan,node.jsonl
node,cipher,cipher_shared,False,own_connection,scan,False,32,2,7,1547.97,1514.43,1642.75,21,0.686,False,nan,node.jsonl
node,cipher,cipher_shared,False,own_connection,scan,False,32,32,7,5007.87,4605.21,5073.34,6,0.212,False,nan,node.jsonl
node,cipher,cipher_shared,False,own_connection,scan,False,32,4,7,2410.64,2098.38,2550.30,13,0.440,False,nan,node.jsonl
node,cipher,cipher_shared,False,own_connection,scan,False,32,8,7,3106.93,2911.66,3329.61,10,0.342,False,nan,node.jsonl
node,cipher,cipher_shared,False,own_connection,sort,False,3200,1,7,618.03,610.36,878.51,5178,1.000,False,nan,node.jsonl
node,cipher,cipher_shared,False,own_connection,sort,False,3200,16,7,77.64,76.13,78.46,41214,7.960,False,nan,node.jsonl
node,cipher,cipher_shared,False,own_connection,sort,False,3200,2,7,344.50,315.49,537.43,9289,1.794,False,nan,node.jsonl
node,cipher,cipher_shared,False,own_connection,sort,False,3200,32,7,69.40,67.20,70.55,46109,8.905,False,nan,node.jsonl
node,cipher,cipher_shared,False,own_connection,sort,False,3200,4,7,271.79,258.53,288.58,11774,2.274,False,nan,node.jsonl
node,cipher,cipher_shared,False,own_connection,sort,False,3200,8,7,144.65,123.21,146.07,22123,4.273,False,nan,node.jsonl
node,cipher,cipher_shared,False,own_connection,sort,True,3200,1,7,744.97,645.17,1008.08,4295,1.000,False,nan,node.jsonl
node,cipher,cipher_shared,False,own_connection,sort,True,3200,16,7,72.16,71.74,73.64,44343,10.323,False,nan,node.jsonl
node,cipher,cipher_shared,False,own_connection,sort,True,3200,2,7,503.93,502.45,519.44,6350,1.478,False,nan,node.jsonl
node,cipher,cipher_shared,False,own_connection,sort,True,3200,32,7,92.66,72.43,97.20,34534,8.040,False,nan,node.jsonl
node,cipher,cipher_shared,False,own_connection,sort,True,3200,4,7,245.84,235.46,265.02,13017,3.030,False,nan,node.jsonl
node,cipher,cipher_shared,False,own_connection,sort,True,3200,8,7,133.17,132.99,133.83,24030,5.594,False,nan,node.jsonl
node,single,memory_per_worker,False,own_connection,fts,False,3200,1,7,178.77,177.75,179.92,17900,1.000,False,nan,node.jsonl
node,single,memory_per_worker,False,own_connection,fts,True,3200,1,7,173.41,172.91,174.28,18453,1.000,False,nan,node.jsonl
node,single,memory_per_worker,False,own_connection,insert,False,9600,1,7,213.36,173.52,247.72,44995,1.000,False,nan,node.jsonl
node,single,memory_per_worker,False,own_connection,mix,False,160000,1,7,108.61,106.61,126.68,1473143,1.000,False,nan,node.jsonl
node,single,memory_per_worker,False,own_connection,point,False,256000,1,7,141.81,140.73,142.07,1805216,1.000,False,nan,node.jsonl
node,single,memory_per_worker,False,own_connection,point,True,256000,1,7,111.04,110.13,112.62,2305459,1.000,False,nan,node.jsonl
node,single,memory_per_worker,False,own_connection,range,False,4800,1,7,277.01,269.97,286.29,17328,1.000,False,nan,node.jsonl
node,single,memory_per_worker,False,own_connection,range,True,4800,1,7,268.38,268.26,274.21,17885,1.000,False,nan,node.jsonl
node,single,memory_per_worker,False,own_connection,scan,False,32,1,7,1115.14,1090.02,1153.20,29,1.000,False,nan,node.jsonl
node,single,memory_per_worker,False,own_connection,sort,False,3200,1,7,543.80,538.25,546.02,5885,1.000,False,nan,node.jsonl
node,single,memory_per_worker,False,own_connection,sort,True,3200,1,7,535.27,531.97,536.66,5978,1.000,False,nan,node.jsonl
node,single,memvfs_per_worker,False,own_connection,fts,False,3200,1,7,182.80,178.00,190.94,17505,1.000,False,nan,node.jsonl
node,single,memvfs_per_worker,False,own_connection,fts,True,3200,1,7,175.88,175.40,179.37,18194,1.000,False,nan,node.jsonl
node,single,memvfs_per_worker,False,own_connection,insert,False,9600,1,7,213.66,213.64,217.58,44932,1.000,False,nan,node.jsonl
node,single,memvfs_per_worker,False,own_connection,mix,False,160000,1,7,204.28,202.52,218.55,783254,1.000,False,nan,node.jsonl
node,single,memvfs_per_worker,False,own_connection,point,False,256000,1,7,191.28,187.78,198.05,1338345,1.000,False,nan,node.jsonl
node,single,memvfs_per_worker,False,own_connection,point,True,256000,1,7,114.81,113.07,120.62,2229822,1.000,False,nan,node.jsonl
node,single,memvfs_per_worker,False,own_connection,range,False,4800,1,7,275.11,273.57,277.11,17447,1.000,False,nan,node.jsonl
node,single,memvfs_per_worker,False,own_connection,range,True,4800,1,7,273.36,269.70,280.01,17559,1.000,False,nan,node.jsonl
node,single,memvfs_per_worker,False,own_connection,scan,False,32,1,7,1130.21,1114.60,1154.67,28,1.000,False,nan,node.jsonl
node,single,memvfs_per_worker,False,own_connection,sort,False,3200,1,7,537.54,535.27,548.35,5953,1.000,False,nan,node.jsonl
node,single,memvfs_per_worker,False,own_connection,sort,True,3200,1,7,546.79,537.26,548.31,5852,1.000,False,nan,node.jsonl
node,single,memvfs_shared,False,own_connection,fts,False,3200,1,7,182.21,180.78,186.25,17562,1.000,False,nan,node.jsonl
node,single,memvfs_shared,False,own_connection,fts,True,3200,1,7,180.92,177.51,189.02,17687,1.000,False,nan,node.jsonl
node,single,memvfs_shared,False,own_connection,insert,False,9600,1,7,220.40,215.51,228.46,43557,1.000,False,nan,node.jsonl
node,single,memvfs_shared,False,own_connection,mix,False,160000,1,7,195.24,193.25,204.88,819512,1.000,False,nan,node.jsonl
node,single,memvfs_shared,False,own_connection,point,False,256000,1,7,184.29,182.82,187.62,1389091,1.000,False,nan,node.jsonl
node,single,memvfs_shared,False,own_connection,point,True,256000,1,7,115.22,112.60,121.55,2221922,1.000,False,nan,node.jsonl
node,single,memvfs_shared,False,own_connection,range,False,4800,1,7,275.45,270.55,280.38,17426,1.000,False,nan,node.jsonl
node,single,memvfs_shared,False,own_connection,range,True,4800,1,7,266.56,265.86,268.02,18007,1.000,False,nan,node.jsonl
node,single,memvfs_shared,False,own_connection,scan,False,32,1,7,1110.76,1076.31,1137.92,29,1.000,False,nan,node.jsonl
node,single,memvfs_shared,False,own_connection,sort,False,3200,1,7,552.45,551.93,570.16,5792,1.000,False,nan,node.jsonl
node,single,memvfs_shared,False,own_connection,sort,True,3200,1,7,535.00,531.21,543.64,5981,1.000,False,nan,node.jsonl
node,sqlcipher,memvfs_shared,False,own_connection,cold_scan,False,64,1,7,435.73,428.85,454.13,147,1.000,False,34.3,node-sqlcipher-coldscan.jsonl
node,sqlcipher,memvfs_shared,False,own_connection,cold_scan,False,64,16,7,43.05,40.04,46.45,1487,10.121,False,32.4,node-sqlcipher-coldscan.jsonl
node,sqlcipher,memvfs_shared,False,own_connection,cold_scan,False,64,2,7,220.49,218.87,232.19,290,1.976,False,32.4,node-sqlcipher-coldscan.jsonl
node,sqlcipher,memvfs_shared,False,own_connection,cold_scan,False,64,32,7,25.40,25.23,26.37,2520,17.156,False,32.4,node-sqlcipher-coldscan.jsonl
node,sqlcipher,memvfs_shared,False,own_connection,cold_scan,False,64,4,7,125.83,123.66,128.40,509,3.463,False,32.4,node-sqlcipher-coldscan.jsonl
node,sqlcipher,memvfs_shared,False,own_connection,cold_scan,False,64,8,7,68.78,64.08,76.82,930,6.335,False,32.4,node-sqlcipher-coldscan.jsonl
node,sqlcipher,memvfs_shared,False,own_connection,keyed_open,False,32,1,3,2.40,2.35,2.57,13316,1.000,False,42.1,node-sqlcipher.jsonl
node,sqlcipher,memvfs_shared,False,own_connection,keyed_open,False,32,16,3,7.85,6.74,8.48,4079,0.306,False,42.1,node-sqlcipher.jsonl
node,sqlcipher,memvfs_shared,False,own_connection,keyed_open,False,32,2,3,4.45,4.43,4.47,7188,0.540,False,42.1,node-sqlcipher.jsonl
node,sqlcipher,memvfs_shared,False,own_connection,keyed_open,False,32,32,3,8.64,8.49,8.70,3704,0.278,False,42.1,node-sqlcipher.jsonl
node,sqlcipher,memvfs_shared,False,own_connection,keyed_open,False,32,4,3,4.40,4.14,4.52,7270,0.546,False,42.1,node-sqlcipher.jsonl
node,sqlcipher,memvfs_shared,False,own_connection,keyed_open,False,32,8,3,6.43,5.66,6.97,4973,0.373,False,42.1,node-sqlcipher.jsonl
node,sqlcipher,sqlcipher_shared,False,own_connection,cold_scan,False,64,1,7,2325.72,2280.68,2342.23,28,1.000,False,41.0,node-sqlcipher-coldscan.jsonl
node,sqlcipher,sqlcipher_shared,False,own_connection,cold_scan,False,64,16,7,258.24,257.30,260.63,248,9.006,False,31.8,node-sqlcipher-coldscan.jsonl
node,sqlcipher,sqlcipher_shared,False,own_connection,cold_scan,False,64,2,7,1207.76,1151.31,1327.66,53,1.926,False,34.4,node-sqlcipher-coldscan.jsonl
node,sqlcipher,sqlcipher_shared,False,own_connection,cold_scan,False,64,32,7,172.80,163.67,178.60,370,13.459,False,34.3,node-sqlcipher-coldscan.jsonl
node,sqlcipher,sqlcipher_shared,False,own_connection,cold_scan,False,64,4,7,603.48,595.56,607.66,106,3.854,False,32.9,node-sqlcipher-coldscan.jsonl
node,sqlcipher,sqlcipher_shared,False,own_connection,cold_scan,False,64,8,7,336.15,322.64,352.45,190,6.919,False,31.8,node-sqlcipher-coldscan.jsonl
node,sqlcipher,sqlcipher_shared,False,own_connection,keyed_open,False,32,1,3,21339.65,21293.92,21811.33,1,1.000,False,17.2,node-sqlcipher.jsonl
node,sqlcipher,sqlcipher_shared,False,own_connection,keyed_open,False,32,16,3,44664.13,41232.50,45241.66,1,0.478,False,23.1,node-sqlcipher.jsonl
node,sqlcipher,sqlcipher_shared,False,own_connection,keyed_open,False,32,2,3,12239.43,11810.55,13092.02,3,1.744,False,14.4,node-sqlcipher.jsonl
node,sqlcipher,sqlcipher_shared,False,own_connection,keyed_open,False,32,32,3,71689.28,70421.64,75422.80,0,0.298,False,38.1,node-sqlcipher.jsonl
node,sqlcipher,sqlcipher_shared,False,own_connection,keyed_open,False,32,4,3,8766.61,8765.72,13361.05,4,2.434,False,17.1,node-sqlcipher.jsonl
node,sqlcipher,sqlcipher_shared,False,own_connection,keyed_open,False,32,8,3,22113.67,21384.12,28049.95,1,0.965,False,16.8,node-sqlcipher.jsonl
node,sqlcipher-tcache,memvfs_shared,False,own_connection,cold_scan,False,64,1,7,423.23,422.11,424.48,151,1.000,False,19.8,node-sqlcipher-tcache.jsonl
node,sqlcipher-tcache,memvfs_shared,False,own_connection,cold_scan,False,64,16,7,45.25,42.50,45.77,1414,9.353,False,20.4,node-sqlcipher-tcache.jsonl
node,sqlcipher-tcache,memvfs_shared,False,own_connection,cold_scan,False,64,2,7,215.44,214.55,218.13,297,1.964,False,20.4,node-sqlcipher-tcache.jsonl
node,sqlcipher-tcache,memvfs_shared,False,own_connection,cold_scan,False,64,32,7,26.79,25.57,27.07,2389,15.800,False,20.4,node-sqlcipher-tcache.jsonl
node,sqlcipher-tcache,memvfs_shared,False,own_connection,cold_scan,False,64,4,7,120.81,117.01,129.04,530,3.503,False,20.4,node-sqlcipher-tcache.jsonl
node,sqlcipher-tcache,memvfs_shared,False,own_connection,cold_scan,False,64,8,7,68.41,65.11,79.79,936,6.187,False,20.4,node-sqlcipher-tcache.jsonl
node,sqlcipher-tcache,memvfs_shared,False,own_connection,keyed_open,False,32,1,3,1.71,1.67,1.72,18717,1.000,False,19.8,node-sqlcipher-tcache.jsonl
node,sqlcipher-tcache,memvfs_shared,False,own_connection,keyed_open,False,32,16,3,4.26,4.10,4.39,7518,0.402,False,19.8,node-sqlcipher-tcache.jsonl
node,sqlcipher-tcache,memvfs_shared,False,own_connection,keyed_open,False,32,2,3,2.59,2.55,2.60,12356,0.660,False,19.8,node-sqlcipher-tcache.jsonl
node,sqlcipher-tcache,memvfs_shared,False,own_connection,keyed_open,False,32,32,3,5.86,5.67,7.95,5462,0.292,False,19.8,node-sqlcipher-tcache.jsonl
node,sqlcipher-tcache,memvfs_shared,False,own_connection,keyed_open,False,32,4,3,2.50,2.42,2.52,12809,0.684,False,19.8,node-sqlcipher-tcache.jsonl
node,sqlcipher-tcache,memvfs_shared,False,own_connection,keyed_open,False,32,8,3,3.68,3.59,5.93,8689,0.464,False,19.8,node-sqlcipher-tcache.jsonl
node,sqlcipher-tcache,sqlcipher_shared,False,own_connection,cold_scan,False,64,1,7,2252.18,2248.30,2263.56,28,1.000,False,18.6,node-sqlcipher-tcache.jsonl
node,sqlcipher-tcache,sqlcipher_shared,False,own_connection,cold_scan,False,64,16,7,165.86,162.29,178.06,386,13.579,False,15.0,node-sqlcipher-tcache.jsonl
node,sqlcipher-tcache,sqlcipher_shared,False,own_connection,cold_scan,False,64,2,7,1146.20,1131.53,1160.23,56,1.965,False,15.7,node-sqlcipher-tcache.jsonl
node,sqlcipher-tcache,sqlcipher_shared,False,own_connection,cold_scan,False,64,32,7,118.75,114.45,120.33,539,18.965,False,15.0,node-sqlcipher-tcache.jsonl
node,sqlcipher-tcache,sqlcipher_shared,False,own_connection,cold_scan,False,64,4,7,575.09,569.63,587.88,111,3.916,False,15.0,node-sqlcipher-tcache.jsonl
node,sqlcipher-tcache,sqlcipher_shared,False,own_connection,cold_scan,False,64,8,7,291.99,286.97,318.89,219,7.713,False,15.0,node-sqlcipher-tcache.jsonl
node,sqlcipher-tcache,sqlcipher_shared,False,own_connection,keyed_open,False,32,1,3,21179.73,20748.61,21282.96,2,1.000,False,27.9,node-sqlcipher-tcache.jsonl
node,sqlcipher-tcache,sqlcipher_shared,False,own_connection,keyed_open,False,32,16,3,1348.98,1339.51,1410.34,24,15.701,False,19.7,node-sqlcipher-tcache.jsonl
node,sqlcipher-tcache,sqlcipher_shared,False,own_connection,keyed_open,False,32,2,3,10479.48,10446.84,11567.39,3,2.021,False,26.7,node-sqlcipher-tcache.jsonl
node,sqlcipher-tcache,sqlcipher_shared,False,own_connection,keyed_open,False,32,32,3,944.76,919.95,975.20,34,22.418,False,21.0,node-sqlcipher-tcache.jsonl
node,sqlcipher-tcache,sqlcipher_shared,False,own_connection,keyed_open,False,32,4,3,5315.68,5248.42,5316.09,6,3.984,False,21.0,node-sqlcipher-tcache.jsonl
node,sqlcipher-tcache,sqlcipher_shared,False,own_connection,keyed_open,False,32,8,3,2649.42,2643.65,2726.02,12,7.994,False,19.5,node-sqlcipher-tcache.jsonl
node,tcache,memory_per_worker,False,own_connection,fts,False,3200,1,7,189.34,177.57,196.48,16901,1.000,False,nan,node-tcache.jsonl
node,tcache,memory_per_worker,False,own_connection,fts,False,3200,16,7,37.08,34.72,38.24,86293,5.106,False,nan,node-tcache.jsonl
node,tcache,memory_per_worker,False,own_connection,fts,False,3200,2,7,98.86,97.30,101.93,32368,1.915,False,nan,node-tcache.jsonl
node,tcache,memory_per_worker,False,own_connection,fts,False,3200,32,7,42.73,41.08,44.93,74882,4.431,False,nan,node-tcache.jsonl
node,tcache,memory_per_worker,False,own_connection,fts,False,3200,4,7,54.92,53.16,59.51,58269,3.448,False,nan,node-tcache.jsonl
node,tcache,memory_per_worker,False,own_connection,fts,False,3200,8,7,34.98,34.00,35.57,91492,5.413,False,nan,node-tcache.jsonl
node,tcache,memory_per_worker,False,own_connection,fts,True,3200,1,7,177.82,171.63,179.56,17995,1.000,False,nan,node-tcache.jsonl
node,tcache,memory_per_worker,False,own_connection,fts,True,3200,16,7,33.36,29.16,35.58,95931,5.331,False,nan,node-tcache.jsonl
node,tcache,memory_per_worker,False,own_connection,fts,True,3200,2,7,97.95,93.81,108.05,32669,1.815,False,nan,node-tcache.jsonl
node,tcache,memory_per_worker,False,own_connection,fts,True,3200,32,7,43.48,42.84,43.76,73601,4.090,False,nan,node-tcache.jsonl
node,tcache,memory_per_worker,False,own_connection,fts,True,3200,4,7,53.50,52.74,57.13,59818,3.324,False,nan,node-tcache.jsonl
node,tcache,memory_per_worker,False,own_connection,fts,True,3200,8,7,32.08,31.58,33.98,99744,5.543,False,nan,node-tcache.jsonl
node,tcache,memory_per_worker,False,own_connection,insert,False,9600,1,7,192.39,188.92,194.29,49899,1.000,False,nan,node-tcache.jsonl
node,tcache,memory_per_worker,False,own_connection,insert,False,9600,16,7,47.63,46.88,48.31,201569,4.040,False,nan,node-tcache.jsonl
node,tcache,memory_per_worker,False,own_connection,insert,False,9600,2,7,105.28,99.84,106.64,91188,1.827,False,nan,node-tcache.jsonl
node,tcache,memory_per_worker,False,own_connection,insert,False,9600,32,7,51.58,50.75,52.43,186109,3.730,False,nan,node-tcache.jsonl
node,tcache,memory_per_worker,False,own_connection,insert,False,9600,4,7,56.47,52.45,61.64,170012,3.407,False,nan,node-tcache.jsonl
node,tcache,memory_per_worker,False,own_connection,insert,False,9600,8,7,40.15,39.41,40.61,239102,4.792,False,nan,node-tcache.jsonl
node,tcache,memory_per_worker,False,own_connection,mix,False,160000,1,7,114.12,113.87,116.15,1402088,1.000,False,nan,node-tcache.jsonl
node,tcache,memory_per_worker,False,own_connection,mix,False,160000,16,7,91.25,89.20,99.01,1753472,1.251,False,nan,node-tcache.jsonl
node,tcache,memory_per_worker,False,own_connection,mix,False,160000,2,7,70.68,70.00,72.79,2263710,1.615,False,nan,node-tcache.jsonl
node,tcache,memory_per_worker,False,own_connection,mix,False,160000,32,7,98.44,97.33,111.79,1625405,1.159,False,nan,node-tcache.jsonl
node,tcache,memory_per_worker,False,own_connection,mix,False,160000,4,7,60.27,57.70,63.14,2654795,1.893,False,nan,node-tcache.jsonl
node,tcache,memory_per_worker,False,own_connection,mix,False,160000,8,7,69.47,65.89,72.42,2303040,1.643,False,nan,node-tcache.jsonl
node,tcache,memory_per_worker,False,own_connection,point,False,256000,1,7,154.87,146.41,159.08,1652967,1.000,False,nan,node-tcache.jsonl
node,tcache,memory_per_worker,False,own_connection,point,False,256000,16,7,69.61,61.50,74.60,3677743,2.225,False,nan,node-tcache.jsonl
node,tcache,memory_per_worker,False,own_connection,point,False,256000,2,7,77.66,76.99,79.10,3296269,1.994,False,nan,node-tcache.jsonl
node,tcache,memory_per_worker,False,own_connection,point,False,256000,32,7,87.06,86.36,88.73,2940474,1.779,False,nan,node-tcache.jsonl
node,tcache,memory_per_worker,False,own_connection,point,False,256000,4,7,59.90,56.76,67.26,4273675,2.585,False,nan,node-tcache.jsonl
node,tcache,memory_per_worker,False,own_connection,point,False,256000,8,7,71.92,71.23,72.20,3559406,2.153,False,nan,node-tcache.jsonl
node,tcache,memory_per_worker,False,own_connection,point,True,256000,1,7,119.01,118.33,120.61,2151053,1.000,False,nan,node-tcache.jsonl
node,tcache,memory_per_worker,False,own_connection,point,True,256000,16,7,9.53,9.14,9.88,26849388,12.482,False,nan,node-tcache.jsonl
node,tcache,memory_per_worker,False,own_connection,point,True,256000,2,7,59.48,58.36,63.75,4304181,2.001,False,nan,node-tcache.jsonl
node,tcache,memory_per_worker,False,own_connection,point,True,256000,32,7,6.43,6.25,7.03,39785096,18.496,False,nan,node-tcache.jsonl
node,tcache,memory_per_worker,False,own_connection,point,True,256000,4,7,33.64,30.71,34.12,7609571,3.538,False,nan,node-tcache.jsonl
node,tcache,memory_per_worker,False,own_connection,point,True,256000,8,7,18.18,17.34,18.59,14082596,6.547,False,nan,node-tcache.jsonl
node,tcache,memory_per_worker,False,own_connection,range,False,4800,1,7,261.42,258.89,264.14,18361,1.000,False,nan,node-tcache.jsonl
node,tcache,memory_per_worker,False,own_connection,range,False,4800,16,7,26.92,21.12,27.60,178329,9.712,False,nan,node-tcache.jsonl
node,tcache,memory_per_worker,False,own_connection,range,False,4800,2,7,133.96,132.97,135.31,35831,1.951,False,nan,node-tcache.jsonl
node,tcache,memory_per_worker,False,own_connection,range,False,4800,32,7,13.93,13.72,14.34,344684,18.772,False,nan,node-tcache.jsonl
node,tcache,memory_per_worker,False,own_connection,range,False,4800,4,7,73.48,70.17,74.47,65322,3.558,False,nan,node-tcache.jsonl
node,tcache,memory_per_worker,False,own_connection,range,False,4800,8,7,37.38,36.75,39.68,128413,6.994,False,nan,node-tcache.jsonl
node,tcache,memory_per_worker,False,own_connection,range,True,4800,1,7,258.89,255.07,266.44,18540,1.000,False,nan,node-tcache.jsonl
node,tcache,memory_per_worker,False,own_connection,range,True,4800,16,7,24.53,22.65,28.38,195657,10.553,False,nan,node-tcache.jsonl
node,tcache,memory_per_worker,False,own_connection,range,True,4800,2,7,134.70,134.47,139.75,35636,1.922,False,nan,node-tcache.jsonl
node,tcache,memory_per_worker,False,own_connection,range,True,4800,32,7,13.85,13.82,14.29,346470,18.687,False,nan,node-tcache.jsonl
node,tcache,memory_per_worker,False,own_connection,range,True,4800,4,7,73.28,72.06,76.08,65498,3.533,False,nan,node-tcache.jsonl
node,tcache,memory_per_worker,False,own_connection,range,True,4800,8,7,36.56,34.39,38.36,131286,7.081,False,nan,node-tcache.jsonl
node,tcache,memory_per_worker,False,own_connection,scan,False,32,1,7,1657.62,1610.55,1753.95,19,1.000,False,nan,node-tcache.jsonl
node,tcache,memory_per_worker,False,own_connection,scan,False,32,16,7,3839.03,3534.23,3957.27,8,0.432,False,nan,node-tcache.jsonl
node,tcache,memory_per_worker,False,own_connection,scan,False,32,2,7,2246.30,2202.51,2259.03,14,0.738,False,nan,node-tcache.jsonl
node,tcache,memory_per_worker,False,own_connection,scan,False,32,32,7,4610.04,4572.50,4667.92,7,0.360,False,nan,node-tcache.jsonl
node,tcache,memory_per_worker,False,own_connection,scan,False,32,4,7,1736.87,1643.19,1934.79,18,0.954,False,nan,node-tcache.jsonl
node,tcache,memory_per_worker,False,own_connection,scan,False,32,8,7,3035.88,2963.97,3180.33,11,0.546,False,nan,node-tcache.jsonl
node,tcache,memory_per_worker,False,own_connection,sort,False,3200,1,7,525.62,517.11,532.02,6088,1.000,False,nan,node-tcache.jsonl
node,tcache,memory_per_worker,False,own_connection,sort,False,3200,16,7,54.84,50.38,56.46,58355,9.585,False,nan,node-tcache.jsonl
node,tcache,memory_per_worker,False,own_connection,sort,False,3200,2,7,267.56,264.61,271.15,11960,1.965,False,nan,node-tcache.jsonl
node,tcache,memory_per_worker,False,own_connection,sort,False,3200,32,7,30.72,29.65,33.72,104178,17.112,False,nan,node-tcache.jsonl
node,tcache,memory_per_worker,False,own_connection,sort,False,3200,4,7,137.02,134.30,147.49,23354,3.836,False,nan,node-tcache.jsonl
node,tcache,memory_per_worker,False,own_connection,sort,False,3200,8,7,80.52,78.52,84.41,39743,6.528,False,nan,node-tcache.jsonl
node,tcache,memory_per_worker,False,own_connection,sort,True,3200,1,7,516.98,514.71,522.77,6190,1.000,False,nan,node-tcache.jsonl
node,tcache,memory_per_worker,False,own_connection,sort,True,3200,16,7,45.41,40.50,50.44,70467,11.385,False,nan,node-tcache.jsonl
node,tcache,memory_per_worker,False,own_connection,sort,True,3200,2,7,269.32,262.54,271.34,11882,1.920,False,nan,node-tcache.jsonl
node,tcache,memory_per_worker,False,own_connection,sort,True,3200,32,7,30.30,29.81,30.54,105619,17.064,False,nan,node-tcache.jsonl
node,tcache,memory_per_worker,False,own_connection,sort,True,3200,4,7,139.92,137.88,140.33,22870,3.695,False,nan,node-tcache.jsonl
node,tcache,memory_per_worker,False,own_connection,sort,True,3200,8,7,76.33,74.36,81.04,41921,6.773,False,nan,node-tcache.jsonl
node,tcache,memvfs_per_worker,False,own_connection,fts,False,3200,1,7,174.99,173.65,176.51,18287,1.000,False,nan,node-tcache.jsonl
node,tcache,memvfs_per_worker,False,own_connection,fts,False,3200,16,7,39.23,38.65,40.33,81571,4.461,False,nan,node-tcache.jsonl
node,tcache,memvfs_per_worker,False,own_connection,fts,False,3200,2,7,91.66,89.65,95.93,34911,1.909,False,nan,node-tcache.jsonl
node,tcache,memvfs_per_worker,False,own_connection,fts,False,3200,32,7,43.95,42.07,47.35,72809,3.982,False,nan,node-tcache.jsonl
node,tcache,memvfs_per_worker,False,own_connection,fts,False,3200,4,7,54.57,53.10,56.08,58637,3.207,False,nan,node-tcache.jsonl
node,tcache,memvfs_per_worker,False,own_connection,fts,False,3200,8,7,37.04,32.98,37.64,86403,4.725,False,nan,node-tcache.jsonl
node,tcache,memvfs_per_worker,False,own_connection,fts,True,3200,1,7,175.68,172.73,185.68,18215,1.000,False,nan,node-tcache.jsonl
node,tcache,memvfs_per_worker,False,own_connection,fts,True,3200,16,7,35.49,33.99,35.98,90161,4.950,False,nan,node-tcache.jsonl
node,tcache,memvfs_per_worker,False,own_connection,fts,True,3200,2,7,95.99,91.24,107.20,33337,1.830,False,nan,node-tcache.jsonl
node,tcache,memvfs_per_worker,False,own_connection,fts,True,3200,32,7,40.78,40.05,42.16,78467,4.308,False,nan,node-tcache.jsonl
node,tcache,memvfs_per_worker,False,own_connection,fts,True,3200,4,7,51.91,48.48,53.76,61642,3.384,False,nan,node-tcache.jsonl
node,tcache,memvfs_per_worker,False,own_connection,fts,True,3200,8,7,37.51,36.86,39.43,85301,4.683,False,nan,node-tcache.jsonl
node,tcache,memvfs_per_worker,False,own_connection,insert,False,9600,1,7,223.22,221.07,225.70,43008,1.000,False,nan,node-tcache.jsonl
node,tcache,memvfs_per_worker,False,own_connection,insert,False,9600,16,7,39.62,37.03,39.98,242292,5.634,False,nan,node-tcache.jsonl
node,tcache,memvfs_per_worker,False,own_connection,insert,False,9600,2,7,123.37,115.00,130.25,77816,1.809,False,nan,node-tcache.jsonl
node,tcache,memvfs_per_worker,False,own_connection,insert,False,9600,32,7,47.31,47.08,47.35,202925,4.718,False,nan,node-tcache.jsonl
node,tcache,memvfs_per_worker,False,own_connection,insert,False,9600,4,7,65.94,62.78,76.55,145577,3.385,False,nan,node-tcache.jsonl
node,tcache,memvfs_per_worker,False,own_connection,insert,False,9600,8,7,41.19,39.38,42.45,233040,5.419,False,nan,node-tcache.jsonl
node,tcache,memvfs_per_worker,False,own_connection,mix,False,160000,1,7,211.88,208.77,213.10,755159,1.000,False,nan,node-tcache.jsonl
node,tcache,memvfs_per_worker,False,own_connection,mix,False,160000,16,7,193.10,187.51,196.43,828567,1.097,False,nan,node-tcache.jsonl
node,tcache,memvfs_per_worker,False,own_connection,mix,False,160000,2,7,139.26,133.22,161.65,1148938,1.521,False,nan,node-tcache.jsonl
node,tcache,memvfs_per_worker,False,own_connection,mix,False,160000,32,7,214.40,208.88,231.04,746257,0.988,False,nan,node-tcache.jsonl
node,tcache,memvfs_per_worker,False,own_connection,mix,False,160000,4,7,146.71,143.29,148.91,1090580,1.444,False,nan,node-tcache.jsonl
node,tcache,memvfs_per_worker,False,own_connection,mix,False,160000,8,7,150.34,147.07,155.99,1064223,1.409,False,nan,node-tcache.jsonl
node,tcache,memvfs_per_worker,False,own_connection,point,False,256000,1,7,218.72,217.58,219.54,1170432,1.000,False,nan,node-tcache.jsonl
node,tcache,memvfs_per_worker,False,own_connection,point,False,256000,16,7,190.46,178.47,194.84,1344092,1.148,False,nan,node-tcache.jsonl
node,tcache,memvfs_per_worker,False,own_connection,point,False,256000,2,7,119.06,118.85,119.42,2150241,1.837,False,nan,node-tcache.jsonl
node,tcache,memvfs_per_worker,False,own_connection,point,False,256000,32,7,210.24,207.05,216.75,1217638,1.040,False,nan,node-tcache.jsonl
node,tcache,memvfs_per_worker,False,own_connection,point,False,256000,4,7,108.98,105.93,121.98,2349134,2.007,False,nan,node-tcache.jsonl
node,tcache,memvfs_per_worker,False,own_connection,point,False,256000,8,7,136.27,132.62,157.80,1878576,1.605,False,nan,node-tcache.jsonl
node,tcache,memvfs_per_worker,False,own_connection,point,True,256000,1,7,120.67,117.15,126.47,2121554,1.000,False,nan,node-tcache.jsonl
node,tcache,memvfs_per_worker,False,own_connection,point,True,256000,16,7,13.59,12.86,14.31,18840982,8.881,False,nan,node-tcache.jsonl
node,tcache,memvfs_per_worker,False,own_connection,point,True,256000,2,7,60.73,58.76,61.95,4215313,1.987,False,nan,node-tcache.jsonl
node,tcache,memvfs_per_worker,False,own_connection,point,True,256000,32,7,11.13,10.71,11.87,22999123,10.841,False,nan,node-tcache.jsonl
node,tcache,memvfs_per_worker,False,own_connection,point,True,256000,4,7,35.65,34.79,37.56,7180060,3.384,False,nan,node-tcache.jsonl
node,tcache,memvfs_per_worker,False,own_connection,point,True,256000,8,7,18.76,16.51,19.97,13644273,6.431,False,nan,node-tcache.jsonl
node,tcache,memvfs_per_worker,False,own_connection,range,False,4800,1,7,255.15,253.34,257.24,18812,1.000,False,nan,node-tcache.jsonl
node,tcache,memvfs_per_worker,False,own_connection,range,False,4800,16,7,28.32,27.87,29.09,169485,9.009,False,nan,node-tcache.jsonl
node,tcache,memvfs_per_worker,False,own_connection,range,False,4800,2,7,130.12,128.38,137.62,36890,1.961,False,nan,node-tcache.jsonl
node,tcache,memvfs_per_worker,False,own_connection,range,False,4800,32,7,18.72,17.33,19.00,256377,13.628,False,nan,node-tcache.jsonl
node,tcache,memvfs_per_worker,False,own_connection,range,False,4800,4,7,69.86,67.96,76.22,68712,3.653,False,nan,node-tcache.jsonl
node,tcache,memvfs_per_worker,False,own_connection,range,False,4800,8,7,43.47,41.68,45.02,110426,5.870,False,nan,node-tcache.jsonl
node,tcache,memvfs_per_worker,False,own_connection,range,True,4800,1,7,252.13,251.56,253.41,19038,1.000,False,nan,node-tcache.jsonl
node,tcache,memvfs_per_worker,False,own_connection,range,True,4800,16,7,28.07,27.59,29.69,171005,8.982,False,nan,node-tcache.jsonl
node,tcache,memvfs_per_worker,False,own_connection,range,True,4800,2,7,128.90,126.36,133.28,37237,1.956,False,nan,node-tcache.jsonl
node,tcache,memvfs_per_worker,False,own_connection,range,True,4800,32,7,18.05,16.40,19.99,265916,13.968,False,nan,node-tcache.jsonl
node,tcache,memvfs_per_worker,False,own_connection,range,True,4800,4,7,69.35,68.47,75.09,69212,3.635,False,nan,node-tcache.jsonl
node,tcache,memvfs_per_worker,False,own_connection,range,True,4800,8,7,44.03,42.32,46.50,109023,5.727,False,nan,node-tcache.jsonl
node,tcache,memvfs_per_worker,False,own_connection,scan,False,32,1,7,1323.64,1317.54,1327.90,24,1.000,False,nan,node-tcache.jsonl
node,tcache,memvfs_per_worker,False,own_connection,scan,False,32,16,7,3428.74,3352.29,3708.15,9,0.386,False,nan,node-tcache.jsonl
node,tcache,memvfs_per_worker,False,own_connection,scan,False,32,2,7,1827.13,1675.07,1913.31,18,0.724,False,nan,node-tcache.jsonl
node,tcache,memvfs_per_worker,False,own_connection,scan,False,32,32,7,4617.89,4535.48,4638.57,7,0.287,False,nan,node-tcache.jsonl
node,tcache,memvfs_per_worker,False,own_connection,scan,False,32,4,7,1612.22,1582.32,1678.78,20,0.821,False,nan,node-tcache.jsonl
node,tcache,memvfs_per_worker,False,own_connection,scan,False,32,8,7,2972.95,2885.13,3090.93,11,0.445,False,nan,node-tcache.jsonl
node,tcache,memvfs_per_worker,False,own_connection,sort,False,3200,1,7,514.70,509.96,517.92,6217,1.000,False,nan,node-tcache.jsonl
node,tcache,memvfs_per_worker,False,own_connection,sort,False,3200,16,7,47.02,40.60,49.69,68058,10.947,False,nan,node-tcache.jsonl
node,tcache,memvfs_per_worker,False,own_connection,sort,False,3200,2,7,260.23,256.69,262.18,12297,1.978,False,nan,node-tcache.jsonl
node,tcache,memvfs_per_worker,False,own_connection,sort,False,3200,32,7,29.33,28.45,30.88,109096,17.547,False,nan,node-tcache.jsonl
node,tcache,memvfs_per_worker,False,own_connection,sort,False,3200,4,7,138.72,136.35,141.80,23068,3.710,False,nan,node-tcache.jsonl
node,tcache,memvfs_per_worker,False,own_connection,sort,False,3200,8,7,78.80,72.75,79.36,40607,6.531,False,nan,node-tcache.jsonl
node,tcache,memvfs_per_worker,False,own_connection,sort,True,3200,1,7,512.24,505.39,518.87,6247,1.000,False,nan,node-tcache.jsonl
node,tcache,memvfs_per_worker,False,own_connection,sort,True,3200,16,7,50.30,50.17,53.41,63617,10.184,False,nan,node-tcache.jsonl
node,tcache,memvfs_per_worker,False,own_connection,sort,True,3200,2,7,262.46,260.90,266.04,12192,1.952,False,nan,node-tcache.jsonl
node,tcache,memvfs_per_worker,False,own_connection,sort,True,3200,32,7,31.21,29.87,31.57,102546,16.415,False,nan,node-tcache.jsonl
node,tcache,memvfs_per_worker,False,own_connection,sort,True,3200,4,7,141.69,136.27,144.54,22584,3.615,False,nan,node-tcache.jsonl
node,tcache,memvfs_per_worker,False,own_connection,sort,True,3200,8,7,77.38,74.91,79.15,41356,6.620,False,nan,node-tcache.jsonl
node,tcache,memvfs_shared,False,own_connection,fts,False,3200,1,7,183.38,172.57,185.79,17450,1.000,False,nan,node-tcache.jsonl
node,tcache,memvfs_shared,False,own_connection,fts,False,3200,16,7,39.39,38.09,39.96,81249,4.656,False,nan,node-tcache.jsonl
node,tcache,memvfs_shared,False,own_connection,fts,False,3200,2,7,94.03,87.39,98.74,34031,1.950,False,nan,node-tcache.jsonl
node,tcache,memvfs_shared,False,own_connection,fts,False,3200,32,7,50.79,45.88,69.87,62999,3.610,False,nan,node-tcache.jsonl
node,tcache,memvfs_shared,False,own_connection,fts,False,3200,4,7,52.12,49.25,52.60,61399,3.518,False,nan,node-tcache.jsonl
node,tcache,memvfs_shared,False,own_connection,fts,False,3200,8,7,35.38,33.33,37.46,90459,5.184,False,nan,node-tcache.jsonl
node,tcache,memvfs_shared,False,own_connection,fts,True,3200,1,7,169.54,168.95,174.46,18875,1.000,False,nan,node-tcache.jsonl
node,tcache,memvfs_shared,False,own_connection,fts,True,3200,16,7,38.19,37.49,38.34,83781,4.439,False,nan,node-tcache.jsonl
node,tcache,memvfs_shared,False,own_connection,fts,True,3200,2,7,90.39,89.32,92.06,35402,1.876,False,nan,node-tcache.jsonl
node,tcache,memvfs_shared,False,own_connection,fts,True,3200,32,7,43.60,41.60,44.12,73398,3.889,False,nan,node-tcache.jsonl
node,tcache,memvfs_shared,False,own_connection,fts,True,3200,4,7,46.57,45.91,50.18,68721,3.641,False,nan,node-tcache.jsonl
node,tcache,memvfs_shared,False,own_connection,fts,True,3200,8,7,35.19,34.94,36.40,90926,4.817,False,nan,node-tcache.jsonl
node,tcache,memvfs_shared,False,own_connection,insert,False,9600,1,7,218.03,215.50,222.60,44030,1.000,False,nan,node-tcache.jsonl
node,tcache,memvfs_shared,False,own_connection,insert,False,9600,16,7,1048.50,1048.04,1048.90,9156,0.208,False,nan,node-tcache.jsonl
node,tcache,memvfs_shared,False,own_connection,insert,False,9600,2,7,244.29,239.40,245.86,39298,0.893,False,nan,node-tcache.jsonl
node,tcache,memvfs_shared,False,own_connection,insert,False,9600,32,7,2542.40,2442.38,2543.23,3776,0.086,False,nan,node-tcache.jsonl
node,tcache,memvfs_shared,False,own_connection,insert,False,9600,4,7,385.94,385.32,390.59,24875,0.565,False,nan,node-tcache.jsonl
node,tcache,memvfs_shared,False,own_connection,insert,False,9600,8,7,559.81,460.28,561.71,17149,0.389,False,nan,node-tcache.jsonl
node,tcache,memvfs_shared,False,own_connection,mix,False,160000,1,7,186.21,184.90,190.75,859235,1.000,False,nan,node-tcache.jsonl
node,tcache,memvfs_shared,False,own_connection,mix,False,160000,16,7,1143.66,778.32,1256.30,139902,0.163,False,nan,node-tcache.jsonl
node,tcache,memvfs_shared,False,own_connection,mix,False,160000,2,7,336.74,313.74,397.05,475140,0.553,False,nan,node-tcache.jsonl
node,tcache,memvfs_shared,False,own_connection,mix,False,160000,32,7,1560.79,1263.90,1671.64,102512,0.119,False,nan,node-tcache.jsonl
node,tcache,memvfs_shared,False,own_connection,mix,False,160000,4,7,483.06,400.47,557.94,331223,0.385,False,nan,node-tcache.jsonl
node,tcache,memvfs_shared,False,own_connection,mix,False,160000,8,7,868.84,792.69,886.28,184154,0.214,False,nan,node-tcache.jsonl
node,tcache,memvfs_shared,False,own_connection,point,False,256000,1,7,214.64,210.18,217.63,1192691,1.000,False,nan,node-tcache.jsonl
node,tcache,memvfs_shared,False,own_connection,point,False,256000,16,7,307.21,243.51,355.26,833312,0.699,False,nan,node-tcache.jsonl
node,tcache,memvfs_shared,False,own_connection,point,False,256000,2,7,135.95,133.15,141.48,1883066,1.579,False,nan,node-tcache.jsonl
node,tcache,memvfs_shared,False,own_connection,point,False,256000,32,7,408.36,384.15,412.24,626902,0.526,False,nan,node-tcache.jsonl
node,tcache,memvfs_shared,False,own_connection,point,False,256000,4,7,164.18,158.04,188.27,1559263,1.307,False,nan,node-tcache.jsonl
node,tcache,memvfs_shared,False,own_connection,point,False,256000,8,7,270.72,252.68,286.29,945627,0.793,False,nan,node-tcache.jsonl
node,tcache,memvfs_shared,False,own_connection,point,True,256000,1,7,115.64,115.05,116.75,2213834,1.000,False,nan,node-tcache.jsonl
node,tcache,memvfs_shared,False,own_connection,point,True,256000,16,7,11.52,11.00,11.93,22220772,10.037,False,nan,node-tcache.jsonl
node,tcache,memvfs_shared,False,own_connection,point,True,256000,2,7,58.48,58.21,59.73,4377822,1.977,False,nan,node-tcache.jsonl
node,tcache,memvfs_shared,False,own_connection,point,True,256000,32,7,7.73,6.73,8.32,33117807,14.959,False,nan,node-tcache.jsonl
node,tcache,memvfs_shared,False,own_connection,point,True,256000,4,7,34.25,30.63,37.14,7473600,3.376,False,nan,node-tcache.jsonl
node,tcache,memvfs_shared,False,own_connection,point,True,256000,8,7,18.86,17.91,20.00,13572745,6.131,False,nan,node-tcache.jsonl
node,tcache,memvfs_shared,False,own_connection,range,False,4800,1,7,259.62,257.24,259.86,18489,1.000,False,nan,node-tcache.jsonl
node,tcache,memvfs_shared,False,own_connection,range,False,4800,16,7,27.33,26.36,27.79,175640,9.500,False,nan,node-tcache.jsonl
node,tcache,memvfs_shared,False,own_connection,range,False,4800,2,7,132.05,129.14,132.13,36350,1.966,False,nan,node-tcache.jsonl
node,tcache,memvfs_shared,False,own_connection,range,False,4800,32,7,18.62,16.40,18.92,257779,13.943,False,nan,node-tcache.jsonl
node,tcache,memvfs_shared,False,own_connection,range,False,4800,4,7,73.38,71.89,79.28,65410,3.538,False,nan,node-tcache.jsonl
node,tcache,memvfs_shared,False,own_connection,range,False,4800,8,7,37.89,37.13,41.53,126670,6.851,False,nan,node-tcache.jsonl
node,tcache,memvfs_shared,False,own_connection,range,True,4800,1,7,256.01,254.72,260.04,18749,1.000,False,nan,node-tcache.jsonl
node,tcache,memvfs_shared,False,own_connection,range,True,4800,16,7,26.91,24.30,28.03,178347,9.512,False,nan,node-tcache.jsonl
node,tcache,memvfs_shared,False,own_connection,range,True,4800,2,7,129.93,128.75,132.00,36944,1.970,False,nan,node-tcache.jsonl
node,tcache,memvfs_shared,False,own_connection,range,True,4800,32,7,14.74,14.24,16.66,325639,17.368,False,nan,node-tcache.jsonl
node,tcache,memvfs_shared,False,own_connection,range,True,4800,4,7,71.04,65.61,74.75,67570,3.604,False,nan,node-tcache.jsonl
node,tcache,memvfs_shared,False,own_connection,range,True,4800,8,7,43.78,39.97,45.88,109635,5.848,False,nan,node-tcache.jsonl
node,tcache,memvfs_shared,False,own_connection,scan,False,32,1,7,1113.48,1108.05,1115.65,29,1.000,False,nan,node-tcache.jsonl
node,tcache,memvfs_shared,False,own_connection,scan,False,32,16,7,3561.59,3351.97,3624.10,9,0.313,False,nan,node-tcache.jsonl
node,tcache,memvfs_shared,False,own_connection,scan,False,32,2,7,1465.47,1332.23,1498.97,22,0.760,False,nan,node-tcache.jsonl
node,tcache,memvfs_shared,False,own_connection,scan,False,32,32,7,4617.78,4589.21,4639.00,7,0.241,False,nan,node-tcache.jsonl
node,tcache,memvfs_shared,False,own_connection,scan,False,32,4,7,1328.54,1315.78,1345.51,24,0.838,False,nan,node-tcache.jsonl
node,tcache,memvfs_shared,False,own_connection,scan,False,32,8,7,2707.07,2554.40,2753.29,12,0.411,False,nan,node-tcache.jsonl
node,tcache,memvfs_shared,False,own_connection,sort,False,3200,1,7,498.80,496.42,503.30,6415,1.000,False,nan,node-tcache.jsonl
node,tcache,memvfs_shared,False,own_connection,sort,False,3200,16,7,48.34,45.32,50.11,66193,10.318,False,nan,node-tcache.jsonl
node,tcache,memvfs_shared,False,own_connection,sort,False,3200,2,7,258.77,256.51,260.49,12366,1.928,False,nan,node-tcache.jsonl
node,tcache,memvfs_shared,False,own_connection,sort,False,3200,32,7,28.66,27.62,29.41,111652,17.404,False,nan,node-tcache.jsonl
node,tcache,memvfs_shared,False,own_connection,sort,False,3200,4,7,134.89,131.18,136.28,23723,3.698,False,nan,node-tcache.jsonl
node,tcache,memvfs_shared,False,own_connection,sort,False,3200,8,7,74.77,73.78,76.41,42800,6.671,False,nan,node-tcache.jsonl
node,tcache,memvfs_shared,False,own_connection,sort,True,3200,1,7,499.08,496.95,510.47,6412,1.000,False,nan,node-tcache.jsonl
node,tcache,memvfs_shared,False,own_connection,sort,True,3200,16,7,50.80,48.59,56.48,62991,9.824,False,nan,node-tcache.jsonl
node,tcache,memvfs_shared,False,own_connection,sort,True,3200,2,7,258.32,254.42,263.09,12388,1.932,False,nan,node-tcache.jsonl
node,tcache,memvfs_shared,False,own_connection,sort,True,3200,32,7,30.52,29.22,31.01,104858,16.354,False,nan,node-tcache.jsonl
node,tcache,memvfs_shared,False,own_connection,sort,True,3200,4,7,139.99,136.84,145.00,22858,3.565,False,nan,node-tcache.jsonl
node,tcache,memvfs_shared,False,own_connection,sort,True,3200,8,7,72.40,71.35,81.86,44197,6.893,False,nan,node-tcache.jsonl
node,threadsafe,memory_per_worker,False,own_connection,fts,False,3200,1,7,190.42,188.24,191.11,16805,1.000,False,nan,node.jsonl
node,threadsafe,memory_per_worker,False,own_connection,fts,False,3200,16,7,93.94,90.78,95.49,34063,2.027,False,nan,node.jsonl
node,threadsafe,memory_per_worker,False,own_connection,fts,False,3200,2,7,110.41,95.68,120.31,28983,1.725,False,nan,node.jsonl
node,threadsafe,memory_per_worker,False,own_connection,fts,False,3200,32,7,112.11,104.91,114.13,28543,1.699,False,nan,node.jsonl
node,threadsafe,memory_per_worker,False,own_connection,fts,False,3200,4,7,80.16,78.09,85.17,39921,2.376,False,nan,node.jsonl
node,threadsafe,memory_per_worker,False,own_connection,fts,False,3200,8,7,72.58,66.14,76.61,44090,2.624,False,nan,node.jsonl
node,threadsafe,memory_per_worker,False,own_connection,fts,True,3200,1,7,189.16,182.27,196.72,16916,1.000,False,nan,node.jsonl
node,threadsafe,memory_per_worker,False,own_connection,fts,True,3200,16,7,96.79,90.42,98.59,33061,1.954,False,nan,node.jsonl
node,threadsafe,memory_per_worker,False,own_connection,fts,True,3200,2,7,99.23,96.96,112.09,32248,1.906,False,nan,node.jsonl
node,threadsafe,memory_per_worker,False,own_connection,fts,True,3200,32,7,114.71,113.01,116.91,27898,1.649,False,nan,node.jsonl
node,threadsafe,memory_per_worker,False,own_connection,fts,True,3200,4,7,66.11,53.04,77.59,48406,2.861,False,nan,node.jsonl
node,threadsafe,memory_per_worker,False,own_connection,fts,True,3200,8,7,70.29,68.86,79.25,45524,2.691,False,nan,node.jsonl
node,threadsafe,memory_per_worker,False,own_connection,insert,False,9600,1,7,204.80,202.66,225.18,46875,1.000,False,nan,node.jsonl
node,threadsafe,memory_per_worker,False,own_connection,insert,False,9600,16,7,126.08,111.76,133.59,76145,1.624,False,nan,node.jsonl
node,threadsafe,memory_per_worker,False,own_connection,insert,False,9600,2,7,129.19,125.16,134.79,74309,1.585,False,nan,node.jsonl
node,threadsafe,memory_per_worker,False,own_connection,insert,False,9600,32,7,196.52,166.90,208.37,48850,1.042,False,nan,node.jsonl
node,threadsafe,memory_per_worker,False,own_connection,insert,False,9600,4,7,68.91,60.82,76.83,139310,2.972,False,nan,node.jsonl
node,threadsafe,memory_per_worker,False,own_connection,insert,False,9600,8,7,99.88,76.65,115.37,96112,2.050,False,nan,node.jsonl
node,threadsafe,memory_per_worker,False,own_connection,mix,False,160000,1,7,132.85,129.46,135.51,1204330,1.000,False,nan,node.jsonl
node,threadsafe,memory_per_worker,False,own_connection,mix,False,160000,16,7,251.80,210.74,278.78,635433,0.528,False,nan,node.jsonl
node,threadsafe,memory_per_worker,False,own_connection,mix,False,160000,2,7,97.90,96.93,100.68,1634278,1.357,False,nan,node.jsonl
node,threadsafe,memory_per_worker,False,own_connection,mix,False,160000,32,7,132.90,130.20,135.31,1203900,1.000,False,nan,node.jsonl
node,threadsafe,memory_per_worker,False,own_connection,mix,False,160000,4,7,80.32,78.44,84.45,1992091,1.654,False,nan,node.jsonl
node,threadsafe,memory_per_worker,False,own_connection,mix,False,160000,8,7,163.50,157.01,199.33,978614,0.813,False,nan,node.jsonl
node,threadsafe,memory_per_worker,False,own_connection,point,False,256000,1,7,156.21,155.17,156.52,1638853,1.000,False,nan,node.jsonl
node,threadsafe,memory_per_worker,False,own_connection,point,False,256000,16,7,77.35,70.43,78.35,3309481,2.019,False,nan,node.jsonl
node,threadsafe,memory_per_worker,False,own_connection,point,False,256000,2,7,89.39,83.27,94.28,2863929,1.748,False,nan,node.jsonl
node,threadsafe,memory_per_worker,False,own_connection,point,False,256000,32,7,90.26,87.99,92.99,2836166,1.731,False,nan,node.jsonl
node,threadsafe,memory_per_worker,False,own_connection,point,False,256000,4,7,69.29,64.05,70.55,3694367,2.254,False,nan,node.jsonl
node,threadsafe,memory_per_worker,False,own_connection,point,False,256000,8,7,66.06,61.29,72.98,3875204,2.365,False,nan,node.jsonl
node,threadsafe,memory_per_worker,False,own_connection,point,True,256000,1,7,123.04,121.90,136.50,2080640,1.000,False,nan,node.jsonl
node,threadsafe,memory_per_worker,False,own_connection,point,True,256000,16,7,11.68,8.50,13.63,21910609,10.531,False,nan,node.jsonl
node,threadsafe,memory_per_worker,False,own_connection,point,True,256000,2,7,64.46,61.91,70.49,3971488,1.909,False,nan,node.jsonl
node,threadsafe,memory_per_worker,False,own_connection,point,True,256000,32,7,7.98,7.72,8.78,32063603,15.410,False,nan,node.jsonl
node,threadsafe,memory_per_worker,False,own_connection,point,True,256000,4,7,34.56,31.63,36.62,7408128,3.561,False,nan,node.jsonl
node,threadsafe,memory_per_worker,False,own_connection,point,True,256000,8,7,21.07,18.75,21.53,12148248,5.839,False,nan,node.jsonl
node,threadsafe,memory_per_worker,False,own_connection,range,False,4800,1,7,282.06,271.46,284.79,17018,1.000,False,nan,node.jsonl
node,threadsafe,memory_per_worker,False,own_connection,range,False,4800,16,7,20.40,18.88,21.71,235298,13.827,False,nan,node.jsonl
node,threadsafe,memory_per_worker,False,own_connection,range,False,4800,2,7,140.17,138.14,146.14,34243,2.012,False,nan,node.jsonl
node,threadsafe,memory_per_worker,False,own_connection,range,False,4800,32,7,14.44,14.31,14.87,332513,19.539,False,nan,node.jsonl
node,threadsafe,memory_per_worker,False,own_connection,range,False,4800,4,7,75.04,72.68,76.27,63963,3.759,False,nan,node.jsonl
node,threadsafe,memory_per_worker,False,own_connection,range,False,4800,8,7,39.53,38.96,41.45,121414,7.135,False,nan,node.jsonl
node,threadsafe,memory_per_worker,False,own_connection,range,True,4800,1,7,285.02,271.13,296.55,16841,1.000,False,nan,node.jsonl
node,threadsafe,memory_per_worker,False,own_connection,range,True,4800,16,7,21.23,19.59,24.73,226080,13.425,False,nan,node.jsonl
node,threadsafe,memory_per_worker,False,own_connection,range,True,4800,2,7,134.61,134.32,137.51,35659,2.117,False,nan,node.jsonl
node,threadsafe,memory_per_worker,False,own_connection,range,True,4800,32,7,14.13,13.52,15.36,339623,20.167,False,nan,node.jsonl
node,threadsafe,memory_per_worker,False,own_connection,range,True,4800,4,7,74.46,70.22,75.63,64462,3.828,False,nan,node.jsonl
node,threadsafe,memory_per_worker,False,own_connection,range,True,4800,8,7,39.75,37.79,40.43,120761,7.171,False,nan,node.jsonl
node,threadsafe,memory_per_worker,False,own_connection,scan,False,32,1,7,1357.25,1309.59,1458.47,24,1.000,False,nan,node.jsonl
node,threadsafe,memory_per_worker,False,own_connection,scan,False,32,16,7,3490.61,3393.33,3517.85,9,0.389,False,nan,node.jsonl
node,threadsafe,memory_per_worker,False,own_connection,scan,False,32,2,7,1628.51,1590.40,1674.89,20,0.833,False,nan,node.jsonl
node,threadsafe,memory_per_worker,False,own_connection,scan,False,32,32,7,4003.32,3940.55,4074.38,8,0.339,False,nan,node.jsonl
node,threadsafe,memory_per_worker,False,own_connection,scan,False,32,4,7,1607.01,1474.14,1681.33,20,0.845,False,nan,node.jsonl
node,threadsafe,memory_per_worker,False,own_connection,scan,False,32,8,7,3122.77,2903.06,3177.51,10,0.435,False,nan,node.jsonl
node,threadsafe,memory_per_worker,False,own_connection,sort,False,3200,1,7,564.34,553.69,566.66,5670,1.000,False,nan,node.jsonl
node,threadsafe,memory_per_worker,False,own_connection,sort,False,3200,16,7,53.73,51.48,54.62,59554,10.503,False,nan,node.jsonl
node,threadsafe,memory_per_worker,False,own_connection,sort,False,3200,2,7,282.84,273.70,290.65,11314,1.995,False,nan,node.jsonl
node,threadsafe,memory_per_worker,False,own_connection,sort,False,3200,32,7,59.89,57.91,59.99,53429,9.422,False,nan,node.jsonl
node,threadsafe,memory_per_worker,False,own_connection,sort,False,3200,4,7,155.09,147.61,167.12,20633,3.639,False,nan,node.jsonl
node,threadsafe,memory_per_worker,False,own_connection,sort,False,3200,8,7,85.72,77.80,93.09,37331,6.584,False,nan,node.jsonl
node,threadsafe,memory_per_worker,False,own_connection,sort,True,3200,1,7,538.61,537.66,541.79,5941,1.000,False,nan,node.jsonl
node,threadsafe,memory_per_worker,False,own_connection,sort,True,3200,16,7,57.03,54.79,60.07,56109,9.444,False,nan,node.jsonl
node,threadsafe,memory_per_worker,False,own_connection,sort,True,3200,2,7,286.92,278.81,299.62,11153,1.877,False,nan,node.jsonl
node,threadsafe,memory_per_worker,False,own_connection,sort,True,3200,32,7,58.83,57.67,59.95,54398,9.156,False,nan,node.jsonl
node,threadsafe,memory_per_worker,False,own_connection,sort,True,3200,4,7,153.19,151.14,165.64,20889,3.516,False,nan,node.jsonl
node,threadsafe,memory_per_worker,False,own_connection,sort,True,3200,8,7,92.60,87.50,97.53,34557,5.816,False,nan,node.jsonl
node,threadsafe,memory_per_worker,True,own_connection,fts,False,3200,1,7,179.37,178.91,179.75,17840,1.000,False,nan,node.jsonl
node,threadsafe,memory_per_worker,True,own_connection,fts,False,3200,16,7,87.75,86.82,94.08,36469,2.044,False,nan,node.jsonl
node,threadsafe,memory_per_worker,True,own_connection,fts,False,3200,2,7,96.41,95.53,113.41,33192,1.860,False,nan,node.jsonl
node,threadsafe,memory_per_worker,True,own_connection,fts,False,3200,32,7,105.83,101.33,110.62,30236,1.695,False,nan,node.jsonl
node,threadsafe,memory_per_worker,True,own_connection,fts,False,3200,4,7,55.29,53.46,57.59,57876,3.244,False,nan,node.jsonl
node,threadsafe,memory_per_worker,True,own_connection,fts,False,3200,8,7,79.08,65.28,84.15,40463,2.268,False,nan,node.jsonl
node,threadsafe,memory_per_worker,True,own_connection,fts,True,3200,1,7,180.88,178.10,184.30,17691,1.000,False,nan,node.jsonl
node,threadsafe,memory_per_worker,True,own_connection,fts,True,3200,16,7,82.78,68.58,89.76,38654,2.185,False,nan,node.jsonl
node,threadsafe,memory_per_worker,True,own_connection,fts,True,3200,2,7,110.35,103.79,112.10,28998,1.639,False,nan,node.jsonl
node,threadsafe,memory_per_worker,True,own_connection,fts,True,3200,32,7,114.29,109.40,116.81,28000,1.583,False,nan,node.jsonl
node,threadsafe,memory_per_worker,True,own_connection,fts,True,3200,4,7,74.20,73.24,77.62,43129,2.438,False,nan,node.jsonl
node,threadsafe,memory_per_worker,True,own_connection,fts,True,3200,8,7,76.06,70.56,81.81,42071,2.378,False,nan,node.jsonl
node,threadsafe,memory_per_worker,True,own_connection,insert,False,9600,1,7,187.65,186.86,187.99,51158,1.000,False,nan,node.jsonl
node,threadsafe,memory_per_worker,True,own_connection,insert,False,9600,16,7,126.65,110.55,130.84,75801,1.482,False,nan,node.jsonl
node,threadsafe,memory_per_worker,True,own_connection,insert,False,9600,2,7,107.33,102.08,118.58,89443,1.748,False,nan,node.jsonl
node,threadsafe,memory_per_worker,True,own_connection,insert,False,9600,32,7,154.85,150.66,157.52,61995,1.212,False,nan,node.jsonl
node,threadsafe,memory_per_worker,True,own_connection,insert,False,9600,4,7,71.12,58.51,85.33,134974,2.638,False,nan,node.jsonl
node,threadsafe,memory_per_worker,True,own_connection,insert,False,9600,8,7,98.66,84.00,109.77,97306,1.902,False,nan,node.jsonl
node,threadsafe,memory_per_worker,True,own_connection,mix,False,160000,1,7,119.92,119.37,126.54,1334240,1.000,False,nan,node.jsonl
node,threadsafe,memory_per_worker,True,own_connection,mix,False,160000,16,7,173.23,164.87,179.70,923625,0.692,False,nan,node.jsonl
node,threadsafe,memory_per_worker,True,own_connection,mix,False,160000,2,7,105.58,92.72,127.54,1515458,1.136,False,nan,node.jsonl
node,threadsafe,memory_per_worker,True,own_connection,mix,False,160000,32,7,231.88,229.60,233.85,690025,0.517,False,nan,node.jsonl
node,threadsafe,memory_per_worker,True,own_connection,mix,False,160000,4,7,79.32,74.76,127.07,2017063,1.512,False,nan,node.jsonl
node,threadsafe,memory_per_worker,True,own_connection,mix,False,160000,8,7,138.72,124.01,153.71,1153431,0.864,False,nan,node.jsonl
node,threadsafe,memory_per_worker,True,own_connection,point,False,256000,1,7,150.11,148.45,151.28,1705429,1.000,False,nan,node.jsonl
node,threadsafe,memory_per_worker,True,own_connection,point,False,256000,16,7,79.36,77.40,82.09,3225683,1.891,False,nan,node.jsonl
node,threadsafe,memory_per_worker,True,own_connection,point,False,256000,2,7,79.80,76.88,90.42,3207930,1.881,False,nan,node.jsonl
node,threadsafe,memory_per_worker,True,own_connection,point,False,256000,32,7,86.23,82.49,93.04,2968931,1.741,False,nan,node.jsonl
node,threadsafe,memory_per_worker,True,own_connection,point,False,256000,4,7,72.78,60.65,74.99,3517389,2.062,False,nan,node.jsonl
node,threadsafe,memory_per_worker,True,own_connection,point,False,256000,8,7,62.58,58.50,68.40,4090918,2.399,False,nan,node.jsonl
node,threadsafe,memory_per_worker,True,own_connection,point,True,256000,1,7,112.80,112.48,113.57,2269488,1.000,False,nan,node.jsonl
node,threadsafe,memory_per_worker,True,own_connection,point,True,256000,16,7,10.67,8.78,12.06,24002014,10.576,False,nan,node.jsonl
node,threadsafe,memory_per_worker,True,own_connection,point,True,256000,2,7,59.78,57.31,61.26,4282122,1.887,False,nan,node.jsonl
node,threadsafe,memory_per_worker,True,own_connection,point,True,256000,32,7,7.20,6.85,7.76,35548564,15.664,False,nan,node.jsonl
node,threadsafe,memory_per_worker,True,own_connection,point,True,256000,4,7,34.11,31.63,36.68,7505322,3.307,False,nan,node.jsonl
node,threadsafe,memory_per_worker,True,own_connection,point,True,256000,8,7,18.14,17.84,20.02,14110263,6.217,False,nan,node.jsonl
node,threadsafe,memory_per_worker,True,own_connection,range,False,4800,1,7,273.43,269.48,279.53,17555,1.000,False,nan,node.jsonl
node,threadsafe,memory_per_worker,True,own_connection,range,False,4800,16,7,44.15,41.33,59.25,108717,6.193,False,nan,node.jsonl
node,threadsafe,memory_per_worker,True,own_connection,range,False,4800,2,7,204.97,143.46,223.65,23418,1.334,False,nan,node.jsonl
node,threadsafe,memory_per_worker,True,own_connection,range,False,4800,32,7,41.51,35.52,42.16,115634,6.587,False,nan,node.jsonl
node,threadsafe,memory_per_worker,True,own_connection,range,False,4800,4,7,111.31,109.80,117.99,43125,2.457,False,nan,node.jsonl
node,threadsafe,memory_per_worker,True,own_connection,range,False,4800,8,7,59.68,59.04,61.37,80431,4.582,False,nan,node.jsonl
node,threadsafe,memory_per_worker,True,own_connection,range,True,4800,1,7,419.65,393.44,442.52,11438,1.000,False,nan,node.jsonl
node,threadsafe,memory_per_worker,True,own_connection,range,True,4800,16,7,55.19,47.24,58.84,86971,7.604,False,nan,node.jsonl
node,threadsafe,memory_per_worker,True,own_connection,range,True,4800,2,7,226.07,224.61,229.06,21232,1.856,False,nan,node.jsonl
node,threadsafe,memory_per_worker,True,own_connection,range,True,4800,32,7,44.02,42.81,52.03,109043,9.533,False,nan,node.jsonl
node,threadsafe,memory_per_worker,True,own_connection,range,True,4800,4,7,113.56,111.37,116.44,42268,3.695,False,nan,node.jsonl
node,threadsafe,memory_per_worker,True,own_connection,range,True,4800,8,7,67.13,58.93,82.17,71505,6.251,False,nan,node.jsonl
node,threadsafe,memory_per_worker,True,own_connection,scan,False,32,1,7,1517.84,1441.27,1813.99,21,1.000,False,nan,node.jsonl
node,threadsafe,memory_per_worker,True,own_connection,scan,False,32,16,7,3426.61,3259.14,3531.39,9,0.443,False,nan,node.jsonl
node,threadsafe,memory_per_worker,True,own_connection,scan,False,32,2,7,1967.16,1903.30,2070.92,16,0.772,False,nan,node.jsonl
node,threadsafe,memory_per_worker,True,own_connection,scan,False,32,32,7,3990.50,3977.96,4059.71,8,0.380,False,nan,node.jsonl
node,threadsafe,memory_per_worker,True,own_connection,scan,False,32,4,7,1816.95,1658.25,1854.55,18,0.835,False,nan,node.jsonl
node,threadsafe,memory_per_worker,True,own_connection,scan,False,32,8,7,2489.49,2337.39,3028.01,13,0.610,False,nan,node.jsonl
node,threadsafe,memory_per_worker,True,own_connection,sort,False,3200,1,7,534.50,533.17,540.03,5987,1.000,False,nan,node.jsonl
node,threadsafe,memory_per_worker,True,own_connection,sort,False,3200,16,7,46.02,45.14,49.47,69538,11.615,False,nan,node.jsonl
node,threadsafe,memory_per_worker,True,own_connection,sort,False,3200,2,7,270.99,268.96,282.45,11808,1.972,False,nan,node.jsonl
node,threadsafe,memory_per_worker,True,own_connection,sort,False,3200,32,7,53.50,53.00,53.93,59817,9.991,False,nan,node.jsonl
node,threadsafe,memory_per_worker,True,own_connection,sort,False,3200,4,7,146.89,143.63,156.10,21786,3.639,False,nan,node.jsonl
node,threadsafe,memory_per_worker,True,own_connection,sort,False,3200,8,7,85.08,82.22,85.43,37610,6.282,False,nan,node.jsonl
node,threadsafe,memory_per_worker,True,own_connection,sort,True,3200,1,7,544.69,536.46,573.44,5875,1.000,False,nan,node.jsonl
node,threadsafe,memory_per_worker,True,own_connection,sort,True,3200,16,7,57.32,54.67,60.18,55832,9.503,False,nan,node.jsonl
node,threadsafe,memory_per_worker,True,own_connection,sort,True,3200,2,7,279.48,276.86,292.06,11450,1.949,False,nan,node.jsonl
node,threadsafe,memory_per_worker,True,own_connection,sort,True,3200,32,7,53.64,52.68,55.44,59652,10.154,False,nan,node.jsonl
node,threadsafe,memory_per_worker,True,own_connection,sort,True,3200,4,7,148.93,146.54,151.97,21487,3.657,False,nan,node.jsonl
node,threadsafe,memory_per_worker,True,own_connection,sort,True,3200,8,7,83.94,78.64,97.56,38121,6.489,False,nan,node.jsonl
node,threadsafe,memvfs_per_worker,False,own_connection,fts,False,3200,1,7,181.12,179.39,182.87,17668,1.000,False,nan,node.jsonl
node,threadsafe,memvfs_per_worker,False,own_connection,fts,False,3200,16,7,84.10,78.34,85.48,38052,2.154,False,nan,node.jsonl
node,threadsafe,memvfs_per_worker,False,own_connection,fts,False,3200,2,7,104.11,99.95,108.11,30736,1.740,False,nan,node.jsonl
node,threadsafe,memvfs_per_worker,False,own_connection,fts,False,3200,32,7,90.74,90.20,92.64,35264,1.996,False,nan,node.jsonl
node,threadsafe,memvfs_per_worker,False,own_connection,fts,False,3200,4,7,65.11,59.14,75.19,49147,2.782,False,nan,node.jsonl
node,threadsafe,memvfs_per_worker,False,own_connection,fts,False,3200,8,7,55.82,45.30,56.33,57328,3.245,False,nan,node.jsonl
node,threadsafe,memvfs_per_worker,False,own_connection,fts,True,3200,1,7,179.30,178.93,184.28,17847,1.000,False,nan,node.jsonl
node,threadsafe,memvfs_per_worker,False,own_connection,fts,True,3200,16,7,87.90,82.97,89.57,36404,2.040,False,nan,node.jsonl
node,threadsafe,memvfs_per_worker,False,own_connection,fts,True,3200,2,7,97.23,95.47,98.63,32912,1.844,False,nan,node.jsonl
node,threadsafe,memvfs_per_worker,False,own_connection,fts,True,3200,32,7,111.44,108.87,112.22,28714,1.609,False,nan,node.jsonl
node,threadsafe,memvfs_per_worker,False,own_connection,fts,True,3200,4,7,66.17,60.66,75.45,48360,2.710,False,nan,node.jsonl
node,threadsafe,memvfs_per_worker,False,own_connection,fts,True,3200,8,7,70.27,69.24,70.93,45541,2.552,False,nan,node.jsonl
node,threadsafe,memvfs_per_worker,False,own_connection,insert,False,9600,1,7,239.37,239.26,239.88,40106,1.000,False,nan,node.jsonl
node,threadsafe,memvfs_per_worker,False,own_connection,insert,False,9600,16,7,219.39,213.52,228.66,43757,1.091,False,nan,node.jsonl
node,threadsafe,memvfs_per_worker,False,own_connection,insert,False,9600,2,7,141.64,134.56,162.93,67776,1.690,False,nan,node.jsonl
node,threadsafe,memvfs_per_worker,False,own_connection,insert,False,9600,32,7,247.30,240.35,253.31,38819,0.968,False,nan,node.jsonl
node,threadsafe,memvfs_per_worker,False,own_connection,insert,False,9600,4,7,182.24,176.64,189.42,52678,1.313,False,nan,node.jsonl
node,threadsafe,memvfs_per_worker,False,own_connection,insert,False,9600,8,7,174.53,167.51,186.21,55005,1.372,False,nan,node.jsonl
node,threadsafe,memvfs_per_worker,False,own_connection,mix,False,160000,1,7,236.34,233.10,240.75,676984,1.000,False,nan,node.jsonl
node,threadsafe,memvfs_per_worker,False,own_connection,mix,False,160000,16,7,392.59,367.58,414.91,407549,0.602,False,nan,node.jsonl
node,threadsafe,memvfs_per_worker,False,own_connection,mix,False,160000,2,7,254.87,218.01,260.06,627780,0.927,False,nan,node.jsonl
node,threadsafe,memvfs_per_worker,False,own_connection,mix,False,160000,32,7,471.04,463.77,478.64,339671,0.502,False,nan,node.jsonl
node,threadsafe,memvfs_per_worker,False,own_connection,mix,False,160000,4,7,305.61,283.20,310.66,523541,0.773,False,nan,node.jsonl
node,threadsafe,memvfs_per_worker,False,own_connection,mix,False,160000,8,7,333.99,295.32,341.61,479050,0.708,False,nan,node.jsonl
node,threadsafe,memvfs_per_worker,False,own_connection,point,False,256000,1,7,235.92,234.97,238.14,1085106,1.000,False,nan,node.jsonl
node,threadsafe,memvfs_per_worker,False,own_connection,point,False,256000,16,7,211.73,205.11,217.37,1209075,1.114,False,nan,node.jsonl
node,threadsafe,memvfs_per_worker,False,own_connection,point,False,256000,2,7,152.38,141.63,189.39,1679982,1.548,False,nan,node.jsonl
node,threadsafe,memvfs_per_worker,False,own_connection,point,False,256000,32,7,271.60,267.49,272.39,942572,0.869,False,nan,node.jsonl
node,threadsafe,memvfs_per_worker,False,own_connection,point,False,256000,4,7,168.72,167.71,171.53,1517283,1.398,False,nan,node.jsonl
node,threadsafe,memvfs_per_worker,False,own_connection,point,False,256000,8,7,184.17,178.77,188.58,1390043,1.281,False,nan,node.jsonl
node,threadsafe,memvfs_per_worker,False,own_connection,point,True,256000,1,7,125.10,124.29,126.35,2046337,1.000,False,nan,node.jsonl
node,threadsafe,memvfs_per_worker,False,own_connection,point,True,256000,16,7,12.59,10.31,14.53,20334639,9.937,False,nan,node.jsonl
node,threadsafe,memvfs_per_worker,False,own_connection,point,True,256000,2,7,68.53,63.88,68.90,3735522,1.825,False,nan,node.jsonl
node,threadsafe,memvfs_per_worker,False,own_connection,point,True,256000,32,7,9.85,9.51,10.19,25985082,12.698,False,nan,node.jsonl
node,threadsafe,memvfs_per_worker,False,own_connection,point,True,256000,4,7,34.76,33.49,34.95,7363957,3.599,False,nan,node.jsonl
node,threadsafe,memvfs_per_worker,False,own_connection,point,True,256000,8,7,21.60,20.73,23.74,11854076,5.793,False,nan,node.jsonl
node,threadsafe,memvfs_per_worker,False,own_connection,range,False,4800,1,7,270.93,268.41,274.15,17717,1.000,False,nan,node.jsonl
node,threadsafe,memvfs_per_worker,False,own_connection,range,False,4800,16,7,28.56,26.23,28.77,168083,9.487,False,nan,node.jsonl
node,threadsafe,memvfs_per_worker,False,own_connection,range,False,4800,2,7,136.70,134.93,145.98,35114,1.982,False,nan,node.jsonl
node,threadsafe,memvfs_per_worker,False,own_connection,range,False,4800,32,7,15.19,14.78,15.80,316065,17.840,False,nan,node.jsonl
node,threadsafe,memvfs_per_worker,False,own_connection,range,False,4800,4,7,75.85,74.49,83.73,63284,3.572,False,nan,node.jsonl
node,threadsafe,memvfs_per_worker,False,own_connection,range,False,4800,8,7,40.41,38.80,42.86,118789,6.705,False,nan,node.jsonl
node,threadsafe,memvfs_per_worker,False,own_connection,range,True,4800,1,7,265.94,264.21,267.72,18049,1.000,False,nan,node.jsonl
node,threadsafe,memvfs_per_worker,False,own_connection,range,True,4800,16,7,28.01,27.49,28.64,171339,9.493,False,nan,node.jsonl
node,threadsafe,memvfs_per_worker,False,own_connection,range,True,4800,2,7,132.99,132.86,133.64,36093,2.000,False,nan,node.jsonl
node,threadsafe,memvfs_per_worker,False,own_connection,range,True,4800,32,7,14.15,14.05,15.26,339155,18.790,False,nan,node.jsonl
node,threadsafe,memvfs_per_worker,False,own_connection,range,True,4800,4,7,68.39,67.34,69.28,70190,3.889,False,nan,node.jsonl
node,threadsafe,memvfs_per_worker,False,own_connection,range,True,4800,8,7,40.74,39.59,43.24,117822,6.528,False,nan,node.jsonl
node,threadsafe,memvfs_per_worker,False,own_connection,scan,False,32,1,7,1305.94,1215.00,1438.79,25,1.000,False,nan,node.jsonl
node,threadsafe,memvfs_per_worker,False,own_connection,scan,False,32,16,7,3254.41,3230.64,3439.18,10,0.401,False,nan,node.jsonl
node,threadsafe,memvfs_per_worker,False,own_connection,scan,False,32,2,7,1990.37,1770.44,2211.73,16,0.656,False,nan,node.jsonl
node,threadsafe,memvfs_per_worker,False,own_connection,scan,False,32,32,7,4075.67,4028.72,4103.46,8,0.320,False,nan,node.jsonl
node,threadsafe,memvfs_per_worker,False,own_connection,scan,False,32,4,7,2006.89,1650.51,2153.53,16,0.651,False,nan,node.jsonl
node,threadsafe,memvfs_per_worker,False,own_connection,scan,False,32,8,7,2773.43,2614.32,2912.09,12,0.471,False,nan,node.jsonl
node,threadsafe,memvfs_per_worker,False,own_connection,sort,False,3200,1,7,549.22,542.08,591.18,5826,1.000,False,nan,node.jsonl
node,threadsafe,memvfs_per_worker,False,own_connection,sort,False,3200,16,7,57.52,52.35,62.59,55630,9.548,False,nan,node.jsonl
node,threadsafe,memvfs_per_worker,False,own_connection,sort,False,3200,2,7,286.91,282.66,308.13,11153,1.914,False,nan,node.jsonl
node,threadsafe,memvfs_per_worker,False,own_connection,sort,False,3200,32,7,55.75,54.60,56.77,57404,9.852,False,nan,node.jsonl
node,threadsafe,memvfs_per_worker,False,own_connection,sort,False,3200,4,7,145.20,144.04,155.42,22038,3.782,False,nan,node.jsonl
node,threadsafe,memvfs_per_worker,False,own_connection,sort,False,3200,8,7,83.34,80.95,87.70,38397,6.590,False,nan,node.jsonl
node,threadsafe,memvfs_per_worker,False,own_connection,sort,True,3200,1,7,545.85,533.18,561.59,5862,1.000,False,nan,node.jsonl
node,threadsafe,memvfs_per_worker,False,own_connection,sort,True,3200,16,7,55.27,54.21,58.62,57901,9.877,False,nan,node.jsonl
node,threadsafe,memvfs_per_worker,False,own_connection,sort,True,3200,2,7,277.80,270.12,290.21,11519,1.965,False,nan,node.jsonl
node,threadsafe,memvfs_per_worker,False,own_connection,sort,True,3200,32,7,51.45,49.59,52.69,62198,10.610,False,nan,node.jsonl
node,threadsafe,memvfs_per_worker,False,own_connection,sort,True,3200,4,7,151.74,147.07,153.65,21089,3.597,False,nan,node.jsonl
node,threadsafe,memvfs_per_worker,False,own_connection,sort,True,3200,8,7,91.54,88.01,94.83,34957,5.963,False,nan,node.jsonl
node,threadsafe,memvfs_shared,False,one_server_worker,point,False,256000,1,7,4598.04,4590.63,4736.45,55676,1.000,False,nan,node.jsonl
node,threadsafe,memvfs_shared,False,one_server_worker,point,False,256000,16,7,1280.50,1241.27,1304.56,199922,3.591,False,nan,node.jsonl
node,threadsafe,memvfs_shared,False,one_server_worker,point,False,256000,2,7,2554.59,2292.91,2692.56,100212,1.800,False,nan,node.jsonl
node,threadsafe,memvfs_shared,False,one_server_worker,point,False,256000,32,7,1349.44,1309.64,1401.23,189708,3.407,False,nan,node.jsonl
node,threadsafe,memvfs_shared,False,one_server_worker,point,False,256000,4,7,1277.41,1263.49,1305.46,200406,3.600,False,nan,node.jsonl
node,threadsafe,memvfs_shared,False,one_server_worker,point,False,256000,8,7,1360.17,1253.21,1397.75,188212,3.380,False,nan,node.jsonl
node,threadsafe,memvfs_shared,False,one_server_worker,range,False,4800,1,7,408.28,386.74,421.92,11757,1.000,False,nan,node.jsonl
node,threadsafe,memvfs_shared,False,one_server_worker,range,False,4800,16,7,302.23,291.63,308.28,15882,1.351,False,nan,node.jsonl
node,threadsafe,memvfs_shared,False,one_server_worker,range,False,4800,2,7,300.11,299.29,305.46,15994,1.360,False,nan,node.jsonl
node,threadsafe,memvfs_shared,False,one_server_worker,range,False,4800,32,7,290.01,288.07,301.96,16551,1.408,False,nan,node.jsonl
node,threadsafe,memvfs_shared,False,one_server_worker,range,False,4800,4,7,294.95,289.84,303.51,16274,1.384,False,nan,node.jsonl
node,threadsafe,memvfs_shared,False,one_server_worker,range,False,4800,8,7,285.31,282.89,291.97,16824,1.431,False,nan,node.jsonl
node,threadsafe,memvfs_shared,False,own_connection,fts,False,3200,1,7,191.18,187.98,196.24,16738,1.000,False,nan,node.jsonl
node,threadsafe,memvfs_shared,False,own_connection,fts,False,3200,16,7,93.31,89.53,95.73,34295,2.049,False,nan,node.jsonl
node,threadsafe,memvfs_shared,False,own_connection,fts,False,3200,2,7,118.44,117.09,119.39,27018,1.614,False,nan,node.jsonl
node,threadsafe,memvfs_shared,False,own_connection,fts,False,3200,32,7,115.04,112.37,116.86,27816,1.662,False,nan,node.jsonl
node,threadsafe,memvfs_shared,False,own_connection,fts,False,3200,4,7,86.58,85.61,87.54,36961,2.208,False,nan,node.jsonl
node,threadsafe,memvfs_shared,False,own_connection,fts,False,3200,8,7,87.93,85.88,94.42,36395,2.174,False,nan,node.jsonl
node,threadsafe,memvfs_shared,False,own_connection,fts,True,3200,1,7,190.49,186.03,192.93,16799,1.000,False,nan,node.jsonl
node,threadsafe,memvfs_shared,False,own_connection,fts,True,3200,16,7,89.13,83.44,93.74,35903,2.137,False,nan,node.jsonl
node,threadsafe,memvfs_shared,False,own_connection,fts,True,3200,2,7,101.66,95.94,108.61,31478,1.874,False,nan,node.jsonl
node,threadsafe,memvfs_shared,False,own_connection,fts,True,3200,32,7,111.08,108.70,115.56,28808,1.715,False,nan,node.jsonl
node,threadsafe,memvfs_shared,False,own_connection,fts,True,3200,4,7,78.87,75.85,81.60,40572,2.415,False,nan,node.jsonl
node,threadsafe,memvfs_shared,False,own_connection,fts,True,3200,8,7,72.48,71.57,74.12,44147,2.628,False,nan,node.jsonl
node,threadsafe,memvfs_shared,False,own_connection,insert,False,9600,1,7,233.87,233.24,244.59,41048,1.000,False,nan,node.jsonl
node,threadsafe,memvfs_shared,False,own_connection,insert,False,9600,16,7,1052.11,1047.63,1153.88,9125,0.222,False,nan,node.jsonl
node,threadsafe,memvfs_shared,False,own_connection,insert,False,9600,2,7,257.88,250.04,301.57,37227,0.907,False,nan,node.jsonl
node,threadsafe,memvfs_shared,False,own_connection,insert,False,9600,32,7,2540.92,2441.71,2542.14,3778,0.092,False,nan,node.jsonl
node,threadsafe,memvfs_shared,False,own_connection,insert,False,9600,4,7,395.77,319.86,397.80,24256,0.591,False,nan,node.jsonl
node,threadsafe,memvfs_shared,False,own_connection,insert,False,9600,8,7,562.33,559.34,564.90,17072,0.416,False,nan,node.jsonl
node,threadsafe,memvfs_shared,False,own_connection,mix,False,160000,1,7,227.49,223.92,235.57,703341,1.000,False,nan,node.jsonl
node,threadsafe,memvfs_shared,False,own_connection,mix,False,160000,16,7,1206.11,945.88,1246.78,132658,0.189,False,nan,node.jsonl
node,threadsafe,memvfs_shared,False,own_connection,mix,False,160000,2,7,387.30,356.63,418.24,413118,0.587,False,nan,node.jsonl
node,threadsafe,memvfs_shared,False,own_connection,mix,False,160000,32,7,1677.86,1658.16,1952.33,95360,0.136,False,nan,node.jsonl
node,threadsafe,memvfs_shared,False,own_connection,mix,False,160000,4,7,548.75,520.73,618.15,291572,0.415,False,nan,node.jsonl
node,threadsafe,memvfs_shared,False,own_connection,mix,False,160000,8,7,877.15,810.26,1102.57,182410,0.259,False,nan,node.jsonl
node,threadsafe,memvfs_shared,False,own_connection,point,False,256000,1,7,216.31,215.94,218.85,1183505,1.000,False,nan,node.jsonl
node,threadsafe,memvfs_shared,False,own_connection,point,False,256000,16,7,303.65,293.07,317.79,843073,0.712,False,nan,node.jsonl
node,threadsafe,memvfs_shared,False,own_connection,point,False,256000,2,7,138.05,135.01,141.79,1854446,1.567,False,nan,node.jsonl
node,threadsafe,memvfs_shared,False,own_connection,point,False,256000,32,7,414.68,410.71,416.23,617348,0.522,False,nan,node.jsonl
node,threadsafe,memvfs_shared,False,own_connection,point,False,256000,4,7,164.48,160.95,203.96,1556407,1.315,False,nan,node.jsonl
node,threadsafe,memvfs_shared,False,own_connection,point,False,256000,8,7,278.90,249.84,296.51,917898,0.776,False,nan,node.jsonl
node,threadsafe,memvfs_shared,False,own_connection,point,True,256000,1,7,121.66,120.43,121.71,2104163,1.000,False,nan,node.jsonl
node,threadsafe,memvfs_shared,False,own_connection,point,True,256000,16,7,11.59,10.75,11.97,22096217,10.501,False,nan,node.jsonl
node,threadsafe,memvfs_shared,False,own_connection,point,True,256000,2,7,67.45,65.34,67.89,3795256,1.804,False,nan,node.jsonl
node,threadsafe,memvfs_shared,False,own_connection,point,True,256000,32,7,7.42,7.32,7.65,34494901,16.394,False,nan,node.jsonl
node,threadsafe,memvfs_shared,False,own_connection,point,True,256000,4,7,35.32,35.06,36.84,7248555,3.445,False,nan,node.jsonl
node,threadsafe,memvfs_shared,False,own_connection,point,True,256000,8,7,19.56,18.92,23.32,13088712,6.220,False,nan,node.jsonl
node,threadsafe,memvfs_shared,False,own_connection,range,False,4800,1,7,262.60,260.10,265.12,18279,1.000,False,nan,node.jsonl
node,threadsafe,memvfs_shared,False,own_connection,range,False,4800,16,7,26.32,19.68,27.51,182382,9.978,False,nan,node.jsonl
node,threadsafe,memvfs_shared,False,own_connection,range,False,4800,2,7,141.26,138.64,143.47,33980,1.859,False,nan,node.jsonl
node,threadsafe,memvfs_shared,False,own_connection,range,False,4800,32,7,14.45,14.42,14.87,332226,18.176,False,nan,node.jsonl
node,threadsafe,memvfs_shared,False,own_connection,range,False,4800,4,7,77.03,72.10,77.79,62317,3.409,False,nan,node.jsonl
node,threadsafe,memvfs_shared,False,own_connection,range,False,4800,8,7,41.54,39.23,43.26,115554,6.322,False,nan,node.jsonl
node,threadsafe,memvfs_shared,False,own_connection,range,True,4800,1,7,262.48,261.32,262.98,18287,1.000,False,nan,node.jsonl
node,threadsafe,memvfs_shared,False,own_connection,range,True,4800,16,7,27.52,26.85,28.78,174422,9.538,False,nan,node.jsonl
node,threadsafe,memvfs_shared,False,own_connection,range,True,4800,2,7,131.84,130.32,136.32,36409,1.991,False,nan,node.jsonl
node,threadsafe,memvfs_shared,False,own_connection,range,True,4800,32,7,14.59,14.05,15.10,329057,17.994,False,nan,node.jsonl
node,threadsafe,memvfs_shared,False,own_connection,range,True,4800,4,7,77.06,75.91,81.38,62285,3.406,False,nan,node.jsonl
node,threadsafe,memvfs_shared,False,own_connection,range,True,4800,8,7,39.99,38.88,43.60,120033,6.564,False,nan,node.jsonl
node,threadsafe,memvfs_shared,False,own_connection,scan,False,32,1,7,1073.68,1067.32,1098.10,30,1.000,False,nan,node.jsonl
node,threadsafe,memvfs_shared,False,own_connection,scan,False,32,16,7,3406.27,3288.44,3539.25,9,0.315,False,nan,node.jsonl
node,threadsafe,memvfs_shared,False,own_connection,scan,False,32,2,7,1558.76,1383.61,1602.23,21,0.689,False,nan,node.jsonl
node,threadsafe,memvfs_shared,False,own_connection,scan,False,32,32,7,4229.06,4073.50,4789.36,8,0.254,False,nan,node.jsonl
node,threadsafe,memvfs_shared,False,own_connection,scan,False,32,4,7,1750.56,1532.77,1800.95,18,0.613,False,nan,node.jsonl
node,threadsafe,memvfs_shared,False,own_connection,scan,False,32,8,7,2972.97,2933.24,3057.13,11,0.361,False,nan,node.jsonl
node,threadsafe,memvfs_shared,False,own_connection,sort,False,3200,1,7,537.35,532.78,543.47,5955,1.000,False,nan,node.jsonl
node,threadsafe,memvfs_shared,False,own_connection,sort,False,3200,16,7,99.34,96.55,124.19,32214,5.409,False,nan,node.jsonl
node,threadsafe,memvfs_shared,False,own_connection,sort,False,3200,2,7,277.99,270.80,281.82,11511,1.933,False,nan,node.jsonl
node,threadsafe,memvfs_shared,False,own_connection,sort,False,3200,32,7,72.16,70.55,74.18,44347,7.447,False,nan,node.jsonl
node,threadsafe,memvfs_shared,False,own_connection,sort,False,3200,4,7,146.77,141.95,148.43,21803,3.661,False,nan,node.jsonl
node,threadsafe,memvfs_shared,False,own_connection,sort,False,3200,8,7,84.32,75.58,89.79,37950,6.373,False,nan,node.jsonl
node,threadsafe,memvfs_shared,False,own_connection,sort,True,3200,1,7,542.69,533.68,551.91,5897,1.000,False,nan,node.jsonl
node,threadsafe,memvfs_shared,False,own_connection,sort,True,3200,16,7,104.76,93.11,120.82,30547,5.180,False,nan,node.jsonl
node,threadsafe,memvfs_shared,False,own_connection,sort,True,3200,2,7,271.18,269.94,279.00,11800,2.001,False,nan,node.jsonl
node,threadsafe,memvfs_shared,False,own_connection,sort,True,3200,32,7,79.09,74.12,100.23,40461,6.862,False,nan,node.jsonl
node,threadsafe,memvfs_shared,False,own_connection,sort,True,3200,4,7,141.47,138.26,146.40,22619,3.836,False,nan,node.jsonl
node,threadsafe,memvfs_shared,False,own_connection,sort,True,3200,8,7,80.42,76.15,84.10,39790,6.748,False,nan,node.jsonl
node,threadsafe,memvfs_shared,True,own_connection,fts,False,3200,1,7,206.97,194.11,265.65,15462,1.000,False,nan,node.jsonl
node,threadsafe,memvfs_shared,True,own_connection,fts,False,3200,16,7,84.07,81.59,93.63,38062,2.462,False,nan,node.jsonl
node,threadsafe,memvfs_shared,True,own_connection,fts,False,3200,2,7,120.67,118.25,126.76,26519,1.715,False,nan,node.jsonl
node,threadsafe,memvfs_shared,True,own_connection,fts,False,3200,32,7,111.29,108.03,112.80,28754,1.860,False,nan,node.jsonl
node,threadsafe,memvfs_shared,True,own_connection,fts,False,3200,4,7,90.08,86.52,93.59,35524,2.298,False,nan,node.jsonl
node,threadsafe,memvfs_shared,True,own_connection,fts,False,3200,8,7,71.30,59.91,76.93,44881,2.903,False,nan,node.jsonl
node,threadsafe,memvfs_shared,True,own_connection,fts,True,3200,1,7,177.15,176.19,189.79,18064,1.000,False,nan,node.jsonl
node,threadsafe,memvfs_shared,True,own_connection,fts,True,3200,16,7,82.66,76.51,95.15,38711,2.143,False,nan,node.jsonl
node,threadsafe,memvfs_shared,True,own_connection,fts,True,3200,2,7,101.81,92.65,114.63,31431,1.740,False,nan,node.jsonl
node,threadsafe,memvfs_shared,True,own_connection,fts,True,3200,32,7,100.31,99.23,107.07,31901,1.766,False,nan,node.jsonl
node,threadsafe,memvfs_shared,True,own_connection,fts,True,3200,4,7,66.24,55.88,69.60,48307,2.674,False,nan,node.jsonl
node,threadsafe,memvfs_shared,True,own_connection,fts,True,3200,8,7,56.73,50.57,69.46,56412,3.123,False,nan,node.jsonl
node,threadsafe,memvfs_shared,True,own_connection,insert,False,9600,1,7,228.10,223.64,231.72,42087,1.000,False,nan,node.jsonl
node,threadsafe,memvfs_shared,True,own_connection,insert,False,9600,16,7,1047.82,1046.34,1048.48,9162,0.218,False,nan,node.jsonl
node,threadsafe,memvfs_shared,True,own_connection,insert,False,9600,2,7,243.76,241.22,257.48,39382,0.936,False,nan,node.jsonl
node,threadsafe,memvfs_shared,True,own_connection,insert,False,9600,32,7,2541.45,2440.81,2542.53,3777,0.090,False,nan,node.jsonl
node,threadsafe,memvfs_shared,True,own_connection,insert,False,9600,4,7,388.92,387.12,394.65,24683,0.586,False,nan,node.jsonl
node,threadsafe,memvfs_shared,True,own_connection,insert,False,9600,8,7,462.07,460.28,557.15,20776,0.494,False,nan,node.jsonl
node,threadsafe,memvfs_shared,True,own_connection,mix,False,160000,1,7,220.93,210.74,232.79,724228,1.000,False,nan,node.jsonl
node,threadsafe,memvfs_shared,True,own_connection,mix,False,160000,16,7,1107.24,1020.47,1274.09,144503,0.200,False,nan,node.jsonl
node,threadsafe,memvfs_shared,True,own_connection,mix,False,160000,2,7,380.59,275.08,383.28,420403,0.580,False,nan,node.jsonl
node,threadsafe,memvfs_shared,True,own_connection,mix,False,160000,32,7,1594.35,1403.41,1746.69,100354,0.139,False,nan,node.jsonl
node,threadsafe,memvfs_shared,True,own_connection,mix,False,160000,4,7,561.41,406.21,636.82,284997,0.394,False,nan,node.jsonl
node,threadsafe,memvfs_shared,True,own_connection,mix,False,160000,8,7,774.76,721.74,795.88,206515,0.285,False,nan,node.jsonl
node,threadsafe,memvfs_shared,True,own_connection,point,False,256000,1,7,479.18,450.25,492.72,534249,1.000,False,nan,node.jsonl
node,threadsafe,memvfs_shared,True,own_connection,point,False,256000,16,7,392.29,379.30,398.26,652579,1.221,False,nan,node.jsonl
node,threadsafe,memvfs_shared,True,own_connection,point,False,256000,2,7,278.58,276.02,279.15,918948,1.720,False,nan,node.jsonl
node,threadsafe,memvfs_shared,True,own_connection,point,False,256000,32,7,424.60,418.26,433.23,602921,1.129,False,nan,node.jsonl
node,threadsafe,memvfs_shared,True,own_connection,point,False,256000,4,7,324.28,298.65,339.62,789451,1.478,False,nan,node.jsonl
node,threadsafe,memvfs_shared,True,own_connection,point,False,256000,8,7,418.08,377.56,420.44,612321,1.146,False,nan,node.jsonl
node,threadsafe,memvfs_shared,True,own_connection,point,True,256000,1,7,115.81,115.60,116.09,2210497,1.000,False,nan,node.jsonl
node,threadsafe,memvfs_shared,True,own_connection,point,True,256000,16,7,13.61,13.00,13.70,18814275,8.511,False,nan,node.jsonl
node,threadsafe,memvfs_shared,True,own_connection,point,True,256000,2,7,57.82,57.74,57.91,4427659,2.003,False,nan,node.jsonl
node,threadsafe,memvfs_shared,True,own_connection,point,True,256000,32,7,9.17,8.65,9.57,27908442,12.625,False,nan,node.jsonl
node,threadsafe,memvfs_shared,True,own_connection,point,True,256000,4,7,29.32,29.05,33.91,8730349,3.949,False,nan,node.jsonl
node,threadsafe,memvfs_shared,True,own_connection,point,True,256000,8,7,22.37,19.29,25.37,11442090,5.176,False,nan,node.jsonl
node,threadsafe,memvfs_shared,True,own_connection,range,False,4800,1,7,272.61,271.00,275.25,17608,1.000,False,nan,node.jsonl
node,threadsafe,memvfs_shared,True,own_connection,range,False,4800,16,7,32.05,30.36,34.99,149766,8.506,False,nan,node.jsonl
node,threadsafe,memvfs_shared,True,own_connection,range,False,4800,2,7,141.86,139.80,143.27,33835,1.922,False,nan,node.jsonl
node,threadsafe,memvfs_shared,True,own_connection,range,False,4800,32,7,28.35,26.02,29.60,169319,9.616,False,nan,node.jsonl
node,threadsafe,memvfs_shared,True,own_connection,range,False,4800,4,7,74.65,73.83,104.53,64297,3.652,False,nan,node.jsonl
node,threadsafe,memvfs_shared,True,own_connection,range,False,4800,8,7,61.27,59.17,85.79,78337,4.449,False,nan,node.jsonl
node,threadsafe,memvfs_shared,True,own_connection,range,True,4800,1,7,272.38,271.26,275.80,17622,1.000,False,nan,node.jsonl
node,threadsafe,memvfs_shared,True,own_connection,range,True,4800,16,7,27.45,25.80,27.98,174842,9.922,False,nan,node.jsonl
node,threadsafe,memvfs_shared,True,own_connection,range,True,4800,2,7,138.67,135.85,144.73,34615,1.964,False,nan,node.jsonl
node,threadsafe,memvfs_shared,True,own_connection,range,True,4800,32,7,15.19,14.86,16.36,315907,17.927,False,nan,node.jsonl
node,threadsafe,memvfs_shared,True,own_connection,range,True,4800,4,7,72.24,71.88,79.15,66447,3.771,False,nan,node.jsonl
node,threadsafe,memvfs_shared,True,own_connection,range,True,4800,8,7,41.85,41.33,46.45,114702,6.509,False,nan,node.jsonl
node,threadsafe,memvfs_shared,True,own_connection,scan,False,32,1,7,2682.71,1975.35,2902.98,12,1.000,False,nan,node.jsonl
node,threadsafe,memvfs_shared,True,own_connection,scan,False,32,16,7,3462.05,3393.94,3488.47,9,0.775,False,nan,node.jsonl
node,threadsafe,memvfs_shared,True,own_connection,scan,False,32,2,7,3071.93,2950.74,3124.87,10,0.873,False,nan,node.jsonl
node,threadsafe,memvfs_shared,True,own_connection,scan,False,32,32,7,4040.37,4013.68,4227.11,8,0.664,False,nan,node.jsonl
node,threadsafe,memvfs_shared,True,own_connection,scan,False,32,4,7,1761.11,1626.86,1889.50,18,1.523,False,nan,node.jsonl
node,threadsafe,memvfs_shared,True,own_connection,scan,False,32,8,7,3176.18,3130.72,3390.87,10,0.845,False,nan,node.jsonl
node,threadsafe,memvfs_shared,True,own_connection,sort,False,3200,1,7,528.98,527.13,535.57,6049,1.000,False,nan,node.jsonl
node,threadsafe,memvfs_shared,True,own_connection,sort,False,3200,16,7,56.30,55.40,58.31,56840,9.396,False,nan,node.jsonl
node,threadsafe,memvfs_shared,True,own_connection,sort,False,3200,2,7,279.88,271.50,282.05,11433,1.890,False,nan,node.jsonl
node,threadsafe,memvfs_shared,True,own_connection,sort,False,3200,32,7,63.83,62.06,65.60,50136,8.288,False,nan,node.jsonl
node,threadsafe,memvfs_shared,True,own_connection,sort,False,3200,4,7,151.18,144.00,155.65,21167,3.499,False,nan,node.jsonl
node,threadsafe,memvfs_shared,True,own_connection,sort,False,3200,8,7,97.38,91.52,104.54,32860,5.432,False,nan,node.jsonl
node,threadsafe,memvfs_shared,True,own_connection,sort,True,3200,1,7,552.01,529.63,562.48,5797,1.000,False,nan,node.jsonl
node,threadsafe,memvfs_shared,True,own_connection,sort,True,3200,16,7,47.72,44.30,50.86,67057,11.568,False,nan,node.jsonl
node,threadsafe,memvfs_shared,True,own_connection,sort,True,3200,2,7,272.76,269.46,277.16,11732,2.024,False,nan,node.jsonl
node,threadsafe,memvfs_shared,True,own_connection,sort,True,3200,32,7,61.45,61.03,62.84,52077,8.983,False,nan,node.jsonl
node,threadsafe,memvfs_shared,True,own_connection,sort,True,3200,4,7,142.34,141.44,145.13,22481,3.878,False,nan,node.jsonl
node,threadsafe,memvfs_shared,True,own_connection,sort,True,3200,8,7,76.57,74.59,81.79,41793,7.209,False,nan,node.jsonl
node,threadsafe-nomemstatus,memory_per_worker,False,own_connection,fts,False,3200,1,7,175.09,174.36,175.83,18276,1.000,False,24.0,node-threadsafe-nomemstatus.jsonl
node,threadsafe-nomemstatus,memory_per_worker,False,own_connection,fts,False,3200,16,7,72.61,68.75,77.87,44070,2.411,False,23.4,node-threadsafe-nomemstatus.jsonl
node,threadsafe-nomemstatus,memory_per_worker,False,own_connection,fts,False,3200,2,7,99.75,97.65,102.60,32080,1.755,False,24.0,node-threadsafe-nomemstatus.jsonl
node,threadsafe-nomemstatus,memory_per_worker,False,own_connection,fts,False,3200,32,7,105.22,103.93,111.70,30411,1.664,False,23.4,node-threadsafe-nomemstatus.jsonl
node,threadsafe-nomemstatus,memory_per_worker,False,own_connection,fts,False,3200,4,7,58.61,55.29,59.44,54600,2.988,False,24.0,node-threadsafe-nomemstatus.jsonl
node,threadsafe-nomemstatus,memory_per_worker,False,own_connection,fts,False,3200,8,7,40.07,39.20,42.47,79858,4.369,False,24.0,node-threadsafe-nomemstatus.jsonl
node,threadsafe-nomemstatus,memory_per_worker,False,own_connection,fts,True,3200,1,7,174.34,174.05,175.80,18355,1.000,False,23.4,node-threadsafe-nomemstatus.jsonl
node,threadsafe-nomemstatus,memory_per_worker,False,own_connection,fts,True,3200,16,7,71.07,68.76,72.54,45024,2.453,False,23.4,node-threadsafe-nomemstatus.jsonl
node,threadsafe-nomemstatus,memory_per_worker,False,own_connection,fts,True,3200,2,7,93.39,92.05,97.48,34264,1.867,False,23.4,node-threadsafe-nomemstatus.jsonl
node,threadsafe-nomemstatus,memory_per_worker,False,own_connection,fts,True,3200,32,7,105.83,101.15,108.73,30236,1.647,False,24.0,node-threadsafe-nomemstatus.jsonl
node,threadsafe-nomemstatus,memory_per_worker,False,own_connection,fts,True,3200,4,7,53.43,53.16,54.85,59893,3.263,False,23.4,node-threadsafe-nomemstatus.jsonl
node,threadsafe-nomemstatus,memory_per_worker,False,own_connection,fts,True,3200,8,7,40.63,39.74,43.77,78762,4.291,False,23.4,node-threadsafe-nomemstatus.jsonl
node,threadsafe-nomemstatus,memory_per_worker,False,own_connection,insert,False,9600,1,7,194.43,193.62,195.89,49376,1.000,False,24.0,node-threadsafe-nomemstatus.jsonl
node,threadsafe-nomemstatus,memory_per_worker,False,own_connection,insert,False,9600,16,7,122.75,115.79,126.01,78208,1.584,False,24.0,node-threadsafe-nomemstatus.jsonl
node,threadsafe-nomemstatus,memory_per_worker,False,own_connection,insert,False,9600,2,7,107.80,101.67,121.10,89055,1.804,False,24.0,node-threadsafe-nomemstatus.jsonl
node,threadsafe-nomemstatus,memory_per_worker,False,own_connection,insert,False,9600,32,7,198.91,186.76,203.47,48262,0.977,False,23.8,node-threadsafe-nomemstatus.jsonl
node,threadsafe-nomemstatus,memory_per_worker,False,own_connection,insert,False,9600,4,7,70.86,67.82,72.27,135475,2.744,False,24.0,node-threadsafe-nomemstatus.jsonl
node,threadsafe-nomemstatus,memory_per_worker,False,own_connection,insert,False,9600,8,7,68.37,58.67,70.51,140418,2.844,False,24.0,node-threadsafe-nomemstatus.jsonl
node,threadsafe-nomemstatus,memory_per_worker,False,own_connection,mix,False,160000,1,7,119.32,118.36,121.91,1340923,1.000,False,23.8,node-threadsafe-nomemstatus.jsonl
node,threadsafe-nomemstatus,memory_per_worker,False,own_connection,mix,False,160000,16,7,177.40,172.07,188.96,901901,0.673,False,23.1,node-threadsafe-nomemstatus.jsonl
node,threadsafe-nomemstatus,memory_per_worker,False,own_connection,mix,False,160000,2,7,94.49,74.30,109.78,1693301,1.263,False,23.8,node-threadsafe-nomemstatus.jsonl
node,threadsafe-nomemstatus,memory_per_worker,False,own_connection,mix,False,160000,32,7,276.93,275.13,286.39,577768,0.431,False,23.1,node-threadsafe-nomemstatus.jsonl
node,threadsafe-nomemstatus,memory_per_worker,False,own_connection,mix,False,160000,4,7,64.91,58.26,84.12,2464927,1.838,False,23.8,node-threadsafe-nomemstatus.jsonl
node,threadsafe-nomemstatus,memory_per_worker,False,own_connection,mix,False,160000,8,7,116.33,110.16,119.68,1375449,1.026,False,23.8,node-threadsafe-nomemstatus.jsonl
node,threadsafe-nomemstatus,memory_per_worker,False,own_connection,point,False,256000,1,7,154.72,154.46,154.92,1654592,1.000,False,19.5,node-threadsafe-nomemstatus.jsonl
node,threadsafe-nomemstatus,memory_per_worker,False,own_connection,point,False,256000,16,7,75.80,62.99,82.06,3377122,2.041,False,19.5,node-threadsafe-nomemstatus.jsonl
node,threadsafe-nomemstatus,memory_per_worker,False,own_connection,point,False,256000,2,7,88.19,85.62,110.52,2902721,1.754,False,19.5,node-threadsafe-nomemstatus.jsonl
node,threadsafe-nomemstatus,memory_per_worker,False,own_connection,point,False,256000,32,7,81.76,77.89,84.10,3131012,1.892,False,19.5,node-threadsafe-nomemstatus.jsonl
node,threadsafe-nomemstatus,memory_per_worker,False,own_connection,point,False,256000,4,7,81.22,71.50,90.97,3151896,1.905,False,19.5,node-threadsafe-nomemstatus.jsonl
node,threadsafe-nomemstatus,memory_per_worker,False,own_connection,point,False,256000,8,7,57.34,53.27,58.80,4464856,2.698,False,19.5,node-threadsafe-nomemstatus.jsonl
node,threadsafe-nomemstatus,memory_per_worker,False,own_connection,point,True,256000,1,7,127.42,124.54,144.91,2009097,1.000,False,19.8,node-threadsafe-nomemstatus.jsonl
node,threadsafe-nomemstatus,memory_per_worker,False,own_connection,point,True,256000,16,7,14.56,14.04,15.46,17585001,8.753,False,19.8,node-threadsafe-nomemstatus.jsonl
node,threadsafe-nomemstatus,memory_per_worker,False,own_connection,point,True,256000,2,7,75.74,74.66,79.35,3380159,1.682,False,19.8,node-threadsafe-nomemstatus.jsonl
node,threadsafe-nomemstatus,memory_per_worker,False,own_connection,point,True,256000,32,7,9.25,9.08,9.59,27688099,13.781,False,19.8,node-threadsafe-nomemstatus.jsonl
node,threadsafe-nomemstatus,memory_per_worker,False,own_connection,point,True,256000,4,7,42.85,38.76,44.51,5974179,2.974,False,19.8,node-threadsafe-nomemstatus.jsonl
node,threadsafe-nomemstatus,memory_per_worker,False,own_connection,point,True,256000,8,7,23.18,22.03,24.15,11042291,5.496,False,19.8,node-threadsafe-nomemstatus.jsonl
node,threadsafe-nomemstatus,memory_per_worker,False,own_connection,range,False,4800,1,7,280.60,273.46,293.81,17106,1.000,False,19.8,node-threadsafe-nomemstatus.jsonl
node,threadsafe-nomemstatus,memory_per_worker,False,own_connection,range,False,4800,16,7,21.83,20.78,24.84,219838,12.852,False,20.0,node-threadsafe-nomemstatus.jsonl
node,threadsafe-nomemstatus,memory_per_worker,False,own_connection,range,False,4800,2,7,139.97,136.67,146.15,34294,2.005,False,19.8,node-threadsafe-nomemstatus.jsonl
node,threadsafe-nomemstatus,memory_per_worker,False,own_connection,range,False,4800,32,7,15.13,14.21,16.53,317268,18.547,False,20.0,node-threadsafe-nomemstatus.jsonl
node,threadsafe-nomemstatus,memory_per_worker,False,own_connection,range,False,4800,4,7,75.33,73.04,76.93,63722,3.725,False,20.0,node-threadsafe-nomemstatus.jsonl
node,threadsafe-nomemstatus,memory_per_worker,False,own_connection,range,False,4800,8,7,39.43,37.53,39.93,121731,7.116,False,20.0,node-threadsafe-nomemstatus.jsonl
node,threadsafe-nomemstatus,memory_per_worker,False,own_connection,range,True,4800,1,7,280.79,271.99,296.47,17094,1.000,False,20.0,node-threadsafe-nomemstatus.jsonl
node,threadsafe-nomemstatus,memory_per_worker,False,own_connection,range,True,4800,16,7,25.61,22.12,26.95,187458,10.966,False,19.4,node-threadsafe-nomemstatus.jsonl
node,threadsafe-nomemstatus,memory_per_worker,False,own_connection,range,True,4800,2,7,144.37,141.82,151.47,33248,1.945,False,20.0,node-threadsafe-nomemstatus.jsonl
node,threadsafe-nomemstatus,memory_per_worker,False,own_connection,range,True,4800,32,7,14.43,14.05,14.61,332625,19.458,False,19.4,node-threadsafe-nomemstatus.jsonl
node,threadsafe-nomemstatus,memory_per_worker,False,own_connection,range,True,4800,4,7,72.34,68.52,75.19,66351,3.881,False,19.4,node-threadsafe-nomemstatus.jsonl
node,threadsafe-nomemstatus,memory_per_worker,False,own_connection,range,True,4800,8,7,38.63,37.25,41.83,124257,7.269,False,19.4,node-threadsafe-nomemstatus.jsonl
node,threadsafe-nomemstatus,memory_per_worker,False,own_connection,scan,False,32,1,7,1355.23,1261.32,1453.13,24,1.000,False,21.3,node-threadsafe-nomemstatus.jsonl
node,threadsafe-nomemstatus,memory_per_worker,False,own_connection,scan,False,32,16,7,3698.19,3451.57,3754.77,9,0.366,False,19.7,node-threadsafe-nomemstatus.jsonl
node,threadsafe-nomemstatus,memory_per_worker,False,own_connection,scan,False,32,2,7,951.58,900.99,1092.40,34,1.424,False,20.2,node-threadsafe-nomemstatus.jsonl
node,threadsafe-nomemstatus,memory_per_worker,False,own_connection,scan,False,32,32,7,5260.57,5039.64,5298.97,6,0.258,False,25.9,node-threadsafe-nomemstatus.jsonl
node,threadsafe-nomemstatus,memory_per_worker,False,own_connection,scan,False,32,4,7,1366.11,1344.28,1479.51,23,0.992,False,18.4,node-threadsafe-nomemstatus.jsonl
node,threadsafe-nomemstatus,memory_per_worker,False,own_connection,scan,False,32,8,7,2001.88,1988.92,2014.94,16,0.677,False,16.9,node-threadsafe-nomemstatus.jsonl
node,threadsafe-nomemstatus,memory_per_worker,False,own_connection,sort,False,3200,1,7,536.80,535.14,542.37,5961,1.000,False,27.6,node-threadsafe-nomemstatus.jsonl
node,threadsafe-nomemstatus,memory_per_worker,False,own_connection,sort,False,3200,16,7,52.23,46.89,53.25,61263,10.277,False,26.1,node-threadsafe-nomemstatus.jsonl
node,threadsafe-nomemstatus,memory_per_worker,False,own_connection,sort,False,3200,2,7,268.80,267.24,269.69,11905,1.997,False,27.6,node-threadsafe-nomemstatus.jsonl
node,threadsafe-nomemstatus,memory_per_worker,False,own_connection,sort,False,3200,32,7,41.00,40.37,44.74,78043,13.092,False,26.1,node-threadsafe-nomemstatus.jsonl
node,threadsafe-nomemstatus,memory_per_worker,False,own_connection,sort,False,3200,4,7,153.32,141.06,163.00,20872,3.501,False,26.1,node-threadsafe-nomemstatus.jsonl
node,threadsafe-nomemstatus,memory_per_worker,False,own_connection,sort,False,3200,8,7,80.79,78.01,84.67,39610,6.644,False,26.1,node-threadsafe-nomemstatus.jsonl
node,threadsafe-nomemstatus,memory_per_worker,False,own_connection,sort,True,3200,1,7,542.26,534.30,562.08,5901,1.000,False,25.3,node-threadsafe-nomemstatus.jsonl
node,threadsafe-nomemstatus,memory_per_worker,False,own_connection,sort,True,3200,16,7,48.19,39.48,50.33,66400,11.252,False,24.0,node-threadsafe-nomemstatus.jsonl
node,threadsafe-nomemstatus,memory_per_worker,False,own_connection,sort,True,3200,2,7,292.15,273.73,293.82,10953,1.856,False,25.3,node-threadsafe-nomemstatus.jsonl
node,threadsafe-nomemstatus,memory_per_worker,False,own_connection,sort,True,3200,32,7,42.30,41.64,42.34,75656,12.820,False,24.0,node-threadsafe-nomemstatus.jsonl
node,threadsafe-nomemstatus,memory_per_worker,False,own_connection,sort,True,3200,4,7,143.31,141.82,156.34,22329,3.784,False,24.0,node-threadsafe-nomemstatus.jsonl
node,threadsafe-nomemstatus,memory_per_worker,False,own_connection,sort,True,3200,8,7,83.90,76.73,86.33,38141,6.463,False,24.0,node-threadsafe-nomemstatus.jsonl
node,threadsafe-nomemstatus,memvfs_shared,False,one_server_worker,point,False,256000,1,7,4975.13,4702.02,5058.33,51456,1.000,False,17.4,node-threadsafe-nomemstatus.jsonl
node,threadsafe-nomemstatus,memvfs_shared,False,one_server_worker,point,False,256000,16,7,1341.66,1278.58,1429.31,190809,3.708,False,23.2,node-threadsafe-nomemstatus.jsonl
node,threadsafe-nomemstatus,memvfs_shared,False,one_server_worker,point,False,256000,2,7,2978.13,2717.00,3561.42,85960,1.671,False,25.3,node-threadsafe-nomemstatus.jsonl
node,threadsafe-nomemstatus,memvfs_shared,False,one_server_worker,point,False,256000,32,7,1332.22,1294.90,1418.16,192161,3.734,False,21.2,node-threadsafe-nomemstatus.jsonl
node,threadsafe-nomemstatus,memvfs_shared,False,one_server_worker,point,False,256000,4,7,1518.16,1470.55,1522.90,168625,3.277,False,24.7,node-threadsafe-nomemstatus.jsonl
node,threadsafe-nomemstatus,memvfs_shared,False,one_server_worker,point,False,256000,8,7,1415.17,1343.94,1438.85,180898,3.516,False,25.0,node-threadsafe-nomemstatus.jsonl
node,threadsafe-nomemstatus,memvfs_shared,False,one_server_worker,range,False,4800,1,7,414.06,397.66,418.14,11593,1.000,False,19.6,node-threadsafe-nomemstatus.jsonl
node,threadsafe-nomemstatus,memvfs_shared,False,one_server_worker,range,False,4800,16,7,294.66,293.04,304.40,16290,1.405,False,17.8,node-threadsafe-nomemstatus.jsonl
node,threadsafe-nomemstatus,memvfs_shared,False,one_server_worker,range,False,4800,2,7,318.05,308.87,327.98,15092,1.302,False,19.6,node-threadsafe-nomemstatus.jsonl
node,threadsafe-nomemstatus,memvfs_shared,False,one_server_worker,range,False,4800,32,7,305.03,300.96,314.31,15736,1.357,False,17.8,node-threadsafe-nomemstatus.jsonl
node,threadsafe-nomemstatus,memvfs_shared,False,one_server_worker,range,False,4800,4,7,295.19,293.12,314.71,16261,1.403,False,18.5,node-threadsafe-nomemstatus.jsonl
node,threadsafe-nomemstatus,memvfs_shared,False,one_server_worker,range,False,4800,8,7,305.39,298.80,313.12,15718,1.356,False,18.5,node-threadsafe-nomemstatus.jsonl
node,threadsafe-nomemstatus,memvfs_shared,False,own_connection,fts,False,3200,1,7,200.24,197.67,208.74,15981,1.000,False,29.7,node-threadsafe-nomemstatus.jsonl
node,threadsafe-nomemstatus,memvfs_shared,False,own_connection,fts,False,3200,16,7,71.50,70.48,74.78,44752,2.800,False,29.7,node-threadsafe-nomemstatus.jsonl
node,threadsafe-nomemstatus,memvfs_shared,False,own_connection,fts,False,3200,2,7,119.97,104.55,121.49,26674,1.669,False,29.7,node-threadsafe-nomemstatus.jsonl
node,threadsafe-nomemstatus,memvfs_shared,False,own_connection,fts,False,3200,32,7,109.38,104.25,112.39,29255,1.831,False,29.7,node-threadsafe-nomemstatus.jsonl
node,threadsafe-nomemstatus,memvfs_shared,False,own_connection,fts,False,3200,4,7,73.36,71.56,74.03,43619,2.729,False,29.7,node-threadsafe-nomemstatus.jsonl
node,threadsafe-nomemstatus,memvfs_shared,False,own_connection,fts,False,3200,8,7,46.93,45.15,50.34,68182,4.267,False,29.7,node-threadsafe-nomemstatus.jsonl
node,threadsafe-nomemstatus,memvfs_shared,False,own_connection,fts,True,3200,1,7,195.51,191.49,198.20,16367,1.000,False,28.2,node-threadsafe-nomemstatus.jsonl
node,threadsafe-nomemstatus,memvfs_shared,False,own_connection,fts,True,3200,16,7,73.62,72.35,76.64,43469,2.656,False,28.2,node-threadsafe-nomemstatus.jsonl
node,threadsafe-nomemstatus,memvfs_shared,False,own_connection,fts,True,3200,2,7,112.92,104.02,122.31,28338,1.731,False,28.2,node-threadsafe-nomemstatus.jsonl
node,threadsafe-nomemstatus,memvfs_shared,False,own_connection,fts,True,3200,32,7,103.59,100.26,105.97,30890,1.887,False,28.2,node-threadsafe-nomemstatus.jsonl
node,threadsafe-nomemstatus,memvfs_shared,False,own_connection,fts,True,3200,4,7,68.76,68.28,70.78,46538,2.843,False,28.2,node-threadsafe-nomemstatus.jsonl
node,threadsafe-nomemstatus,memvfs_shared,False,own_connection,fts,True,3200,8,7,44.64,43.41,45.29,71689,4.380,False,28.2,node-threadsafe-nomemstatus.jsonl
node,threadsafe-nomemstatus,memvfs_shared,False,own_connection,insert,False,9600,1,7,236.37,234.84,247.02,40615,1.000,False,26.6,node-threadsafe-nomemstatus.jsonl
node,threadsafe-nomemstatus,memvfs_shared,False,own_connection,insert,False,9600,16,7,1145.00,1050.40,1148.92,8384,0.206,False,23.7,node-threadsafe-nomemstatus.jsonl
node,threadsafe-nomemstatus,memvfs_shared,False,own_connection,insert,False,9600,2,7,252.44,246.31,257.64,38028,0.936,False,26.6,node-threadsafe-nomemstatus.jsonl
node,threadsafe-nomemstatus,memvfs_shared,False,own_connection,insert,False,9600,32,7,2542.45,2541.74,2542.86,3776,0.093,False,22.6,node-threadsafe-nomemstatus.jsonl
node,threadsafe-nomemstatus,memvfs_shared,False,own_connection,insert,False,9600,4,7,392.22,389.66,392.93,24476,0.603,False,25.3,node-threadsafe-nomemstatus.jsonl
node,threadsafe-nomemstatus,memvfs_shared,False,own_connection,insert,False,9600,8,7,563.57,558.90,566.19,17034,0.419,False,25.3,node-threadsafe-nomemstatus.jsonl
node,threadsafe-nomemstatus,memvfs_shared,False,own_connection,mix,False,160000,1,7,239.68,234.30,255.37,667563,1.000,False,20.1,node-threadsafe-nomemstatus.jsonl
node,threadsafe-nomemstatus,memvfs_shared,False,own_connection,mix,False,160000,16,7,1151.24,1015.71,1190.81,138980,0.208,False,17.3,node-threadsafe-nomemstatus.jsonl
node,threadsafe-nomemstatus,memvfs_shared,False,own_connection,mix,False,160000,2,7,382.19,306.12,390.45,418635,0.627,False,20.1,node-threadsafe-nomemstatus.jsonl
node,threadsafe-nomemstatus,memvfs_shared,False,own_connection,mix,False,160000,32,7,1469.42,1372.73,1802.72,108886,0.163,False,16.1,node-threadsafe-nomemstatus.jsonl
node,threadsafe-nomemstatus,memvfs_shared,False,own_connection,mix,False,160000,4,7,560.28,511.56,669.32,285569,0.428,False,19.3,node-threadsafe-nomemstatus.jsonl
node,threadsafe-nomemstatus,memvfs_shared,False,own_connection,mix,False,160000,8,7,717.94,653.18,801.30,222861,0.334,False,18.6,node-threadsafe-nomemstatus.jsonl
node,threadsafe-nomemstatus,memvfs_shared,False,own_connection,point,False,256000,1,7,233.02,226.72,250.49,1098622,1.000,False,17.8,node-threadsafe-nomemstatus.jsonl
node,threadsafe-nomemstatus,memvfs_shared,False,own_connection,point,False,256000,16,7,349.34,327.59,361.40,732818,0.667,False,16.7,node-threadsafe-nomemstatus.jsonl
node,threadsafe-nomemstatus,memvfs_shared,False,own_connection,point,False,256000,2,7,174.28,154.07,218.96,1468896,1.337,False,17.8,node-threadsafe-nomemstatus.jsonl
node,threadsafe-nomemstatus,memvfs_shared,False,own_connection,point,False,256000,32,7,398.22,388.81,411.12,642857,0.585,False,16.7,node-threadsafe-nomemstatus.jsonl
node,threadsafe-nomemstatus,memvfs_shared,False,own_connection,point,False,256000,4,7,244.93,231.68,276.56,1045178,0.951,False,17.1,node-threadsafe-nomemstatus.jsonl
node,threadsafe-nomemstatus,memvfs_shared,False,own_connection,point,False,256000,8,7,317.50,315.68,324.15,806289,0.734,False,17.1,node-threadsafe-nomemstatus.jsonl
node,threadsafe-nomemstatus,memvfs_shared,False,own_connection,point,True,256000,1,7,126.53,125.49,131.45,2023274,1.000,False,16.4,node-threadsafe-nomemstatus.jsonl
node,threadsafe-nomemstatus,memvfs_shared,False,own_connection,point,True,256000,16,7,17.19,16.01,17.68,14893699,7.361,False,16.4,node-threadsafe-nomemstatus.jsonl
node,threadsafe-nomemstatus,memvfs_shared,False,own_connection,point,True,256000,2,7,77.66,75.26,82.23,3296559,1.629,False,16.4,node-threadsafe-nomemstatus.jsonl
node,threadsafe-nomemstatus,memvfs_shared,False,own_connection,point,True,256000,32,7,10.21,10.15,10.88,25071755,12.392,False,16.4,node-threadsafe-nomemstatus.jsonl
node,threadsafe-nomemstatus,memvfs_shared,False,own_connection,point,True,256000,4,7,40.64,38.99,47.17,6299986,3.114,False,16.4,node-threadsafe-nomemstatus.jsonl
node,threadsafe-nomemstatus,memvfs_shared,False,own_connection,point,True,256000,8,7,23.51,21.57,24.43,10888300,5.382,False,16.4,node-threadsafe-nomemstatus.jsonl
node,threadsafe-nomemstatus,memvfs_shared,False,own_connection,range,False,4800,1,7,279.69,273.04,280.84,17162,1.000,False,16.4,node-threadsafe-nomemstatus.jsonl
node,threadsafe-nomemstatus,memvfs_shared,False,own_connection,range,False,4800,16,7,27.65,26.57,28.46,173619,10.116,False,15.8,node-threadsafe-nomemstatus.jsonl
node,threadsafe-nomemstatus,memvfs_shared,False,own_connection,range,False,4800,2,7,137.98,135.07,140.59,34788,2.027,False,15.8,node-threadsafe-nomemstatus.jsonl
node,threadsafe-nomemstatus,memvfs_shared,False,own_connection,range,False,4800,32,7,14.62,14.41,14.81,328293,19.129,False,15.8,node-threadsafe-nomemstatus.jsonl
node,threadsafe-nomemstatus,memvfs_shared,False,own_connection,range,False,4800,4,7,71.91,69.98,79.95,66748,3.889,False,15.8,node-threadsafe-nomemstatus.jsonl
node,threadsafe-nomemstatus,memvfs_shared,False,own_connection,range,False,4800,8,7,42.21,39.82,42.95,113718,6.626,False,15.8,node-threadsafe-nomemstatus.jsonl
node,threadsafe-nomemstatus,memvfs_shared,False,own_connection,range,True,4800,1,7,275.85,273.59,278.64,17401,1.000,False,15.8,node-threadsafe-nomemstatus.jsonl
node,threadsafe-nomemstatus,memvfs_shared,False,own_connection,range,True,4800,16,7,27.36,27.30,27.93,175452,10.083,False,15.7,node-threadsafe-nomemstatus.jsonl
node,threadsafe-nomemstatus,memvfs_shared,False,own_connection,range,True,4800,2,7,140.60,136.17,143.68,34139,1.962,False,15.7,node-threadsafe-nomemstatus.jsonl
node,threadsafe-nomemstatus,memvfs_shared,False,own_connection,range,True,4800,32,7,15.85,15.33,17.91,302889,17.407,False,15.7,node-threadsafe-nomemstatus.jsonl
node,threadsafe-nomemstatus,memvfs_shared,False,own_connection,range,True,4800,4,7,70.77,69.48,74.01,67823,3.898,False,15.7,node-threadsafe-nomemstatus.jsonl
node,threadsafe-nomemstatus,memvfs_shared,False,own_connection,range,True,4800,8,7,36.51,35.63,42.29,131474,7.556,False,15.7,node-threadsafe-nomemstatus.jsonl
node,threadsafe-nomemstatus,memvfs_shared,False,own_connection,scan,False,32,1,7,1230.78,1090.55,1678.27,26,1.000,False,15.8,node-threadsafe-nomemstatus.jsonl
node,threadsafe-nomemstatus,memvfs_shared,False,own_connection,scan,False,32,16,7,3625.02,3577.82,3872.60,9,0.340,False,21.6,node-threadsafe-nomemstatus.jsonl
node,threadsafe-nomemstatus,memvfs_shared,False,own_connection,scan,False,32,2,7,895.21,842.23,1184.27,36,1.375,False,18.8,node-threadsafe-nomemstatus.jsonl
node,threadsafe-nomemstatus,memvfs_shared,False,own_connection,scan,False,32,32,7,5048.58,4894.74,5209.19,6,0.244,False,29.3,node-threadsafe-nomemstatus.jsonl
node,threadsafe-nomemstatus,memvfs_shared,False,own_connection,scan,False,32,4,7,902.94,845.10,1494.58,35,1.363,False,17.4,node-threadsafe-nomemstatus.jsonl
node,threadsafe-nomemstatus,memvfs_shared,False,own_connection,scan,False,32,8,7,2119.77,2011.50,2532.97,15,0.581,False,16.3,node-threadsafe-nomemstatus.jsonl
node,threadsafe-nomemstatus,memvfs_shared,False,own_connection,sort,False,3200,1,7,636.50,593.48,707.95,5027,1.000,False,33.2,node-threadsafe-nomemstatus.jsonl
node,threadsafe-nomemstatus,memvfs_shared,False,own_connection,sort,False,3200,16,7,48.32,46.57,51.10,66229,13.174,False,33.3,node-threadsafe-nomemstatus.jsonl
node,threadsafe-nomemstatus,memvfs_shared,False,own_connection,sort,False,3200,2,7,391.81,295.12,395.00,8167,1.625,False,34.1,node-threadsafe-nomemstatus.jsonl
node,threadsafe-nomemstatus,memvfs_shared,False,own_connection,sort,False,3200,32,7,41.80,39.67,43.43,76550,15.226,False,33.3,node-threadsafe-nomemstatus.jsonl
node,threadsafe-nomemstatus,memvfs_shared,False,own_connection,sort,False,3200,4,7,150.60,142.95,157.45,21248,4.226,False,34.1,node-threadsafe-nomemstatus.jsonl
node,threadsafe-nomemstatus,memvfs_shared,False,own_connection,sort,False,3200,8,7,81.36,79.46,82.92,39331,7.823,False,34.1,node-threadsafe-nomemstatus.jsonl
node,threadsafe-nomemstatus,memvfs_shared,False,own_connection,sort,True,3200,1,7,530.18,527.82,544.96,6036,1.000,False,33.3,node-threadsafe-nomemstatus.jsonl
node,threadsafe-nomemstatus,memvfs_shared,False,own_connection,sort,True,3200,16,7,48.60,45.82,52.78,65844,10.909,False,31.5,node-threadsafe-nomemstatus.jsonl
node,threadsafe-nomemstatus,memvfs_shared,False,own_connection,sort,True,3200,2,7,278.93,273.60,282.58,11473,1.901,False,31.5,node-threadsafe-nomemstatus.jsonl
node,threadsafe-nomemstatus,memvfs_shared,False,own_connection,sort,True,3200,32,7,39.79,38.93,40.57,80424,13.325,False,31.5,node-threadsafe-nomemstatus.jsonl
node,threadsafe-nomemstatus,memvfs_shared,False,own_connection,sort,True,3200,4,7,153.95,148.81,155.98,20785,3.444,False,31.5,node-threadsafe-nomemstatus.jsonl
node,threadsafe-nomemstatus,memvfs_shared,False,own_connection,sort,True,3200,8,7,80.99,76.30,82.88,39512,6.546,False,31.5,node-threadsafe-nomemstatus.jsonl
webkit,threadsafe,memvfs_per_worker,False,own_connection,fts,False,3200,1,7,172.94,164.82,175.22,18504,1.000,False,22.9,webkit-threadsafe-b.jsonl
webkit,threadsafe,memvfs_per_worker,False,own_connection,fts,False,3200,16,7,84.04,83.52,85.40,38077,2.058,False,22.9,webkit-threadsafe-b.jsonl
webkit,threadsafe,memvfs_per_worker,False,own_connection,fts,False,3200,2,7,101.30,93.90,102.58,31589,1.707,False,22.9,webkit-threadsafe-b.jsonl
webkit,threadsafe,memvfs_per_worker,False,own_connection,fts,False,3200,32,7,92.12,90.88,92.80,34737,1.877,False,22.9,webkit-threadsafe-b.jsonl
webkit,threadsafe,memvfs_per_worker,False,own_connection,fts,False,3200,4,7,65.68,60.58,68.60,48721,2.633,False,22.9,webkit-threadsafe-b.jsonl
webkit,threadsafe,memvfs_per_worker,False,own_connection,fts,False,3200,8,7,71.74,70.18,72.76,44606,2.411,False,22.9,webkit-threadsafe-b.jsonl
webkit,threadsafe,memvfs_per_worker,False,own_connection,fts,True,3200,1,7,158.36,155.18,180.02,20207,1.000,False,22.9,webkit-threadsafe-b.jsonl
webkit,threadsafe,memvfs_per_worker,False,own_connection,fts,True,3200,16,7,135.68,123.82,138.68,23585,1.167,False,21.7,webkit-threadsafe-b.jsonl
webkit,threadsafe,memvfs_per_worker,False,own_connection,fts,True,3200,2,7,140.44,139.78,144.56,22786,1.128,False,21.7,webkit-threadsafe-b.jsonl
webkit,threadsafe,memvfs_per_worker,False,own_connection,fts,True,3200,32,7,147.26,144.54,152.82,21730,1.075,False,23.9,webkit-threadsafe-b.jsonl
webkit,threadsafe,memvfs_per_worker,False,own_connection,fts,True,3200,4,7,122.52,116.50,123.36,26118,1.293,False,21.7,webkit-threadsafe-b.jsonl
webkit,threadsafe,memvfs_per_worker,False,own_connection,fts,True,3200,8,7,139.30,131.72,143.34,22972,1.137,False,21.7,webkit-threadsafe-b.jsonl
webkit,threadsafe,memvfs_per_worker,False,own_connection,insert,False,9600,1,7,234.56,233.18,235.36,40928,1.000,False,23.9,webkit-threadsafe-b.jsonl
webkit,threadsafe,memvfs_per_worker,False,own_connection,insert,False,9600,2,7,153.92,129.18,160.58,62370,1.524,False,23.9,webkit-threadsafe-b.jsonl
webkit,threadsafe,memvfs_per_worker,False,own_connection,insert,False,9600,4,7,167.74,161.56,174.64,57231,1.398,False,23.0,webkit-threadsafe-b.jsonl
webkit,threadsafe,memvfs_per_worker,False,own_connection,insert,False,9600,8,4,199.53,185.65,230.18,48113,1.176,False,23.0,webkit-threadsafe-b.jsonl
webkit,threadsafe,memvfs_per_worker,False,own_connection,point,False,256000,1,7,240.58,231.98,248.58,1064095,1.000,False,17.0,webkit-threadsafe-b.jsonl
webkit,threadsafe,memvfs_per_worker,False,own_connection,point,False,256000,16,7,240.80,237.40,246.80,1063123,0.999,False,16.8,webkit-threadsafe-b.jsonl
webkit,threadsafe,memvfs_per_worker,False,own_connection,point,False,256000,2,7,158.46,146.22,174.56,1615550,1.518,False,16.3,webkit-threadsafe-b.jsonl
webkit,threadsafe,memvfs_per_worker,False,own_connection,point,False,256000,32,7,262.44,259.48,264.90,975460,0.917,False,16.8,webkit-threadsafe-b.jsonl
webkit,threadsafe,memvfs_per_worker,False,own_connection,point,False,256000,4,7,156.58,138.92,159.54,1634946,1.536,False,16.3,webkit-threadsafe-b.jsonl
webkit,threadsafe,memvfs_per_worker,False,own_connection,point,False,256000,8,7,192.46,176.58,200.38,1330145,1.250,False,16.3,webkit-threadsafe-b.jsonl
webkit,threadsafe,memvfs_per_worker,False,own_connection,point,True,256000,1,7,137.00,130.66,139.42,1868613,1.000,False,16.8,webkit-threadsafe-b.jsonl
webkit,threadsafe,memvfs_per_worker,False,own_connection,point,True,256000,16,7,20.86,20.26,24.68,12272228,6.568,False,16.9,webkit-threadsafe-b.jsonl
webkit,threadsafe,memvfs_per_worker,False,own_connection,point,True,256000,2,7,73.20,72.44,78.48,3497270,1.872,False,16.8,webkit-threadsafe-b.jsonl
webkit,threadsafe,memvfs_per_worker,False,own_connection,point,True,256000,32,7,15.96,14.86,17.62,16040140,8.584,False,16.9,webkit-threadsafe-b.jsonl
webkit,threadsafe,memvfs_per_worker,False,own_connection,point,True,256000,4,7,48.68,44.30,57.08,5258814,2.814,False,16.9,webkit-threadsafe-b.jsonl
webkit,threadsafe,memvfs_per_worker,False,own_connection,point,True,256000,8,7,38.14,34.20,39.52,6712089,3.592,False,16.9,webkit-threadsafe-b.jsonl
webkit,threadsafe,memvfs_per_worker,False,own_connection,range,False,4800,1,7,282.10,279.28,283.94,17015,1.000,False,16.9,webkit-threadsafe-b.jsonl
webkit,threadsafe,memvfs_per_worker,False,own_connection,range,False,4800,16,7,29.30,27.48,29.94,163824,9.628,False,17.4,webkit-threadsafe-b.jsonl
webkit,threadsafe,memvfs_per_worker,False,own_connection,range,False,4800,2,7,141.46,138.26,143.50,33932,1.994,False,16.9,webkit-threadsafe-b.jsonl
webkit,threadsafe,memvfs_per_worker,False,own_connection,range,False,4800,32,7,17.30,16.58,19.20,277460,16.307,False,17.4,webkit-threadsafe-b.jsonl
webkit,threadsafe,memvfs_per_worker,False,own_connection,range,False,4800,4,7,73.42,71.42,79.26,65377,3.842,False,16.9,webkit-threadsafe-b.jsonl
webkit,threadsafe,memvfs_per_worker,False,own_connection,range,False,4800,8,7,38.96,37.92,39.88,123203,7.241,False,17.4,webkit-threadsafe-b.jsonl
webkit,threadsafe,memvfs_per_worker,False,own_connection,range,True,4800,1,7,287.38,284.04,288.60,16703,1.000,False,17.4,webkit-threadsafe-b.jsonl
webkit,threadsafe,memvfs_per_worker,False,own_connection,range,True,4800,16,7,29.36,27.50,29.46,163488,9.788,False,17.9,webkit-threadsafe-b.jsonl
webkit,threadsafe,memvfs_per_worker,False,own_connection,range,True,4800,2,7,143.16,137.94,150.78,33529,2.007,False,17.4,webkit-threadsafe-b.jsonl
webkit,threadsafe,memvfs_per_worker,False,own_connection,range,True,4800,32,7,16.96,15.62,18.84,283015,16.944,False,17.9,webkit-threadsafe-b.jsonl
webkit,threadsafe,memvfs_per_worker,False,own_connection,range,True,4800,4,7,80.60,75.50,90.32,59553,3.566,False,17.4,webkit-threadsafe-b.jsonl
webkit,threadsafe,memvfs_per_worker,False,own_connection,range,True,4800,8,7,38.68,37.78,43.16,124095,7.430,False,17.9,webkit-threadsafe-b.jsonl
webkit,threadsafe,memvfs_per_worker,False,own_connection,scan,False,32,1,7,1386.36,1369.48,1612.40,23,1.000,False,17.6,webkit-threadsafe-b.jsonl
webkit,threadsafe,memvfs_per_worker,False,own_connection,scan,False,32,16,7,3345.22,3277.20,3809.92,10,0.414,False,20.8,webkit-threadsafe-b.jsonl
webkit,threadsafe,memvfs_per_worker,False,own_connection,scan,False,32,2,7,1430.70,1384.08,1452.92,22,0.969,False,16.1,webkit-threadsafe-b.jsonl
webkit,threadsafe,memvfs_per_worker,False,own_connection,scan,False,32,32,7,3562.42,3486.16,4112.66,9,0.389,False,29.4,webkit-threadsafe-b.jsonl
webkit,threadsafe,memvfs_per_worker,False,own_connection,scan,False,32,4,7,2159.32,2021.86,2384.04,15,0.642,False,19.4,webkit-threadsafe-b.jsonl
webkit,threadsafe,memvfs_per_worker,False,own_connection,scan,False,32,8,7,2760.98,2670.76,2862.34,12,0.502,False,17.4,webkit-threadsafe-b.jsonl
webkit,threadsafe,memvfs_per_worker,False,own_connection,sort,False,3200,1,7,647.28,636.04,658.96,4944,1.000,False,28.2,webkit-threadsafe-b.jsonl
webkit,threadsafe,memvfs_per_worker,False,own_connection,sort,False,3200,16,7,63.64,56.60,64.28,50283,10.171,False,26.8,webkit-threadsafe-b.jsonl
webkit,threadsafe,memvfs_per_worker,False,own_connection,sort,False,3200,2,7,330.14,317.32,335.02,9693,1.961,False,28.2,webkit-threadsafe-b.jsonl
webkit,threadsafe,memvfs_per_worker,False,own_connection,sort,False,3200,32,7,58.82,58.00,60.22,54403,11.004,False,26.8,webkit-threadsafe-b.jsonl
webkit,threadsafe,memvfs_per_worker,False,own_connection,sort,False,3200,4,7,174.00,171.08,176.38,18391,3.720,False,26.8,webkit-threadsafe-b.jsonl
webkit,threadsafe,memvfs_per_worker,False,own_connection,sort,False,3200,8,7,95.00,92.72,96.20,33684,6.813,False,26.8,webkit-threadsafe-b.jsonl
webkit,threadsafe,memvfs_per_worker,False,own_connection,sort,True,3200,1,7,633.08,628.96,656.64,5055,1.000,False,25.2,webkit-threadsafe-b.jsonl
webkit,threadsafe,memvfs_per_worker,False,own_connection,sort,True,3200,16,7,58.90,55.18,65.70,54329,10.748,False,24.1,webkit-threadsafe-b.jsonl
webkit,threadsafe,memvfs_per_worker,False,own_connection,sort,True,3200,2,7,327.42,323.10,344.56,9773,1.934,False,24.1,webkit-threadsafe-b.jsonl
webkit,threadsafe,memvfs_per_worker,False,own_connection,sort,True,3200,32,7,57.46,56.28,57.56,55691,11.018,False,24.1,webkit-threadsafe-b.jsonl
webkit,threadsafe,memvfs_per_worker,False,own_connection,sort,True,3200,4,7,174.12,170.98,176.36,18378,3.636,False,24.1,webkit-threadsafe-b.jsonl
webkit,threadsafe,memvfs_per_worker,False,own_connection,sort,True,3200,8,7,91.90,87.98,97.92,34820,6.889,False,24.1,webkit-threadsafe-b.jsonl
webkit,threadsafe,memvfs_shared,False,one_server_worker,point,False,256000,1,7,59330.66,56876.22,60233.06,4315,1.000,False,14.1,webkit-threadsafe.jsonl
webkit,threadsafe,memvfs_shared,False,one_server_worker,point,False,256000,16,7,12139.44,11981.78,12262.66,21088,4.887,False,15.7,webkit-threadsafe.jsonl
webkit,threadsafe,memvfs_shared,False,one_server_worker,point,False,256000,2,7,28533.76,27516.84,30063.98,8972,2.079,False,13.6,webkit-threadsafe.jsonl
webkit,threadsafe,memvfs_shared,False,one_server_worker,point,False,256000,32,7,15867.26,15740.28,16173.72,16134,3.739,False,15.2,webkit-threadsafe.jsonl
webkit,threadsafe,memvfs_shared,False,one_server_worker,point,False,256000,4,7,14905.56,14436.30,15344.00,17175,3.980,False,9.0,webkit-threadsafe.jsonl
webkit,threadsafe,memvfs_shared,False,one_server_worker,point,False,256000,8,7,11797.98,11686.42,12043.30,21699,5.029,False,13.3,webkit-threadsafe.jsonl
webkit,threadsafe,memvfs_shared,False,one_server_worker,range,False,4800,1,7,1616.14,1488.98,1676.68,2970,1.000,False,14.8,webkit-threadsafe.jsonl
webkit,threadsafe,memvfs_shared,False,one_server_worker,range,False,4800,16,7,401.38,396.20,419.26,11959,4.026,False,14.8,webkit-threadsafe.jsonl
webkit,threadsafe,memvfs_shared,False,one_server_worker,range,False,4800,2,7,768.38,743.96,803.58,6247,2.103,False,16.0,webkit-threadsafe.jsonl
webkit,threadsafe,memvfs_shared,False,one_server_worker,range,False,4800,32,7,397.34,390.94,428.38,12080,4.067,False,14.8,webkit-threadsafe.jsonl
webkit,threadsafe,memvfs_shared,False,one_server_worker,range,False,4800,4,7,489.26,447.20,498.92,9811,3.303,False,15.6,webkit-threadsafe.jsonl
webkit,threadsafe,memvfs_shared,False,one_server_worker,range,False,4800,8,7,443.04,403.42,448.66,10834,3.648,False,15.3,webkit-threadsafe.jsonl
webkit,threadsafe,memvfs_shared,False,own_connection,fts,False,3200,1,7,159.80,153.40,167.58,20025,1.000,False,13.4,webkit-threadsafe.jsonl
webkit,threadsafe,memvfs_shared,False,own_connection,fts,False,3200,16,7,82.14,79.72,82.30,38958,1.945,False,13.4,webkit-threadsafe.jsonl
webkit,threadsafe,memvfs_shared,False,own_connection,fts,False,3200,2,7,90.02,86.62,96.76,35548,1.775,False,13.4,webkit-threadsafe.jsonl
webkit,threadsafe,memvfs_shared,False,own_connection,fts,False,3200,32,7,87.52,86.16,91.58,36563,1.826,False,13.4,webkit-threadsafe.jsonl
webkit,threadsafe,memvfs_shared,False,own_connection,fts,False,3200,4,7,63.50,59.62,64.20,50394,2.517,False,13.4,webkit-threadsafe.jsonl
webkit,threadsafe,memvfs_shared,False,own_connection,fts,False,3200,8,7,61.44,60.82,64.40,52083,2.601,False,13.4,webkit-threadsafe.jsonl
webkit,threadsafe,memvfs_shared,False,own_connection,fts,True,3200,1,7,157.16,154.40,164.08,20361,1.000,False,12.8,webkit-threadsafe.jsonl
webkit,threadsafe,memvfs_shared,False,own_connection,fts,True,3200,16,7,75.88,74.70,79.10,42172,2.071,False,12.8,webkit-threadsafe.jsonl
webkit,threadsafe,memvfs_shared,False,own_connection,fts,True,3200,2,7,82.98,82.36,87.90,38563,1.894,False,12.8,webkit-threadsafe.jsonl
webkit,threadsafe,memvfs_shared,False,own_connection,fts,True,3200,32,7,88.80,85.16,89.60,36036,1.770,False,12.8,webkit-threadsafe.jsonl
webkit,threadsafe,memvfs_shared,False,own_connection,fts,True,3200,4,7,49.54,44.16,56.86,64594,3.172,False,12.8,webkit-threadsafe.jsonl
webkit,threadsafe,memvfs_shared,False,own_connection,fts,True,3200,8,7,56.42,49.62,59.06,56717,2.786,False,12.8,webkit-threadsafe.jsonl
webkit,threadsafe,memvfs_shared,False,own_connection,insert,False,9600,1,7,227.62,225.68,230.16,42176,1.000,False,12.2,webkit-threadsafe.jsonl
webkit,threadsafe,memvfs_shared,False,own_connection,insert,False,9600,16,7,1049.60,1046.44,1050.76,9146,0.217,False,10.7,webkit-threadsafe.jsonl
webkit,threadsafe,memvfs_shared,False,own_connection,insert,False,9600,2,7,249.96,246.90,263.04,38406,0.911,False,12.2,webkit-threadsafe.jsonl
webkit,threadsafe,memvfs_shared,False,own_connection,insert,False,9600,32,7,2441.26,2440.82,2541.08,3932,0.093,False,9.7,webkit-threadsafe.jsonl
webkit,threadsafe,memvfs_shared,False,own_connection,insert,False,9600,4,7,393.10,390.00,399.50,24421,0.579,False,11.6,webkit-threadsafe.jsonl
webkit,threadsafe,memvfs_shared,False,own_connection,insert,False,9600,8,7,564.04,461.56,564.82,17020,0.404,False,11.6,webkit-threadsafe.jsonl
webkit,threadsafe,memvfs_shared,False,own_connection,mix,False,160000,1,7,212.08,209.08,215.58,754433,1.000,False,9.0,webkit-threadsafe.jsonl
webkit,threadsafe,memvfs_shared,False,own_connection,mix,False,160000,16,7,1068.90,953.98,1316.02,149687,0.198,False,8.5,webkit-threadsafe.jsonl
webkit,threadsafe,memvfs_shared,False,own_connection,mix,False,160000,2,7,368.40,310.02,374.44,434310,0.576,False,9.0,webkit-threadsafe.jsonl
webkit,threadsafe,memvfs_shared,False,own_connection,mix,False,160000,32,7,1346.10,1344.16,1574.82,118862,0.158,False,8.2,webkit-threadsafe.jsonl
webkit,threadsafe,memvfs_shared,False,own_connection,mix,False,160000,4,7,564.04,421.08,584.12,283668,0.376,False,8.8,webkit-threadsafe.jsonl
webkit,threadsafe,memvfs_shared,False,own_connection,mix,False,160000,8,7,730.62,681.72,757.38,218992,0.290,False,8.8,webkit-threadsafe.jsonl
webkit,threadsafe,memvfs_shared,False,own_connection,point,False,256000,1,7,253.00,233.78,260.86,1011858,1.000,False,10.8,webkit-threadsafe.jsonl
webkit,threadsafe,memvfs_shared,False,own_connection,point,False,256000,16,7,426.04,417.30,438.78,600882,0.594,False,10.6,webkit-threadsafe.jsonl
webkit,threadsafe,memvfs_shared,False,own_connection,point,False,256000,2,7,148.64,141.18,163.84,1722280,1.702,False,10.5,webkit-threadsafe.jsonl
webkit,threadsafe,memvfs_shared,False,own_connection,point,False,256000,32,7,379.30,375.08,384.30,674927,0.667,False,10.8,webkit-threadsafe.jsonl
webkit,threadsafe,memvfs_shared,False,own_connection,point,False,256000,4,7,252.30,239.54,264.34,1014664,1.003,False,10.5,webkit-threadsafe.jsonl
webkit,threadsafe,memvfs_shared,False,own_connection,point,False,256000,8,7,383.32,376.52,388.18,667849,0.660,False,10.5,webkit-threadsafe.jsonl
webkit,threadsafe,memvfs_shared,False,own_connection,point,True,256000,1,7,129.72,125.90,132.98,1973482,1.000,False,10.8,webkit-threadsafe.jsonl
webkit,threadsafe,memvfs_shared,False,own_connection,point,True,256000,16,7,13.24,11.46,13.76,19335362,9.798,False,10.8,webkit-threadsafe.jsonl
webkit,threadsafe,memvfs_shared,False,own_connection,point,True,256000,2,7,67.06,65.02,68.52,3817474,1.934,False,10.8,webkit-threadsafe.jsonl
webkit,threadsafe,memvfs_shared,False,own_connection,point,True,256000,32,7,9.22,9.06,9.64,27765815,14.069,False,10.8,webkit-threadsafe.jsonl
webkit,threadsafe,memvfs_shared,False,own_connection,point,True,256000,4,7,38.18,36.64,39.14,6705050,3.398,False,10.8,webkit-threadsafe.jsonl
webkit,threadsafe,memvfs_shared,False,own_connection,point,True,256000,8,7,23.50,19.90,25.20,10893504,5.520,False,10.8,webkit-threadsafe.jsonl
webkit,threadsafe,memvfs_shared,False,own_connection,range,False,4800,1,7,282.08,279.86,286.76,17016,1.000,False,10.5,webkit-threadsafe.jsonl
webkit,threadsafe,memvfs_shared,False,own_connection,range,False,4800,16,7,26.88,26.68,28.14,178571,10.494,False,10.5,webkit-threadsafe.jsonl
webkit,threadsafe,memvfs_shared,False,own_connection,range,False,4800,2,7,137.26,136.78,144.92,34970,2.055,False,10.5,webkit-threadsafe.jsonl
webkit,threadsafe,memvfs_shared,False,own_connection,range,False,4800,32,7,16.26,15.48,16.80,295198,17.348,False,10.5,webkit-threadsafe.jsonl
webkit,threadsafe,memvfs_shared,False,own_connection,range,False,4800,4,7,74.86,73.54,78.24,64120,3.768,False,10.5,webkit-threadsafe.jsonl
webkit,threadsafe,memvfs_shared,False,own_connection,range,False,4800,8,7,38.70,37.84,39.56,124030,7.289,False,10.5,webkit-threadsafe.jsonl
webkit,threadsafe,memvfs_shared,False,own_connection,range,True,4800,1,7,277.56,276.30,281.74,17294,1.000,False,10.7,webkit-threadsafe.jsonl
webkit,threadsafe,memvfs_shared,False,own_connection,range,True,4800,16,7,21.32,19.30,21.80,225140,13.019,False,10.7,webkit-threadsafe.jsonl
webkit,threadsafe,memvfs_shared,False,own_connection,range,True,4800,2,7,144.16,136.90,148.54,33296,1.925,False,10.7,webkit-threadsafe.jsonl
webkit,threadsafe,memvfs_shared,False,own_connection,range,True,4800,32,7,15.32,14.78,16.24,313320,18.118,False,10.7,webkit-threadsafe.jsonl
webkit,threadsafe,memvfs_shared,False,own_connection,range,True,4800,4,7,76.78,71.18,77.88,62516,3.615,False,10.7,webkit-threadsafe.jsonl
webkit,threadsafe,memvfs_shared,False,own_connection,range,True,4800,8,7,39.74,39.12,41.90,120784,6.984,False,10.7,webkit-threadsafe.jsonl
webkit,threadsafe,memvfs_shared,False,own_connection,scan,False,32,1,7,1070.94,1069.08,1076.96,30,1.000,False,10.4,webkit-threadsafe.jsonl
webkit,threadsafe,memvfs_shared,False,own_connection,scan,False,32,16,7,3185.62,3145.08,3232.90,10,0.336,False,12.8,webkit-threadsafe.jsonl
webkit,threadsafe,memvfs_shared,False,own_connection,scan,False,32,2,7,1211.72,1160.12,1305.66,26,0.884,False,13.2,webkit-threadsafe.jsonl
webkit,threadsafe,memvfs_shared,False,own_connection,scan,False,32,32,7,3359.16,3329.84,3437.40,10,0.319,False,13.4,webkit-threadsafe.jsonl
webkit,threadsafe,memvfs_shared,False,own_connection,scan,False,32,4,7,1992.94,1942.18,2049.70,16,0.537,False,12.3,webkit-threadsafe.jsonl
webkit,threadsafe,memvfs_shared,False,own_connection,scan,False,32,8,7,2743.68,2649.52,2766.56,12,0.390,False,12.3,webkit-threadsafe.jsonl
webkit,threadsafe,memvfs_shared,False,own_connection,sort,False,3200,1,7,629.94,622.00,641.22,5080,1.000,False,12.5,webkit-threadsafe.jsonl
webkit,threadsafe,memvfs_shared,False,own_connection,sort,False,3200,16,7,59.20,55.46,61.72,54054,10.641,False,12.2,webkit-threadsafe.jsonl
webkit,threadsafe,memvfs_shared,False,own_connection,sort,False,3200,2,7,328.12,322.72,342.12,9753,1.920,False,12.2,webkit-threadsafe.jsonl
webkit,threadsafe,memvfs_shared,False,own_connection,sort,False,3200,32,7,52.78,51.82,55.12,60629,11.935,False,12.2,webkit-threadsafe.jsonl
webkit,threadsafe,memvfs_shared,False,own_connection,sort,False,3200,4,7,179.60,177.26,180.02,17817,3.507,False,12.2,webkit-threadsafe.jsonl
webkit,threadsafe,memvfs_shared,False,own_connection,sort,False,3200,8,7,91.80,88.30,94.18,34858,6.862,False,12.2,webkit-threadsafe.jsonl
webkit,threadsafe,memvfs_shared,False,own_connection,sort,True,3200,1,7,632.24,614.68,639.16,5061,1.000,False,11.7,webkit-threadsafe.jsonl
webkit,threadsafe,memvfs_shared,False,own_connection,sort,True,3200,16,7,53.22,50.84,57.72,60128,11.880,False,11.3,webkit-threadsafe.jsonl
webkit,threadsafe,memvfs_shared,False,own_connection,sort,True,3200,2,7,323.96,321.48,342.22,9878,1.952,False,11.3,webkit-threadsafe.jsonl
webkit,threadsafe,memvfs_shared,False,own_connection,sort,True,3200,32,7,49.34,48.78,49.54,64856,12.814,False,13.4,webkit-threadsafe.jsonl
webkit,threadsafe,memvfs_shared,False,own_connection,sort,True,3200,4,7,169.28,168.74,176.16,18904,3.735,False,11.3,webkit-threadsafe.jsonl
webkit,threadsafe,memvfs_shared,False,own_connection,sort,True,3200,8,7,91.86,90.18,97.06,34836,6.883,False,11.3,webkit-threadsafe.jsonl
